species,cover,browse,protected,light,starting,vegetation_loss,light_loss,browse_loss,remaining,residual
sitka-spruce,0,0,False,0.08,0.5,0,0.099999994,0,0.4,0
sitka-spruce,0,0,False,0.4,0.5,0,0,0,0.5,0
sitka-spruce,0,0,False,0.8,0.5,0,0,0,0.5,0
sitka-spruce,0,0,True,0.08,0.5,0,0.099999994,0,0.4,0
sitka-spruce,0,0,True,0.4,0.5,0,0,0,0.5,0
sitka-spruce,0,0,True,0.8,0.5,0,0,0,0.5,0
sitka-spruce,0,0.8,False,0.08,0.5,0,0.099999994,0.00192001462,0.39808,0
sitka-spruce,0,0.8,False,0.4,0.5,0,0,0.00240001082,0.4976,0
sitka-spruce,0,0.8,False,0.8,0.5,0,0,0.00240001082,0.4976,0
sitka-spruce,0,0.8,True,0.08,0.5,0,0.099999994,0,0.4,0
sitka-spruce,0,0.8,True,0.4,0.5,0,0,0,0.5,0
sitka-spruce,0,0.8,True,0.8,0.5,0,0,0,0.5,0
sitka-spruce,0.9,0,False,0.08,0.5,0.1575,0.06850001,0,0.274,0
sitka-spruce,0.9,0,False,0.4,0.5,0.1575,0,0,0.3425,0
sitka-spruce,0.9,0,False,0.8,0.5,0.1575,0,0,0.3425,0
sitka-spruce,0.9,0,True,0.08,0.5,0.1575,0.06850001,0,0.274,0
sitka-spruce,0.9,0,True,0.4,0.5,0.1575,0,0,0.3425,0
sitka-spruce,0.9,0,True,0.8,0.5,0.1575,0,0,0.3425,0
sitka-spruce,0.9,0.8,False,0.08,0.5,0.1575,0.06850001,0.00131517649,0.2726848,0
sitka-spruce,0.9,0.8,False,0.4,0.5,0.1575,0,0.00164398551,0.340856016,0
sitka-spruce,0.9,0.8,False,0.8,0.5,0.1575,0,0.00164398551,0.340856016,0
sitka-spruce,0.9,0.8,True,0.08,0.5,0.1575,0.06850001,0,0.274,0
sitka-spruce,0.9,0.8,True,0.4,0.5,0.1575,0,0,0.3425,0
sitka-spruce,0.9,0.8,True,0.8,0.5,0.1575,0,0,0.3425,0
sessile-oak,0,0,False,0.08,0.5,0,0.164999992,0,0.335,0
sessile-oak,0,0,False,0.4,0.5,0,0,0,0.5,0
sessile-oak,0,0,False,0.8,0.5,0,0,0,0.5,0
sessile-oak,0,0,True,0.08,0.5,0,0.164999992,0,0.335,0
sessile-oak,0,0,True,0.4,0.5,0,0,0,0.5,0
sessile-oak,0,0,True,0.8,0.5,0,0,0,0.5,0
sessile-oak,0,0.8,False,0.08,0.5,0,0.164999992,0.0107200146,0.32428,0
sessile-oak,0,0.8,False,0.4,0.5,0,0,0.0160000026,0.484,0
sessile-oak,0,0.8,False,0.8,0.5,0,0,0.0160000026,0.484,0
sessile-oak,0,0.8,True,0.08,0.5,0,0.164999992,0,0.335,0
sessile-oak,0,0.8,True,0.4,0.5,0,0,0,0.5,0
sessile-oak,0,0.8,True,0.8,0.5,0,0,0,0.5,0
sessile-oak,0.9,0,False,0.08,0.5,0.1575,0.113024995,0,0.229475,0
sessile-oak,0.9,0,False,0.4,0.5,0.1575,0,0,0.3425,0
sessile-oak,0.9,0,False,0.8,0.5,0.1575,0,0,0.3425,0
sessile-oak,0.9,0,True,0.08,0.5,0.1575,0.113024995,0,0.229475,0
sessile-oak,0.9,0,True,0.4,0.5,0.1575,0,0,0.3425,0
sessile-oak,0.9,0,True,0.8,0.5,0.1575,0,0,0.3425,0
sessile-oak,0.9,0.8,False,0.08,0.5,0.1575,0.113024995,0.007343203,0.2221318,0
sessile-oak,0.9,0.8,False,0.4,0.5,0.1575,0,0.0109600127,0.33154,0
sessile-oak,0.9,0.8,False,0.8,0.5,0.1575,0,0.0109600127,0.33154,0
sessile-oak,0.9,0.8,True,0.08,0.5,0.1575,0.113024995,0,0.229475,0
sessile-oak,0.9,0.8,True,0.4,0.5,0.1575,0,0,0.3425,0
sessile-oak,0.9,0.8,True,0.8,0.5,0.1575,0,0,0.3425,0
beech,0,0,False,0.08,0.5,0,0,0,0.5,0
beech,0,0,False,0.4,0.5,0,0,0,0.5,0
beech,0,0,False,0.8,0.5,0,0,0,0.5,0
beech,0,0,True,0.08,0.5,0,0,0,0.5,0
beech,0,0,True,0.4,0.5,0,0,0,0.5,0
beech,0,0,True,0.8,0.5,0,0,0,0.5,0
beech,0,0.8,False,0.08,0.5,0,0,0.007999986,0.492,0
beech,0,0.8,False,0.4,0.5,0,0,0.007999986,0.492,0
beech,0,0.8,False,0.8,0.5,0,0,0.007999986,0.492,0
beech,0,0.8,True,0.08,0.5,0,0,0,0.5,0
beech,0,0.8,True,0.4,0.5,0,0,0,0.5,0
beech,0,0.8,True,0.8,0.5,0,0,0,0.5,0
beech,0.9,0,False,0.08,0.5,0.1575,0,0,0.3425,0
beech,0.9,0,False,0.4,0.5,0.1575,0,0,0.3425,0
beech,0.9,0,False,0.8,0.5,0.1575,0,0,0.3425,0
beech,0.9,0,True,0.08,0.5,0.1575,0,0,0.3425,0
beech,0.9,0,True,0.4,0.5,0.1575,0,0,0.3425,0
beech,0.9,0,True,0.8,0.5,0.1575,0,0,0.3425,0
beech,0.9,0.8,False,0.08,0.5,0.1575,0,0.00547999144,0.33702,0
beech,0.9,0.8,False,0.4,0.5,0.1575,0,0.00547999144,0.33702,0
beech,0.9,0.8,False,0.8,0.5,0.1575,0,0.00547999144,0.33702,0
beech,0.9,0.8,True,0.08,0.5,0.1575,0,0,0.3425,0
beech,0.9,0.8,True,0.4,0.5,0.1575,0,0,0.3425,0
beech,0.9,0.8,True,0.8,0.5,0.1575,0,0,0.3425,0
