run,repeat,year,natural_remaining,vegetation_loss,light_loss,browse_loss,cumulative_natural_promotions,planted_alive,planted_promoted,planted_vegetation_deaths,planted_light_deaths,planted_browse_deaths,mean_bramble,mean_bracken,clearance_removals_relative,clearance_removed_planted,clearance_count,clearance_cost_cents,planting_count,shelter_count,cash_cents,living_adults,total_basal_area_m2,world_hash
thin0-clear0,0,10,13.1850109,5.8870945,0.743162036,0.0,0.0,2.0,1.0,1.0,8.0,0.0,0.139781609,0.139781609,0.0,0.0,0.0,0.0,12.0,0.0,1193100.0,335.0,10.3229017,71FBAFBC9D2E4468
thin0-clear0,0,25,25.3733616,18.6871319,6.66441965,0.0,16.0,0.0,3.0,1.0,8.0,0.0,0.159659341,0.159659341,0.0,0.0,0.0,0.0,12.0,0.0,1193100.0,233.0,12.6946716,35496E74FD77453C
thin0-clear0,0,50,39.42356,52.32983,29.5518875,0.0,76.0,0.0,3.0,1.0,8.0,0.0,0.20123817,0.20123817,0.0,0.0,0.0,0.0,12.0,0.0,1193100.0,108.0,13.3701506,A200A1ECC4ECE44A
thin0-clear0,0,100,56.7492027,131.789581,74.17745,0.0,278.0,0.0,3.0,1.0,8.0,0.0,0.2225704,0.2225704,0.0,0.0,0.0,0.0,12.0,0.0,1193100.0,37.0,13.4541483,A717D95A1184BBBD
thin0-clear1,0,10,13.2193861,5.47103453,0.7480159,0.0,0.0,2.0,1.0,1.0,8.0,0.0,0.137550011,0.137550011,0.0,0.0,64.0,28800.0,12.0,0.0,1164300.0,335.0,10.3229017,08CDBEC3D3BFAA35
thin0-clear1,0,25,25.3825588,18.1547565,6.673314,0.0,16.0,0.0,3.0,1.0,8.0,0.0,0.15961951,0.15961951,0.0,0.0,64.0,28800.0,12.0,0.0,1164300.0,233.0,12.694788,88A69B7C164E50AC
thin0-clear1,0,50,40.4226723,52.2444534,29.5095177,0.0,75.0,0.0,3.0,1.0,8.0,0.0,0.207306415,0.207306415,0.0,0.0,64.0,28800.0,12.0,0.0,1164300.0,107.0,13.3009548,574A1FD6CAF4E3EE
thin0-clear1,0,100,58.574398,131.24968,77.31847,0.0,269.0,0.0,3.0,1.0,8.0,0.0,0.222293466,0.222293466,0.0,0.0,64.0,28800.0,12.0,0.0,1164300.0,43.0,13.7947378,F493CB136B11FAF9
thin0-clear3,0,10,8.05403,2.26875,0.423965633,0.0,0.0,0.0,0.0,0.0,7.0,0.0,0.07517832,0.07517832,11.2393188,5.0,128.0,62025.0,12.0,0.0,1131075.0,334.0,10.3204126,67A4F343DBF70344
thin0-clear3,0,25,15.3293915,10.0383539,2.91776729,0.0,0.0,0.0,0.0,0.0,7.0,0.0,0.09209584,0.09209584,55.4589348,5.0,320.0,165900.0,12.0,0.0,1027200.0,223.0,12.6102057,8E3407EDBB90B5A0
thin0-clear3,0,50,19.407526,30.5937519,9.226131,0.0,0.0,0.0,0.0,0.0,7.0,0.0,0.115460642,0.115460642,191.941391,5.0,640.0,354750.0,12.0,0.0,838350.0,90.0,12.2297153,08339A6979E29D22
thin0-clear3,0,100,26.50497,81.86193,17.3338814,0.0,0.0,0.0,0.0,0.0,7.0,0.0,0.167401031,0.167401031,553.506,5.0,1280.0,750450.0,12.0,0.0,442650.0,24.0,9.512883,2B1EBFA035DE1608
thin0-highbrowse,0,10,13.1030674,6.144659,0.739397347,0.164891168,0.0,2.0,0.0,1.0,7.0,2.0,0.140243426,0.140243426,0.0,0.0,0.0,0.0,12.0,0.0,1193100.0,334.0,10.3204126,DCAA5BC0E3E1EA1F
thin0-highbrowse,0,25,25.0957832,19.6906376,6.607272,0.6503216,16.0,0.0,2.0,1.0,7.0,2.0,0.1614315,0.1614315,0.0,0.0,0.0,0.0,12.0,0.0,1193100.0,231.0,12.6845255,716F6FDB74A75DA8
thin0-highbrowse,0,50,40.6893959,55.0794678,29.1020279,2.01973224,72.0,0.0,2.0,1.0,7.0,2.0,0.208783731,0.208783731,0.0,0.0,0.0,0.0,12.0,0.0,1193100.0,103.0,13.37542,AE5D45A8D88CE14D
thin0-highbrowse,0,100,60.3495636,138.279816,72.56096,5.514943,263.0,0.0,2.0,1.0,7.0,2.0,0.220624074,0.220624074,0.0,0.0,0.0,0.0,12.0,0.0,1193100.0,39.0,13.4962568,06352E609E406C83
thin0.2-clear0,0,10,14.7562237,5.962214,1.52807975,0.0,0.0,2.0,1.0,1.0,8.0,0.0,0.151045874,0.151045874,0.0,0.0,0.0,0.0,12.0,0.0,977047.0,270.0,8.762448,4908CA5C62F793BF
thin0.2-clear0,0,25,24.6564941,19.3481846,10.23428,0.0,17.0,0.0,3.0,1.0,8.0,0.0,0.154626355,0.154626355,0.0,0.0,0.0,0.0,12.0,0.0,977047.0,222.0,12.679635,99E0D0D6FECB83BF
thin0.2-clear0,0,50,43.0936775,54.9305344,31.1768265,0.0,79.0,0.0,3.0,1.0,8.0,0.0,0.211962625,0.211962625,0.0,0.0,0.0,0.0,12.0,0.0,977047.0,106.0,13.268877,71746D1E25713246
thin0.2-clear0,0,100,59.1026573,140.950958,70.10633,0.0,308.0,0.0,3.0,1.0,8.0,0.0,0.227105349,0.227105349,0.0,0.0,0.0,0.0,12.0,0.0,977047.0,41.0,13.6332312,E52B452352FF0337
thin0.2-clear1,0,10,14.7972374,5.60288048,1.537099,0.0,0.0,2.0,1.0,1.0,8.0,0.0,0.148741722,0.148741722,0.0,0.0,64.0,28800.0,12.0,0.0,948247.0,270.0,8.762448,269D59EF37BFF2AB
thin0.2-clear1,0,25,24.8937187,18.92373,10.2491827,0.0,16.0,0.0,3.0,1.0,8.0,0.0,0.1541705,0.1541705,0.0,0.0,64.0,28800.0,12.0,0.0,948247.0,222.0,12.6795607,FD52A365FE61D765
thin0.2-clear1,0,50,45.2197647,55.3620834,31.1311378,0.0,77.0,0.0,3.0,1.0,8.0,0.0,0.212669179,0.212669179,0.0,0.0,64.0,28800.0,12.0,0.0,948247.0,103.0,13.3881207,834BC2167C18D8D6
thin0.2-clear1,0,100,57.6489372,139.23468,76.70758,0.0,288.0,0.0,3.0,1.0,8.0,0.0,0.217415392,0.217415392,0.0,0.0,64.0,28800.0,12.0,0.0,948247.0,40.0,13.4206362,AC43BB777B8FFBCA
thin0.2-clear3,0,10,8.858241,2.19881082,0.8986168,0.0,0.0,0.0,0.0,0.0,7.0,0.0,0.08145427,0.08145427,11.6798182,5.0,128.0,63525.0,12.0,0.0,913522.0,269.0,8.759958,34A4B90E2F18A862
thin0.2-clear3,0,25,14.2825127,9.935347,4.166906,0.0,0.0,0.0,0.0,0.0,7.0,0.0,0.08987482,0.08987482,58.4417953,5.0,320.0,168675.0,12.0,0.0,808372.0,208.0,12.4359865,20D3425081D9B11D
thin0.2-clear3,0,50,20.7334423,30.1723061,10.3131294,0.0,0.0,0.0,0.0,0.0,7.0,0.0,0.118436746,0.118436746,195.534042,5.0,640.0,357675.0,12.0,0.0,619372.0,84.0,11.8097172,C38F531E517B86AE
thin0.2-clear3,0,100,25.37997,81.55536,18.5918026,0.0,0.0,0.0,0.0,0.0,7.0,0.0,0.16666165,0.16666165,557.110962,5.0,1280.0,755175.0,12.0,0.0,221872.0,24.0,9.621494,E59568D66C186C39
thin0.2-highbrowse,0,10,14.6557026,6.1707,1.52008915,0.183940887,0.0,2.0,0.0,1.0,7.0,2.0,0.151500791,0.151500791,0.0,0.0,0.0,0.0,12.0,0.0,977047.0,269.0,8.759958,0CE487B19BBBA2DF
thin0.2-highbrowse,0,25,24.6797466,20.570879,10.1184139,0.7421607,15.0,0.0,2.0,1.0,7.0,2.0,0.159276009,0.159276009,0.0,0.0,0.0,0.0,12.0,0.0,977047.0,221.0,12.6745424,227FE48E0AF7D99C
thin0.2-highbrowse,0,50,46.50858,59.9153366,29.182312,2.29604077,70.0,0.0,2.0,1.0,7.0,2.0,0.206902087,0.206902087,0.0,0.0,0.0,0.0,12.0,0.0,977047.0,100.0,13.2531843,E51CE610BB20DE4B
thin0.2-highbrowse,0,100,50.1638222,144.497055,76.84327,5.659496,283.0,0.0,2.0,1.0,7.0,2.0,0.222390547,0.222390547,0.0,0.0,0.0,0.0,12.0,0.0,977047.0,43.0,13.7076721,BBBD5F86C5133AF7
thin0.4-clear0,0,10,25.7992516,10.9569607,1.29077578,0.0,0.0,3.0,3.0,0.0,6.0,0.0,0.211609051,0.211609051,0.0,0.0,0.0,0.0,12.0,0.0,1014083.0,205.0,6.75897,07F528FBFB6A5500
thin0.4-clear0,0,25,32.76818,32.5442047,9.249206,0.0,33.0,0.0,6.0,0.0,6.0,0.0,0.168488592,0.168488592,0.0,0.0,0.0,0.0,12.0,0.0,1014083.0,227.0,11.6766062,687133FFC38B60F7
thin0.4-clear0,0,50,43.5600433,64.9846344,33.838192,0.0,91.0,0.0,6.0,0.0,6.0,0.0,0.19124268,0.19124268,0.0,0.0,0.0,0.0,12.0,0.0,1014083.0,110.0,13.43629,6C10D317A5E9A98A
thin0.4-clear0,0,100,52.242430507899996,137.92226471325,87.37243,0.0,262.0,0.0,6.0,0.0,6.0,0.0,0.205695376,0.205695376,0.0,0.0,0.0,0.0,12.0,0.0,1014083.0,38.0,13.4257383,92B480AAF36D22A3
thin0.4-clear1,0,10,26.1733589,10.4711723,1.29945409,0.0,0.0,3.0,3.0,0.0,6.0,0.0,0.2086138,0.2086138,0.0,0.0,64.0,28800.0,12.0,0.0,985283.0,205.0,6.75897,8428DBCF206CF95A
thin0.4-clear1,0,25,32.8746567,31.7521648,9.27479649,0.0,33.0,0.0,6.0,0.0,6.0,0.0,0.1683487,0.1683487,0.0,0.0,64.0,28800.0,12.0,0.0,985283.0,227.0,11.6772261,9AAB6D8E1C396B64
thin0.4-clear1,0,50,43.566925,64.29974,34.0868454,0.0,94.0,0.0,6.0,0.0,6.0,0.0,0.1958514,0.1958514,0.0,0.0,64.0,28800.0,12.0,0.0,985283.0,115.0,13.587328,2D350142AB08E97C
thin0.4-clear1,0,100,58.008713695999994,140.1561502984,83.5492554,0.0,269.0,0.0,6.0,0.0,6.0,0.0,0.210792363,0.210792363,0.0,0.0,64.0,28800.0,12.0,0.0,985283.0,39.0,13.5320282,44AEAC2305D1F5D2
thin0.4-clear3,0,10,13.9858017,3.955326,0.7157193,0.0,0.0,0.0,0.0,0.0,5.0,0.0,0.113746665,0.113746665,19.8549747,7.0,128.0,66075.0,12.0,0.0,948008.0,202.0,6.75122452,EF07DEBFE08AFC74
thin0.4-clear3,0,25,19.6946945,17.0576515,3.38401031,0.0,0.0,0.0,0.0,0.0,5.0,0.0,0.109517947,0.109517947,90.30558,7.0,320.0,175725.0,12.0,0.0,838358.0,188.0,11.4799118,C4EF70A1D833A0C2
thin0.4-clear3,0,50,19.1554279,40.38831,8.955299,0.0,0.0,0.0,0.0,0.0,5.0,0.0,0.116950743,0.116950743,233.732,7.0,640.0,366000.0,12.0,0.0,648083.0,84.0,11.9251537,EF8B71201EFD5154
thin0.4-clear3,0,100,24.786871,88.96488,17.0483227,0.0,0.0,0.0,0.0,0.0,5.0,0.0,0.152675256,0.152675256,579.8133,7.0,1280.0,758625.0,12.0,0.0,255458.0,24.0,9.725879,BE4DAFF9F0470375
thin0.4-highbrowse,0,10,25.2658577,11.2904739,1.28396046,0.30398345,0.0,3.0,1.0,1.0,5.0,2.0,0.212840512,0.212840512,0.0,0.0,0.0,0.0,12.0,0.0,1014083.0,203.0,6.75386,F4F255B912B291C0
thin0.4-highbrowse,0,25,33.5028725,34.13755,8.948224,1.03357184,31.0,0.0,3.0,1.0,5.0,3.0,0.163285449,0.163285449,0.0,0.0,0.0,0.0,12.0,0.0,1014083.0,221.0,11.6720552,D659DC92E584A84E
thin0.4-highbrowse,0,50,42.5551338,67.96988,31.026186,2.51397061,96.0,0.0,3.0,1.0,5.0,3.0,0.1889891,0.1889891,0.0,0.0,0.0,0.0,12.0,0.0,1014083.0,109.0,13.6350183,3F5B900F6BAC59D1
thin0.4-highbrowse,0,100,57.823790638,145.278483581,80.5605,5.9963994744899995,249.0,0.0,3.0,1.0,5.0,3.0,0.211746931,0.211746931,0.0,0.0,0.0,0.0,12.0,0.0,1014083.0,41.0,13.6560183,751AB8575EF48A99
thin0.6-clear0,0,10,40.35315,18.5806618,0.902839959,0.0,0.0,2.0,7.0,0.0,3.0,0.0,0.323264956,0.323264956,0.0,0.0,0.0,0.0,12.0,0.0,1046391.0,141.0,4.90837669,BE457047FCAC1C6C
thin0.6-clear0,0,25,51.81125,54.18277,7.01023769,0.0,68.0,1.0,8.0,0.0,3.0,0.0,0.198245317,0.198245317,0.0,0.0,0.0,0.0,12.0,0.0,1046391.0,210.0,9.579273,F22B6FB23D247F5C
thin0.6-clear0,0,50,42.48526,85.9090042,45.09574,0.0,135.0,0.0,8.0,0.0,4.0,0.0,0.203875214,0.203875214,0.0,0.0,0.0,0.0,12.0,0.0,1046391.0,118.0,13.2415419,BCB20C49ED0BB509
thin0.6-clear0,0,100,51.88016892365,167.214034876,99.09063,0.0,330.0,0.0,8.0,0.0,4.0,0.0,0.217878774,0.217878774,0.0,0.0,0.0,0.0,12.0,0.0,1046391.0,36.0,13.4589958,EC209CFB4379753D
thin0.6-clear1,0,10,41.0641479,17.8227272,0.9096559,0.0,0.0,2.0,7.0,0.0,3.0,0.0,0.3190939,0.3190939,0.0,0.0,64.0,28800.0,12.0,0.0,1017591.0,141.0,4.90837669,23544E0F2670A286
thin0.6-clear1,0,25,53.0750542,53.1212578,7.111331,0.0,64.0,1.0,8.0,0.0,3.0,0.0,0.198571563,0.198571563,0.0,0.0,64.0,28800.0,12.0,0.0,1017591.0,206.0,9.568641,C968330CF23DC0C9
thin0.6-clear1,0,50,38.6777573,84.20811,46.9164429,0.0,136.0,0.0,8.0,0.0,4.0,0.0,0.198884085,0.198884085,0.0,0.0,64.0,28800.0,12.0,0.0,1017591.0,117.0,13.3914824,97430BF3CAD9521E
thin0.6-clear1,0,100,52.157383107,167.611057019,105.089394,0.0,317.0,0.0,8.0,0.0,4.0,0.0,0.228289142,0.228289142,0.0,0.0,64.0,28800.0,12.0,0.0,1017591.0,36.0,13.4070129,5CE061B363269806
thin0.6-clear3,0,10,21.7373123,6.78096151,0.483947575,0.0,0.0,0.0,0.0,0.0,1.0,0.0,0.17408517,0.17408517,31.1727,11.0,128.0,69450.0,12.0,0.0,976941.0,134.0,4.890617,BD383A150698E2EB
thin0.6-clear3,0,25,31.87682,29.8157043,2.20604658,0.0,0.0,0.0,0.0,0.0,1.0,0.0,0.155994922,0.155994922,143.479324,11.0,320.0,187875.0,12.0,0.0,858516.0,134.0,9.293868,5A72ED52C8AA1AAC
thin0.6-clear3,0,50,23.2122383,65.98221,6.33745146,0.0,0.0,0.0,0.0,0.0,1.0,0.0,0.145831436,0.145831436,335.450684,11.0,640.0,387750.0,12.0,0.0,658641.0,73.0,11.253088,5A6385A4828869F1
thin0.6-clear3,0,100,24.2293186,123.021118,13.6050625,0.0,0.0,0.0,0.0,0.0,1.0,0.0,0.158095628,0.158095628,696.1699,11.0,1280.0,783825.0,12.0,0.0,262566.0,24.0,10.12173,BDF5FB1FC292BC81
thin0.6-highbrowse,0,10,39.3535461,19.1965046,0.897546768,0.457790643,0.0,5.0,2.0,1.0,3.0,1.0,0.327501655,0.327501655,0.0,0.0,0.0,0.0,12.0,0.0,1046391.0,136.0,4.89578152,7870055223143FE3
thin0.6-highbrowse,0,25,52.87541,59.3887138,6.48638868,1.48154736,67.0,1.0,5.0,1.0,3.0,2.0,0.206153616,0.206153616,0.0,0.0,0.0,0.0,12.0,0.0,1046391.0,206.0,9.566876,555DBC949D73341D
thin0.6-highbrowse,0,50,41.0199547,92.74253,45.3660545,2.96339321,134.0,0.0,5.0,1.0,4.0,2.0,0.194641188,0.194641188,0.0,0.0,0.0,0.0,12.0,0.0,1046391.0,121.0,13.2750683,B6FD2BAAEFD5D2DD
thin0.6-highbrowse,0,100,52.285930903330005,179.36752409380998,99.20659,6.4394907262,321.0,0.0,5.0,1.0,4.0,2.0,0.219205856,0.219205856,0.0,0.0,0.0,0.0,12.0,0.0,1046391.0,41.0,13.5309248,72215E3884070D7F
moderate-highbrowse-sheltered,0,10,25.2698441,11.2710562,1.28396,0.304047734,0.0,3.0,3.0,0.0,6.0,0.0,0.211609051,0.211609051,0.0,0.0,0.0,0.0,12.0,12.0,1006283.0,205.0,6.75897,3ABF2B648FA435BB
moderate-highbrowse-sheltered,0,25,33.71464,33.8233757,8.960358,1.03025985,30.0,0.0,6.0,0.0,6.0,0.0,0.164033234,0.164033234,0.0,0.0,0.0,0.0,12.0,12.0,1006283.0,223.0,11.6711693,F95681E36EB4F76B
moderate-highbrowse-sheltered,0,50,42.16332,67.94703,33.5966072,2.51893,89.0,0.0,6.0,0.0,6.0,0.0,0.18631427,0.18631427,0.0,0.0,0.0,0.0,12.0,12.0,1006283.0,111.0,13.6853323,B3C815219AA17E38
moderate-highbrowse-sheltered,0,100,51.7759041213,144.43587195848,88.6967545,5.9245288468799995,241.0,0.0,6.0,0.0,6.0,0.0,0.201792717,0.201792717,0.0,0.0,0.0,0.0,12.0,12.0,1006283.0,37.0,13.4031715,99D90652D52917F0
moderate-highbrowse-sheltered-clear,0,10,25.6846714,10.7893219,1.29254889,0.3092682,0.0,3.0,3.0,0.0,6.0,0.0,0.2086138,0.2086138,0.0,0.0,64.0,28800.0,12.0,12.0,977483.0,205.0,6.75897,1EF975C496128E36
moderate-highbrowse-sheltered-clear,0,25,33.3610725,33.26464,8.98602,1.0340625,31.0,0.0,6.0,0.0,6.0,0.0,0.165048748,0.165048748,0.0,0.0,64.0,28800.0,12.0,12.0,977483.0,225.0,11.6758947,7D52435F68DA8F72
moderate-highbrowse-sheltered-clear,0,50,42.134552,67.6713257,33.2680054,2.52823567,91.0,0.0,6.0,0.0,6.0,0.0,0.189082578,0.189082578,0.0,0.0,64.0,28800.0,12.0,12.0,977483.0,109.0,13.4668646,0C98A3F4378FA35E
moderate-highbrowse-sheltered-clear,0,100,50.152101724299996,145.41193820158,89.07343,5.9657667953799995,250.0,0.0,6.0,0.0,6.0,0.0,0.1991276,0.1991276,0.0,0.0,64.0,28800.0,12.0,12.0,977483.0,41.0,13.69637,21303DEC5AD3B1EC
dense-opening-clear0,0,10,38.5464439,20.5121956,0.8706775,0.0,0.0,2.0,7.0,0.0,3.0,0.0,0.3341299,0.3341299,0.0,0.0,0.0,0.0,12.0,0.0,1046391.0,141.0,4.90837669,221B880671F008C9
dense-opening-clear0,0,25,53.36355,57.18988,6.80693626,0.0,67.0,1.0,8.0,0.0,3.0,0.0,0.199969023,0.199969023,0.0,0.0,0.0,0.0,12.0,0.0,1046391.0,209.0,9.583413,444E7E5147B865F8
dense-opening-clear0,0,50,40.1019058,86.96807,48.4213676,0.0,129.0,0.0,8.0,0.0,4.0,0.0,0.183947176,0.183947176,0.0,0.0,0.0,0.0,12.0,0.0,1046391.0,120.0,13.4208,D7919800AAF00DF5
dense-opening-clear0,0,100,50.9685,166.1829,105.510529,0.0,315.0,0.0,8.0,0.0,4.0,0.0,0.218479529,0.218479529,0.0,0.0,0.0,0.0,12.0,0.0,1046391.0,43.0,13.6411343,C88534EBF234E58A
dense-opening-clear1,0,10,41.0641479,17.8227272,0.9096559,0.0,0.0,2.0,7.0,0.0,3.0,0.0,0.3190939,0.3190939,0.0,0.0,64.0,28800.0,12.0,0.0,1017591.0,141.0,4.90837669,23544E0F2670A286
dense-opening-clear1,0,25,53.0750542,53.1212578,7.111331,0.0,64.0,1.0,8.0,0.0,3.0,0.0,0.198571563,0.198571563,0.0,0.0,64.0,28800.0,12.0,0.0,1017591.0,206.0,9.568641,C968330CF23DC0C9
dense-opening-clear1,0,50,38.6777573,84.20811,46.9164429,0.0,136.0,0.0,8.0,0.0,4.0,0.0,0.198884085,0.198884085,0.0,0.0,64.0,28800.0,12.0,0.0,1017591.0,117.0,13.3914824,97430BF3CAD9521E
dense-opening-clear1,0,100,52.157383107,167.611057019,105.089394,0.0,317.0,0.0,8.0,0.0,4.0,0.0,0.228289142,0.228289142,0.0,0.0,64.0,28800.0,12.0,0.0,1017591.0,36.0,13.4070129,5CE061B363269806
dense-opening-clear3,0,10,39.4197655,15.3080444,0.8272742,0.0,0.0,0.0,0.0,0.0,1.0,0.0,0.310735554,0.310735554,4.38083744,11.0,64.0,32400.0,12.0,0.0,1013991.0,134.0,4.890617,C9D36291539FAA65
dense-opening-clear3,0,25,54.5769577,52.579216,5.106128,0.0,67.0,0.0,0.0,0.0,1.0,0.0,0.205295622,0.205295622,4.38083744,11.0,64.0,32400.0,12.0,0.0,1013991.0,201.0,9.560991,160C15A989914754
dense-opening-clear3,0,50,41.6557236,85.75987,42.71942,0.0,135.0,0.0,0.0,0.0,1.0,0.0,0.201158613,0.201158613,4.38083744,11.0,64.0,32400.0,12.0,0.0,1013991.0,114.0,13.07638,CE127FDEEC1C6FBD
dense-opening-clear3,0,100,51.48226,163.68248,92.31365,0.0,331.0,0.0,0.0,0.0,1.0,0.0,0.220232472,0.220232472,4.38083744,11.0,64.0,32400.0,12.0,0.0,1013991.0,38.0,13.639986,B13BB1CDE1A1CB0B
lowcompetition-clear0,0,10,29.71349,0.7218618,1.40808368,0.0,0.0,3.0,3.0,0.0,6.0,0.0,0.0132255657,0.0132255657,0.0,0.0,0.0,0.0,12.0,0.0,1014083.0,205.0,6.75897,91A38655087143E5
lowcompetition-clear0,0,25,35.60033,1.6879977,11.9128685,0.0,43.0,0.0,6.0,0.0,6.0,0.0,0.009491129,0.009491129,0.0,0.0,0.0,0.0,12.0,0.0,1014083.0,232.0,11.732584,294F6B1A9768F815
lowcompetition-clear0,0,50,46.40875,3.44024348,41.1203575,0.0,107.0,0.0,6.0,0.0,6.0,0.0,0.01165227,0.01165227,0.0,0.0,0.0,0.0,12.0,0.0,1014083.0,111.0,13.7983179,23FCCC969ADBD06A
lowcompetition-clear0,0,100,59.5699158,7.53331757,107.960838,0.0,304.0,0.0,6.0,0.0,6.0,0.0,0.0125729628,0.0125729628,0.0,0.0,0.0,0.0,12.0,0.0,1014083.0,38.0,13.3505135,5CD2B5E610742954
lowcompetition-clear1,0,10,29.72032,0.679548144,1.40867293,0.0,0.0,3.0,3.0,0.0,6.0,0.0,0.0130383624,0.0130383624,0.0,0.0,64.0,28800.0,12.0,0.0,985283.0,205.0,6.75897,AAB6831AF6EAF390
lowcompetition-clear1,0,25,35.18236,1.64039016,11.9172239,0.0,43.0,0.0,6.0,0.0,6.0,0.0,0.009486371,0.009486371,0.0,0.0,64.0,28800.0,12.0,0.0,985283.0,232.0,11.7328167,1231147E2DCA906C
lowcompetition-clear1,0,50,44.7334,3.3840332,40.7978821,0.0,109.0,0.0,6.0,0.0,6.0,0.0,0.01174263,0.01174263,0.0,0.0,64.0,28800.0,12.0,0.0,985283.0,113.0,13.7107964,C77716DFB14DA1F8
lowcompetition-clear1,0,100,59.73623029562,7.68188177887,103.261986,0.0,315.0,0.0,6.0,0.0,6.0,0.0,0.0128878979,0.0128878979,0.0,0.0,64.0,28800.0,12.0,0.0,985283.0,40.0,13.56081,C9CA697DACA71563
strength-low,0,10,28.8461761,5.00634146,1.36109984,0.0,0.0,3.0,3.0,0.0,6.0,0.0,0.211609051,0.211609051,0.0,0.0,0.0,0.0,12.0,0.0,1014083.0,205.0,6.75897,4E44405E597BCB6F
strength-low,0,25,32.0743828,12.4433956,10.5706568,0.0,34.0,0.0,6.0,0.0,6.0,0.0,0.164185375,0.164185375,0.0,0.0,0.0,0.0,12.0,0.0,1014083.0,228.0,11.6825085,494EB3FF802EC1BB
strength-low,0,50,45.97625,25.35178,37.8390579,0.0,96.0,0.0,6.0,0.0,6.0,0.0,0.195483163,0.195483163,0.0,0.0,0.0,0.0,12.0,0.0,1014083.0,108.0,13.438365,72368126E86F2D44
strength-low,0,100,59.712756032,54.880255220289996,93.95937,0.0,294.0,0.0,6.0,0.0,6.0,0.0,0.208370939,0.208370939,0.0,0.0,0.0,0.0,12.0,0.0,1014083.0,38.0,13.5194759,DC0453AC3D41ACE1
strength-high,0,10,20.5946712,16.6682281,1.20774579,0.0,0.0,2.0,3.0,1.0,6.0,0.0,0.211609051,0.211609051,0.0,0.0,0.0,0.0,12.0,0.0,1014083.0,205.0,6.75897,7019235DD5A5FE2F
strength-high,0,25,30.9935818,56.2042122,8.422662,0.0,33.0,0.0,5.0,1.0,6.0,0.0,0.1556321,0.1556321,0.0,0.0,0.0,0.0,12.0,0.0,1014083.0,225.0,11.6906929,B12970B965FCE608
strength-high,0,50,38.43462,113.577858,33.06417,0.0,91.0,0.0,5.0,1.0,6.0,0.0,0.190290958,0.190290958,0.0,0.0,0.0,0.0,12.0,0.0,1014083.0,110.0,13.5452137,F11C63597763E6B3
strength-high,0,100,52.46442,253.687637,72.71463,0.0,264.0,0.0,5.0,1.0,6.0,0.0,0.2072823,0.2072823,0.0,0.0,0.0,0.0,12.0,0.0,1014083.0,37.0,13.6092558,2BC2DE0294B686AE
escape-short,0,10,27.0305672,9.223436,1.29083157,0.0,0.0,3.0,3.0,0.0,6.0,0.0,0.211609051,0.211609051,0.0,0.0,0.0,0.0,12.0,0.0,1014083.0,205.0,6.75897,51050B8CE0BA709C
escape-short,0,25,31.87708,23.95441,9.41625,0.0,34.0,0.0,6.0,0.0,6.0,0.0,0.166064039,0.166064039,0.0,0.0,0.0,0.0,12.0,0.0,1014083.0,228.0,11.6782045,AFC6C431E01D72DF
escape-short,0,50,43.2904739,47.6172943,35.1089249,0.0,102.0,0.0,6.0,0.0,6.0,0.0,0.197668433,0.197668433,0.0,0.0,0.0,0.0,12.0,0.0,1014083.0,110.0,13.5752974,564A950654D71AE7
escape-short,0,100,56.6970990091,101.8486403208,86.93864,0.0,289.0,0.0,6.0,0.0,6.0,0.0,0.207615554,0.207615554,0.0,0.0,0.0,0.0,12.0,0.0,1014083.0,54.0,13.5258818,B9653EE883D4B184
escape-tall,0,10,24.3670731,12.61548,1.29074049,0.0,0.0,2.0,3.0,1.0,6.0,0.0,0.211609051,0.211609051,0.0,0.0,0.0,0.0,12.0,0.0,1014083.0,205.0,6.75897,AA19D6F469FAF136
escape-tall,0,25,33.6480751,45.9774742,8.985646,0.0,32.0,0.0,5.0,1.0,6.0,0.0,0.167414024,0.167414024,0.0,0.0,0.0,0.0,12.0,0.0,1014083.0,224.0,11.67089,81C0CABC96039265
escape-tall,0,50,45.63511,93.15008,30.3835983,0.0,89.0,0.0,5.0,1.0,6.0,0.0,0.1858448,0.1858448,0.0,0.0,0.0,0.0,12.0,0.0,1014083.0,110.0,13.6921825,5F3C1ADCDD4DCF33
escape-tall,0,100,50.511691272,202.331816966,87.5826071382,0.0,260.0,0.0,5.0,1.0,6.0,0.0,0.207619652,0.207619652,0.0,0.0,0.0,0.0,12.0,0.0,1014083.0,41.0,13.7058659,2CE2D61AF1E13B04
recovery-slow,0,10,27.8801727,7.783354,1.334322,0.0,0.0,3.0,3.0,0.0,6.0,0.0,0.165378287,0.165378287,0.0,0.0,64.0,28800.0,12.0,0.0,985283.0,205.0,6.75897,BA13E2E287855C32
recovery-slow,0,25,32.7398071,26.6782875,9.511476,0.0,33.0,0.0,6.0,0.0,6.0,0.0,0.170596272,0.170596272,0.0,0.0,64.0,28800.0,12.0,0.0,985283.0,227.0,11.6773987,5729F52D1130F719
recovery-slow,0,50,42.05909,58.32613,34.5227242,0.0,97.0,0.0,6.0,0.0,6.0,0.0,0.194964215,0.194964215,0.0,0.0,64.0,28800.0,12.0,0.0,985283.0,111.0,13.4057178,5FA1AB613A3446A2
recovery-slow,0,100,52.275941523,132.130510829,87.92244,0.0,271.0,0.0,6.0,0.0,6.0,0.0,0.209874973,0.209874973,0.0,0.0,64.0,28800.0,12.0,0.0,985283.0,41.0,13.61643,46EA9BAFF7FE4D13
recovery-fast,0,10,25.4378624,11.3965139,1.28425682,0.0,0.0,2.0,3.0,1.0,6.0,0.0,0.217396051,0.217396051,0.0,0.0,64.0,28800.0,12.0,0.0,985283.0,205.0,6.75897,3F4CDA874B83F8B2
recovery-fast,0,25,32.7681122,32.9825668,9.23070049,0.0,33.0,0.0,5.0,1.0,6.0,0.0,0.16670613,0.16670613,0.0,0.0,64.0,28800.0,12.0,0.0,985283.0,226.0,11.6759472,88F9F58DD462BAD5
recovery-fast,0,50,45.3846359,66.35704,33.5915833,0.0,91.0,0.0,5.0,1.0,6.0,0.0,0.191044152,0.191044152,0.0,0.0,64.0,28800.0,12.0,0.0,985283.0,108.0,13.5998764,A34DCFEFA14DB3B2
recovery-fast,0,100,50.205885218800006,138.388942694,88.12467,0.0,260.0,0.0,5.0,1.0,6.0,0.0,0.207907617,0.207907617,0.0,0.0,64.0,28800.0,12.0,0.0,985283.0,38.0,13.5482969,9EDCDFE95E68E37E
initial-low,0,10,25.8539486,10.8930216,1.29230249,0.0,0.0,3.0,3.0,0.0,6.0,0.0,0.211133331,0.211133331,0.0,0.0,0.0,0.0,12.0,0.0,1014083.0,205.0,6.75897,A8E1BA110D6E0538
initial-low,0,25,32.8399239,32.3920441,9.253861,0.0,33.0,0.0,6.0,0.0,6.0,0.0,0.168417424,0.168417424,0.0,0.0,0.0,0.0,12.0,0.0,1014083.0,227.0,11.676897,BB42FCBA2BDE0C8F
initial-low,0,50,43.1437149,64.6671448,34.4108238,0.0,91.0,0.0,6.0,0.0,6.0,0.0,0.19046554,0.19046554,0.0,0.0,0.0,0.0,12.0,0.0,1014083.0,111.0,13.62078,C9D68AF13DAFC584
initial-low,0,100,52.761900537900004,137.85463253044,86.0113754,0.0,264.0,0.0,6.0,0.0,6.0,0.0,0.208628267,0.208628267,0.0,0.0,0.0,0.0,12.0,0.0,1014083.0,40.0,13.51126,8E01C41D9B5D8B93
initial-high,0,10,25.7082653,11.0623674,1.28823578,0.0,0.0,3.0,3.0,0.0,6.0,0.0,0.212398827,0.212398827,0.0,0.0,0.0,0.0,12.0,0.0,1014083.0,205.0,6.75897,E2ADDDE8A199FBE1
initial-high,0,25,32.7435226,32.6995,9.241514,0.0,33.0,0.0,6.0,0.0,6.0,0.0,0.168507129,0.168507129,0.0,0.0,0.0,0.0,12.0,0.0,1014083.0,227.0,11.6765146,F423BA6D0B77B505
initial-high,0,50,43.564312,65.14686,33.82623,0.0,91.0,0.0,6.0,0.0,6.0,0.0,0.1912406,0.1912406,0.0,0.0,0.0,0.0,12.0,0.0,1014083.0,110.0,13.4362526,76873C4A8433F60C
initial-high,0,100,52.2422408777,138.09540288275,87.36006,0.0,262.0,0.0,6.0,0.0,6.0,0.0,0.205699235,0.205699235,0.0,0.0,0.0,0.0,12.0,0.0,1014083.0,38.0,13.4257469,33C3B5EFE540C2ED
thin0.4-clear0,1,10,25.7992516,10.9569607,1.29077578,0.0,0.0,3.0,3.0,0.0,6.0,0.0,0.211609051,0.211609051,0.0,0.0,0.0,0.0,12.0,0.0,1014083.0,205.0,6.75897,07F528FBFB6A5500
thin0.4-clear0,1,25,32.76818,32.5442047,9.249206,0.0,33.0,0.0,6.0,0.0,6.0,0.0,0.168488592,0.168488592,0.0,0.0,0.0,0.0,12.0,0.0,1014083.0,227.0,11.6766062,687133FFC38B60F7
thin0.4-clear0,1,50,43.5600433,64.9846344,33.838192,0.0,91.0,0.0,6.0,0.0,6.0,0.0,0.19124268,0.19124268,0.0,0.0,0.0,0.0,12.0,0.0,1014083.0,110.0,13.43629,6C10D317A5E9A98A
thin0.4-clear0,1,100,52.242430507899996,137.92226471325,87.37243,0.0,262.0,0.0,6.0,0.0,6.0,0.0,0.205695376,0.205695376,0.0,0.0,0.0,0.0,12.0,0.0,1014083.0,38.0,13.4257383,92B480AAF36D22A3
dense-opening-clear1,1,10,41.0641479,17.8227272,0.9096559,0.0,0.0,2.0,7.0,0.0,3.0,0.0,0.3190939,0.3190939,0.0,0.0,64.0,28800.0,12.0,0.0,1017591.0,141.0,4.90837669,23544E0F2670A286
dense-opening-clear1,1,25,53.0750542,53.1212578,7.111331,0.0,64.0,1.0,8.0,0.0,3.0,0.0,0.198571563,0.198571563,0.0,0.0,64.0,28800.0,12.0,0.0,1017591.0,206.0,9.568641,C968330CF23DC0C9
dense-opening-clear1,1,50,38.6777573,84.20811,46.9164429,0.0,136.0,0.0,8.0,0.0,4.0,0.0,0.198884085,0.198884085,0.0,0.0,64.0,28800.0,12.0,0.0,1017591.0,117.0,13.3914824,97430BF3CAD9521E
dense-opening-clear1,1,100,52.157383107,167.611057019,105.089394,0.0,317.0,0.0,8.0,0.0,4.0,0.0,0.228289142,0.228289142,0.0,0.0,64.0,28800.0,12.0,0.0,1017591.0,36.0,13.4070129,5CE061B363269806
moderate-targeted-clear0,0,10,25.7992516,10.9569607,1.29077578,0.0,0.0,3.0,3.0,0.0,6.0,0.0,0.211609051,0.211609051,0.0,0.0,0.0,0.0,12.0,0.0,1014083.0,205.0,6.75897,07F528FBFB6A5500
moderate-targeted-clear0,0,25,32.76818,32.5442047,9.249206,0.0,33.0,0.0,6.0,0.0,6.0,0.0,0.168488592,0.168488592,0.0,0.0,0.0,0.0,12.0,0.0,1014083.0,227.0,11.6766062,687133FFC38B60F7
moderate-targeted-clear0,0,50,43.5600433,64.9846344,33.838192,0.0,91.0,0.0,6.0,0.0,6.0,0.0,0.19124268,0.19124268,0.0,0.0,0.0,0.0,12.0,0.0,1014083.0,110.0,13.43629,6C10D317A5E9A98A
moderate-targeted-clear0,0,100,52.242430507899996,137.92226471325,87.37243,0.0,262.0,0.0,6.0,0.0,6.0,0.0,0.205695376,0.205695376,0.0,0.0,0.0,0.0,12.0,0.0,1014083.0,38.0,13.4257383,92B480AAF36D22A3
moderate-targeted-clear1,0,10,26.0155144,10.6784515,1.29077578,0.0,0.0,3.0,3.0,0.0,6.0,0.0,0.210566536,0.210566536,0.0,0.0,8.0,3600.0,12.0,0.0,1010483.0,205.0,6.75897,EB31FB09AD272BC9
moderate-targeted-clear1,0,25,32.86433,32.0376968,9.25853,0.0,33.0,0.0,6.0,0.0,6.0,0.0,0.16837047,0.16837047,0.0,0.0,8.0,3600.0,12.0,0.0,1010483.0,227.0,11.6771355,822A2AF71598DEB7
moderate-targeted-clear1,0,50,44.140358,64.5583344,33.89366,0.0,93.0,0.0,6.0,0.0,6.0,0.0,0.194120437,0.194120437,0.0,0.0,8.0,3600.0,12.0,0.0,1010483.0,111.0,13.3220463,AB1BE811FF868B36
moderate-targeted-clear1,0,100,55.923022702,138.70746199,83.90611,0.0,270.0,0.0,6.0,0.0,6.0,0.0,0.212527126,0.212527126,0.0,0.0,8.0,3600.0,12.0,0.0,1010483.0,39.0,13.4875717,35857999AD9F0FE2
dense-opening-targeted-clear0,0,10,38.5464439,20.5121956,0.8706775,0.0,0.0,2.0,7.0,0.0,3.0,0.0,0.3341299,0.3341299,0.0,0.0,0.0,0.0,12.0,0.0,1046391.0,141.0,4.90837669,221B880671F008C9
dense-opening-targeted-clear0,0,25,53.36355,57.18988,6.80693626,0.0,67.0,1.0,8.0,0.0,3.0,0.0,0.199969023,0.199969023,0.0,0.0,0.0,0.0,12.0,0.0,1046391.0,209.0,9.583413,444E7E5147B865F8
dense-opening-targeted-clear0,0,50,40.1019058,86.96807,48.4213676,0.0,129.0,0.0,8.0,0.0,4.0,0.0,0.183947176,0.183947176,0.0,0.0,0.0,0.0,12.0,0.0,1046391.0,120.0,13.4208,D7919800AAF00DF5
dense-opening-targeted-clear0,0,100,50.9685,166.1829,105.510529,0.0,315.0,0.0,8.0,0.0,4.0,0.0,0.218479529,0.218479529,0.0,0.0,0.0,0.0,12.0,0.0,1046391.0,43.0,13.6411343,C88534EBF234E58A
dense-opening-targeted-clear1,0,10,39.16089,19.764967,0.8706775,0.0,0.0,2.0,7.0,0.0,3.0,0.0,0.3308916,0.3308916,0.0,0.0,8.0,3600.0,12.0,0.0,1042791.0,141.0,4.90837669,2F8A59D5A2B76149
dense-opening-targeted-clear1,0,25,52.1462135,56.0848236,6.65027332,0.0,67.0,1.0,8.0,0.0,3.0,0.0,0.201805428,0.201805428,0.0,0.0,8.0,3600.0,12.0,0.0,1042791.0,209.0,9.573008,9A08DC33AAE536F6
dense-opening-targeted-clear1,0,50,43.65982,87.9903259,47.39939,0.0,140.0,0.0,8.0,0.0,4.0,0.0,0.200881213,0.200881213,0.0,0.0,8.0,3600.0,12.0,0.0,1042791.0,119.0,13.33493,8111D4A0FC1920EF
dense-opening-targeted-clear1,0,100,55.82133831457,171.19516586159,99.9438858,0.0,344.0,0.0,8.0,0.0,4.0,0.0,0.235647574,0.235647574,0.0,0.0,8.0,3600.0,12.0,0.0,1042791.0,49.0,12.5785875,EF5919C3D2200F0C
zero-competition-targeted-clear0,0,10,29.8670788,0.0,1.41626191,0.0,0.0,3.0,3.0,0.0,6.0,0.0,0.0,0.0,0.0,0.0,0.0,0.0,12.0,0.0,1014083.0,205.0,6.75897,3590C579E3F3E012
zero-competition-targeted-clear0,0,25,33.02365,0.0,12.7130947,0.0,45.0,0.0,6.0,0.0,6.0,0.0,0.0,0.0,0.0,0.0,0.0,0.0,12.0,0.0,1014083.0,236.0,11.7337275,34C557230FE9C554
zero-competition-targeted-clear0,0,50,45.06404,0.0,48.3583374,0.0,105.0,0.0,6.0,0.0,6.0,0.0,0.0,0.0,0.0,0.0,0.0,0.0,12.0,0.0,1014083.0,114.0,13.8016281,59E05C99D1787A68
zero-competition-targeted-clear0,0,100,59.2899933,0.0,114.359978,0.0,306.0,0.0,6.0,0.0,6.0,0.0,0.0,0.0,0.0,0.0,0.0,0.0,12.0,0.0,1014083.0,41.0,13.6542149,9225740B5A4C5631
zero-competition-targeted-clear1,0,10,29.8670788,0.0,1.41626191,0.0,0.0,3.0,3.0,0.0,6.0,0.0,0.0,0.0,0.0,0.0,7.0,3150.0,12.0,0.0,1010933.0,205.0,6.75897,C8948CAF8E3D378C
zero-competition-targeted-clear1,0,25,33.02365,0.0,12.7130947,0.0,45.0,0.0,6.0,0.0,6.0,0.0,0.0,0.0,0.0,0.0,7.0,3150.0,12.0,0.0,1010933.0,236.0,11.7337275,58CD9346B0D64533
zero-competition-targeted-clear1,0,50,45.06404,0.0,48.3583374,0.0,105.0,0.0,6.0,0.0,6.0,0.0,0.0,0.0,0.0,0.0,7.0,3150.0,12.0,0.0,1010933.0,114.0,13.8016281,F19BCCF4C7E08BA1
zero-competition-targeted-clear1,0,100,59.2899933,0.0,114.359978,0.0,306.0,0.0,6.0,0.0,6.0,0.0,0.0,0.0,0.0,0.0,7.0,3150.0,12.0,0.0,1010933.0,41.0,13.6542149,56A5B6598E4AD314
