run,repeat,year,species,mean_bramble,mean_bracken,natural_remaining,vegetation_loss,light_loss,browse_loss,cumulative_natural_promotions,first_promotion_year,planted_alive,planted_promoted,planted_vegetation_deaths,planted_light_deaths,planted_browse_deaths,clearance_removals_relative,clearance_removed_planted,clearance_count,clearance_cost_cents,planting_count,shelter_count,cash_cents,living_adults,total_basal_area_m2,world_hash
thin0-clear0,0,10,sitka-spruce,0.139781609,0.139781609,13.1850109,5.8870945,0.743162036,0,0,-1,0,0,0,0,0,0,0,0,0,12,0,1193100,335,10.3229017,71FBAFBC9D2E4468
thin0-clear0,0,10,sessile-oak,0.139781609,0.139781609,0,0,0,0,0,9,0,1,0,5,0,0,0,0,0,12,0,1193100,335,10.3229017,71FBAFBC9D2E4468
thin0-clear0,0,10,beech,0.139781609,0.139781609,0,0,0,0,0,-1,2,0,1,3,0,0,0,0,0,12,0,1193100,335,10.3229017,71FBAFBC9D2E4468
thin0-clear0,0,25,sitka-spruce,0.159659341,0.159659341,25.3733616,18.6871319,6.66441965,0,16,14,0,0,0,0,0,0,0,0,0,12,0,1193100,233,12.6946716,35496E74FD77453C
thin0-clear0,0,25,sessile-oak,0.159659341,0.159659341,0,0,0,0,0,9,0,1,0,5,0,0,0,0,0,12,0,1193100,233,12.6946716,35496E74FD77453C
thin0-clear0,0,25,beech,0.159659341,0.159659341,0,0,0,0,0,12,0,2,1,3,0,0,0,0,0,12,0,1193100,233,12.6946716,35496E74FD77453C
thin0-clear0,0,50,sitka-spruce,0.20123817,0.20123817,39.42356,52.32983,29.5518875,0,76,14,0,0,0,0,0,0,0,0,0,12,0,1193100,108,13.3701506,A200A1ECC4ECE44A
thin0-clear0,0,50,sessile-oak,0.20123817,0.20123817,0,0,0,0,0,9,0,1,0,5,0,0,0,0,0,12,0,1193100,108,13.3701506,A200A1ECC4ECE44A
thin0-clear0,0,50,beech,0.20123817,0.20123817,0,0,0,0,0,12,0,2,1,3,0,0,0,0,0,12,0,1193100,108,13.3701506,A200A1ECC4ECE44A
thin0-clear0,0,100,sitka-spruce,0.2225704,0.2225704,56.7492027,131.789581,74.17745,0,278,14,0,0,0,0,0,0,0,0,0,12,0,1193100,37,13.4541483,A717D95A1184BBBD
thin0-clear0,0,100,sessile-oak,0.2225704,0.2225704,0,0,0,0,0,9,0,1,0,5,0,0,0,0,0,12,0,1193100,37,13.4541483,A717D95A1184BBBD
thin0-clear0,0,100,beech,0.2225704,0.2225704,0,0,0,0,0,12,0,2,1,3,0,0,0,0,0,12,0,1193100,37,13.4541483,A717D95A1184BBBD
thin0-clear1,0,10,sitka-spruce,0.137550011,0.137550011,13.2193861,5.47103453,0.7480159,0,0,-1,0,0,0,0,0,0,0,64,28800,12,0,1164300,335,10.3229017,08CDBEC3D3BFAA35
thin0-clear1,0,10,sessile-oak,0.137550011,0.137550011,0,0,0,0,0,9,0,1,0,5,0,0,0,64,28800,12,0,1164300,335,10.3229017,08CDBEC3D3BFAA35
thin0-clear1,0,10,beech,0.137550011,0.137550011,0,0,0,0,0,-1,2,0,1,3,0,0,0,64,28800,12,0,1164300,335,10.3229017,08CDBEC3D3BFAA35
thin0-clear1,0,25,sitka-spruce,0.15961951,0.15961951,25.3825588,18.1547565,6.673314,0,16,14,0,0,0,0,0,0,0,64,28800,12,0,1164300,233,12.694788,88A69B7C164E50AC
thin0-clear1,0,25,sessile-oak,0.15961951,0.15961951,0,0,0,0,0,9,0,1,0,5,0,0,0,64,28800,12,0,1164300,233,12.694788,88A69B7C164E50AC
thin0-clear1,0,25,beech,0.15961951,0.15961951,0,0,0,0,0,12,0,2,1,3,0,0,0,64,28800,12,0,1164300,233,12.694788,88A69B7C164E50AC
thin0-clear1,0,50,sitka-spruce,0.207306415,0.207306415,40.4226723,52.2444534,29.5095177,0,75,14,0,0,0,0,0,0,0,64,28800,12,0,1164300,107,13.3009548,574A1FD6CAF4E3EE
thin0-clear1,0,50,sessile-oak,0.207306415,0.207306415,0,0,0,0,0,9,0,1,0,5,0,0,0,64,28800,12,0,1164300,107,13.3009548,574A1FD6CAF4E3EE
thin0-clear1,0,50,beech,0.207306415,0.207306415,0,0,0,0,0,12,0,2,1,3,0,0,0,64,28800,12,0,1164300,107,13.3009548,574A1FD6CAF4E3EE
thin0-clear1,0,100,sitka-spruce,0.222293466,0.222293466,58.574398,131.24968,77.31847,0,269,14,0,0,0,0,0,0,0,64,28800,12,0,1164300,43,13.7947378,F493CB136B11FAF9
thin0-clear1,0,100,sessile-oak,0.222293466,0.222293466,0,0,0,0,0,9,0,1,0,5,0,0,0,64,28800,12,0,1164300,43,13.7947378,F493CB136B11FAF9
thin0-clear1,0,100,beech,0.222293466,0.222293466,0,0,0,0,0,12,0,2,1,3,0,0,0,64,28800,12,0,1164300,43,13.7947378,F493CB136B11FAF9
thin0-clear3,0,10,sitka-spruce,0.07517832,0.07517832,8.05403,2.26875,0.423965633,0,0,-1,0,0,0,0,0,11.2393188,5,128,62025,12,0,1131075,334,10.3204126,67A4F343DBF70344
thin0-clear3,0,10,sessile-oak,0.07517832,0.07517832,0,0,0,0,0,-1,0,0,0,5,0,11.2393188,5,128,62025,12,0,1131075,334,10.3204126,67A4F343DBF70344
thin0-clear3,0,10,beech,0.07517832,0.07517832,0,0,0,0,0,-1,0,0,0,2,0,11.2393188,5,128,62025,12,0,1131075,334,10.3204126,67A4F343DBF70344
thin0-clear3,0,25,sitka-spruce,0.09209584,0.09209584,15.3293915,10.0383539,2.91776729,0,0,-1,0,0,0,0,0,55.4589348,5,320,165900,12,0,1027200,223,12.6102057,8E3407EDBB90B5A0
thin0-clear3,0,25,sessile-oak,0.09209584,0.09209584,0,0,0,0,0,-1,0,0,0,5,0,55.4589348,5,320,165900,12,0,1027200,223,12.6102057,8E3407EDBB90B5A0
thin0-clear3,0,25,beech,0.09209584,0.09209584,0,0,0,0,0,-1,0,0,0,2,0,55.4589348,5,320,165900,12,0,1027200,223,12.6102057,8E3407EDBB90B5A0
thin0-clear3,0,50,sitka-spruce,0.115460642,0.115460642,19.407526,30.5937519,9.226131,0,0,-1,0,0,0,0,0,191.941391,5,640,354750,12,0,838350,90,12.2297153,08339A6979E29D22
thin0-clear3,0,50,sessile-oak,0.115460642,0.115460642,0,0,0,0,0,-1,0,0,0,5,0,191.941391,5,640,354750,12,0,838350,90,12.2297153,08339A6979E29D22
thin0-clear3,0,50,beech,0.115460642,0.115460642,0,0,0,0,0,-1,0,0,0,2,0,191.941391,5,640,354750,12,0,838350,90,12.2297153,08339A6979E29D22
thin0-clear3,0,100,sitka-spruce,0.167401031,0.167401031,26.50497,81.86193,17.3338814,0,0,-1,0,0,0,0,0,553.506,5,1280,750450,12,0,442650,24,9.512883,2B1EBFA035DE1608
thin0-clear3,0,100,sessile-oak,0.167401031,0.167401031,0,0,0,0,0,-1,0,0,0,5,0,553.506,5,1280,750450,12,0,442650,24,9.512883,2B1EBFA035DE1608
thin0-clear3,0,100,beech,0.167401031,0.167401031,0,0,0,0,0,-1,0,0,0,2,0,553.506,5,1280,750450,12,0,442650,24,9.512883,2B1EBFA035DE1608
thin0-highbrowse,0,10,sitka-spruce,0.140243426,0.140243426,13.1030674,6.144659,0.739397347,0.164891168,0,-1,0,0,0,0,0,0,0,0,0,12,0,1193100,334,10.3204126,DCAA5BC0E3E1EA1F
thin0-highbrowse,0,10,sessile-oak,0.140243426,0.140243426,0,0,0,0,0,-1,0,0,0,5,1,0,0,0,0,12,0,1193100,334,10.3204126,DCAA5BC0E3E1EA1F
thin0-highbrowse,0,10,beech,0.140243426,0.140243426,0,0,0,0,0,-1,2,0,1,2,1,0,0,0,0,12,0,1193100,334,10.3204126,DCAA5BC0E3E1EA1F
thin0-highbrowse,0,25,sitka-spruce,0.1614315,0.1614315,25.0957832,19.6906376,6.607272,0.6503216,16,14,0,0,0,0,0,0,0,0,0,12,0,1193100,231,12.6845255,716F6FDB74A75DA8
thin0-highbrowse,0,25,sessile-oak,0.1614315,0.1614315,0,0,0,0,0,-1,0,0,0,5,1,0,0,0,0,12,0,1193100,231,12.6845255,716F6FDB74A75DA8
thin0-highbrowse,0,25,beech,0.1614315,0.1614315,0,0,0,0,0,12,0,2,1,2,1,0,0,0,0,12,0,1193100,231,12.6845255,716F6FDB74A75DA8
thin0-highbrowse,0,50,sitka-spruce,0.208783731,0.208783731,40.6893959,55.0794678,29.1020279,2.01973224,72,14,0,0,0,0,0,0,0,0,0,12,0,1193100,103,13.37542,AE5D45A8D88CE14D
thin0-highbrowse,0,50,sessile-oak,0.208783731,0.208783731,0,0,0,0,0,-1,0,0,0,5,1,0,0,0,0,12,0,1193100,103,13.37542,AE5D45A8D88CE14D
thin0-highbrowse,0,50,beech,0.208783731,0.208783731,0,0,0,0,0,12,0,2,1,2,1,0,0,0,0,12,0,1193100,103,13.37542,AE5D45A8D88CE14D
thin0-highbrowse,0,100,sitka-spruce,0.220624074,0.220624074,60.3495636,138.279816,72.56096,5.514943,263,14,0,0,0,0,0,0,0,0,0,12,0,1193100,39,13.4962568,06352E609E406C83
thin0-highbrowse,0,100,sessile-oak,0.220624074,0.220624074,0,0,0,0,0,-1,0,0,0,5,1,0,0,0,0,12,0,1193100,39,13.4962568,06352E609E406C83
thin0-highbrowse,0,100,beech,0.220624074,0.220624074,0,0,0,0,0,12,0,2,1,2,1,0,0,0,0,12,0,1193100,39,13.4962568,06352E609E406C83
thin0.2-clear0,0,10,sitka-spruce,0.151045874,0.151045874,14.7562237,5.962214,1.52807975,0,0,-1,0,0,0,0,0,0,0,0,0,12,0,977047,270,8.762448,4908CA5C62F793BF
thin0.2-clear0,0,10,sessile-oak,0.151045874,0.151045874,0,0,0,0,0,9,0,1,0,5,0,0,0,0,0,12,0,977047,270,8.762448,4908CA5C62F793BF
thin0.2-clear0,0,10,beech,0.151045874,0.151045874,0,0,0,0,0,-1,2,0,1,3,0,0,0,0,0,12,0,977047,270,8.762448,4908CA5C62F793BF
thin0.2-clear0,0,25,sitka-spruce,0.154626355,0.154626355,24.6564941,19.3481846,10.23428,0,17,14,0,0,0,0,0,0,0,0,0,12,0,977047,222,12.679635,99E0D0D6FECB83BF
thin0.2-clear0,0,25,sessile-oak,0.154626355,0.154626355,0,0,0,0,0,9,0,1,0,5,0,0,0,0,0,12,0,977047,222,12.679635,99E0D0D6FECB83BF
thin0.2-clear0,0,25,beech,0.154626355,0.154626355,0,0,0,0,0,12,0,2,1,3,0,0,0,0,0,12,0,977047,222,12.679635,99E0D0D6FECB83BF
thin0.2-clear0,0,50,sitka-spruce,0.211962625,0.211962625,43.0936775,54.9305344,31.1768265,0,79,14,0,0,0,0,0,0,0,0,0,12,0,977047,106,13.268877,71746D1E25713246
thin0.2-clear0,0,50,sessile-oak,0.211962625,0.211962625,0,0,0,0,0,9,0,1,0,5,0,0,0,0,0,12,0,977047,106,13.268877,71746D1E25713246
thin0.2-clear0,0,50,beech,0.211962625,0.211962625,0,0,0,0,0,12,0,2,1,3,0,0,0,0,0,12,0,977047,106,13.268877,71746D1E25713246
thin0.2-clear0,0,100,sitka-spruce,0.227105349,0.227105349,59.1026573,140.950958,70.10633,0,308,14,0,0,0,0,0,0,0,0,0,12,0,977047,41,13.6332312,E52B452352FF0337
thin0.2-clear0,0,100,sessile-oak,0.227105349,0.227105349,0,0,0,0,0,9,0,1,0,5,0,0,0,0,0,12,0,977047,41,13.6332312,E52B452352FF0337
thin0.2-clear0,0,100,beech,0.227105349,0.227105349,0,0,0,0,0,12,0,2,1,3,0,0,0,0,0,12,0,977047,41,13.6332312,E52B452352FF0337
thin0.2-clear1,0,10,sitka-spruce,0.148741722,0.148741722,14.7972374,5.60288048,1.537099,0,0,-1,0,0,0,0,0,0,0,64,28800,12,0,948247,270,8.762448,269D59EF37BFF2AB
thin0.2-clear1,0,10,sessile-oak,0.148741722,0.148741722,0,0,0,0,0,9,0,1,0,5,0,0,0,64,28800,12,0,948247,270,8.762448,269D59EF37BFF2AB
thin0.2-clear1,0,10,beech,0.148741722,0.148741722,0,0,0,0,0,-1,2,0,1,3,0,0,0,64,28800,12,0,948247,270,8.762448,269D59EF37BFF2AB
thin0.2-clear1,0,25,sitka-spruce,0.1541705,0.1541705,24.8937187,18.92373,10.2491827,0,16,14,0,0,0,0,0,0,0,64,28800,12,0,948247,222,12.6795607,FD52A365FE61D765
thin0.2-clear1,0,25,sessile-oak,0.1541705,0.1541705,0,0,0,0,0,9,0,1,0,5,0,0,0,64,28800,12,0,948247,222,12.6795607,FD52A365FE61D765
thin0.2-clear1,0,25,beech,0.1541705,0.1541705,0,0,0,0,0,12,0,2,1,3,0,0,0,64,28800,12,0,948247,222,12.6795607,FD52A365FE61D765
thin0.2-clear1,0,50,sitka-spruce,0.212669179,0.212669179,45.2197647,55.3620834,31.1311378,0,77,14,0,0,0,0,0,0,0,64,28800,12,0,948247,103,13.3881207,834BC2167C18D8D6
thin0.2-clear1,0,50,sessile-oak,0.212669179,0.212669179,0,0,0,0,0,9,0,1,0,5,0,0,0,64,28800,12,0,948247,103,13.3881207,834BC2167C18D8D6
thin0.2-clear1,0,50,beech,0.212669179,0.212669179,0,0,0,0,0,12,0,2,1,3,0,0,0,64,28800,12,0,948247,103,13.3881207,834BC2167C18D8D6
thin0.2-clear1,0,100,sitka-spruce,0.217415392,0.217415392,57.6489372,139.23468,76.70758,0,288,14,0,0,0,0,0,0,0,64,28800,12,0,948247,40,13.4206362,AC43BB777B8FFBCA
thin0.2-clear1,0,100,sessile-oak,0.217415392,0.217415392,0,0,0,0,0,9,0,1,0,5,0,0,0,64,28800,12,0,948247,40,13.4206362,AC43BB777B8FFBCA
thin0.2-clear1,0,100,beech,0.217415392,0.217415392,0,0,0,0,0,12,0,2,1,3,0,0,0,64,28800,12,0,948247,40,13.4206362,AC43BB777B8FFBCA
thin0.2-clear3,0,10,sitka-spruce,0.08145427,0.08145427,8.858241,2.19881082,0.8986168,0,0,-1,0,0,0,0,0,11.6798182,5,128,63525,12,0,913522,269,8.759958,34A4B90E2F18A862
thin0.2-clear3,0,10,sessile-oak,0.08145427,0.08145427,0,0,0,0,0,-1,0,0,0,5,0,11.6798182,5,128,63525,12,0,913522,269,8.759958,34A4B90E2F18A862
thin0.2-clear3,0,10,beech,0.08145427,0.08145427,0,0,0,0,0,-1,0,0,0,2,0,11.6798182,5,128,63525,12,0,913522,269,8.759958,34A4B90E2F18A862
thin0.2-clear3,0,25,sitka-spruce,0.08987482,0.08987482,14.2825127,9.935347,4.166906,0,0,-1,0,0,0,0,0,58.4417953,5,320,168675,12,0,808372,208,12.4359865,20D3425081D9B11D
thin0.2-clear3,0,25,sessile-oak,0.08987482,0.08987482,0,0,0,0,0,-1,0,0,0,5,0,58.4417953,5,320,168675,12,0,808372,208,12.4359865,20D3425081D9B11D
thin0.2-clear3,0,25,beech,0.08987482,0.08987482,0,0,0,0,0,-1,0,0,0,2,0,58.4417953,5,320,168675,12,0,808372,208,12.4359865,20D3425081D9B11D
thin0.2-clear3,0,50,sitka-spruce,0.118436746,0.118436746,20.7334423,30.1723061,10.3131294,0,0,-1,0,0,0,0,0,195.534042,5,640,357675,12,0,619372,84,11.8097172,C38F531E517B86AE
thin0.2-clear3,0,50,sessile-oak,0.118436746,0.118436746,0,0,0,0,0,-1,0,0,0,5,0,195.534042,5,640,357675,12,0,619372,84,11.8097172,C38F531E517B86AE
thin0.2-clear3,0,50,beech,0.118436746,0.118436746,0,0,0,0,0,-1,0,0,0,2,0,195.534042,5,640,357675,12,0,619372,84,11.8097172,C38F531E517B86AE
thin0.2-clear3,0,100,sitka-spruce,0.16666165,0.16666165,25.37997,81.55536,18.5918026,0,0,-1,0,0,0,0,0,557.110962,5,1280,755175,12,0,221872,24,9.621494,E59568D66C186C39
thin0.2-clear3,0,100,sessile-oak,0.16666165,0.16666165,0,0,0,0,0,-1,0,0,0,5,0,557.110962,5,1280,755175,12,0,221872,24,9.621494,E59568D66C186C39
thin0.2-clear3,0,100,beech,0.16666165,0.16666165,0,0,0,0,0,-1,0,0,0,2,0,557.110962,5,1280,755175,12,0,221872,24,9.621494,E59568D66C186C39
thin0.2-highbrowse,0,10,sitka-spruce,0.151500791,0.151500791,14.6557026,6.1707,1.52008915,0.183940887,0,-1,0,0,0,0,0,0,0,0,0,12,0,977047,269,8.759958,0CE487B19BBBA2DF
thin0.2-highbrowse,0,10,sessile-oak,0.151500791,0.151500791,0,0,0,0,0,-1,0,0,0,5,1,0,0,0,0,12,0,977047,269,8.759958,0CE487B19BBBA2DF
thin0.2-highbrowse,0,10,beech,0.151500791,0.151500791,0,0,0,0,0,-1,2,0,1,2,1,0,0,0,0,12,0,977047,269,8.759958,0CE487B19BBBA2DF
thin0.2-highbrowse,0,25,sitka-spruce,0.159276009,0.159276009,24.6797466,20.570879,10.1184139,0.7421607,15,14,0,0,0,0,0,0,0,0,0,12,0,977047,221,12.6745424,227FE48E0AF7D99C
thin0.2-highbrowse,0,25,sessile-oak,0.159276009,0.159276009,0,0,0,0,0,-1,0,0,0,5,1,0,0,0,0,12,0,977047,221,12.6745424,227FE48E0AF7D99C
thin0.2-highbrowse,0,25,beech,0.159276009,0.159276009,0,0,0,0,0,13,0,2,1,2,1,0,0,0,0,12,0,977047,221,12.6745424,227FE48E0AF7D99C
thin0.2-highbrowse,0,50,sitka-spruce,0.206902087,0.206902087,46.50858,59.9153366,29.182312,2.29604077,70,14,0,0,0,0,0,0,0,0,0,12,0,977047,100,13.2531843,E51CE610BB20DE4B
thin0.2-highbrowse,0,50,sessile-oak,0.206902087,0.206902087,0,0,0,0,0,-1,0,0,0,5,1,0,0,0,0,12,0,977047,100,13.2531843,E51CE610BB20DE4B
thin0.2-highbrowse,0,50,beech,0.206902087,0.206902087,0,0,0,0,0,13,0,2,1,2,1,0,0,0,0,12,0,977047,100,13.2531843,E51CE610BB20DE4B
thin0.2-highbrowse,0,100,sitka-spruce,0.222390547,0.222390547,50.1638222,144.497055,76.84327,5.659496,283,14,0,0,0,0,0,0,0,0,0,12,0,977047,43,13.7076721,BBBD5F86C5133AF7
thin0.2-highbrowse,0,100,sessile-oak,0.222390547,0.222390547,0,0,0,0,0,-1,0,0,0,5,1,0,0,0,0,12,0,977047,43,13.7076721,BBBD5F86C5133AF7
thin0.2-highbrowse,0,100,beech,0.222390547,0.222390547,0,0,0,0,0,13,0,2,1,2,1,0,0,0,0,12,0,977047,43,13.7076721,BBBD5F86C5133AF7
thin0.4-clear0,0,10,sitka-spruce,0.211609051,0.211609051,25.7992516,10.9569607,1.29077578,0,0,-1,0,0,0,0,0,0,0,0,0,12,0,1014083,205,6.75897,07F528FBFB6A5500
thin0.4-clear0,0,10,sessile-oak,0.211609051,0.211609051,0,0,0,0,0,9,0,2,0,4,0,0,0,0,0,12,0,1014083,205,6.75897,07F528FBFB6A5500
thin0.4-clear0,0,10,beech,0.211609051,0.211609051,0,0,0,0,0,9,3,1,0,2,0,0,0,0,0,12,0,1014083,205,6.75897,07F528FBFB6A5500
thin0.4-clear0,0,25,sitka-spruce,0.168488592,0.168488592,32.76818,32.5442047,9.249206,0,33,14,0,0,0,0,0,0,0,0,0,12,0,1014083,227,11.6766062,687133FFC38B60F7
thin0.4-clear0,0,25,sessile-oak,0.168488592,0.168488592,0,0,0,0,0,9,0,2,0,4,0,0,0,0,0,12,0,1014083,227,11.6766062,687133FFC38B60F7
thin0.4-clear0,0,25,beech,0.168488592,0.168488592,0,0,0,0,0,9,0,4,0,2,0,0,0,0,0,12,0,1014083,227,11.6766062,687133FFC38B60F7
thin0.4-clear0,0,50,sitka-spruce,0.19124268,0.19124268,43.5600433,64.9846344,33.838192,0,91,14,0,0,0,0,0,0,0,0,0,12,0,1014083,110,13.43629,6C10D317A5E9A98A
thin0.4-clear0,0,50,sessile-oak,0.19124268,0.19124268,0,0,0,0,0,9,0,2,0,4,0,0,0,0,0,12,0,1014083,110,13.43629,6C10D317A5E9A98A
thin0.4-clear0,0,50,beech,0.19124268,0.19124268,0,0,0,0,0,9,0,4,0,2,0,0,0,0,0,12,0,1014083,110,13.43629,6C10D317A5E9A98A
thin0.4-clear0,0,100,sitka-spruce,0.205695376,0.205695376,52.229023,137.916962,87.37243,0,262,14,0,0,0,0,0,0,0,0,0,12,0,1014083,38,13.4257383,92B480AAF36D22A3
thin0.4-clear0,0,100,sessile-oak,0.205695376,0.205695376,0,0,0,0,0,9,0,2,0,4,0,0,0,0,0,12,0,1014083,38,13.4257383,92B480AAF36D22A3
thin0.4-clear0,0,100,beech,0.205695376,0.205695376,0.0134075079,0.00530271325,0,0,0,9,0,4,0,2,0,0,0,0,0,12,0,1014083,38,13.4257383,92B480AAF36D22A3
thin0.4-clear1,0,10,sitka-spruce,0.2086138,0.2086138,26.1733589,10.4711723,1.29945409,0,0,-1,0,0,0,0,0,0,0,64,28800,12,0,985283,205,6.75897,8428DBCF206CF95A
thin0.4-clear1,0,10,sessile-oak,0.2086138,0.2086138,0,0,0,0,0,9,0,2,0,4,0,0,0,64,28800,12,0,985283,205,6.75897,8428DBCF206CF95A
thin0.4-clear1,0,10,beech,0.2086138,0.2086138,0,0,0,0,0,9,3,1,0,2,0,0,0,64,28800,12,0,985283,205,6.75897,8428DBCF206CF95A
thin0.4-clear1,0,25,sitka-spruce,0.1683487,0.1683487,32.8746567,31.7521648,9.27479649,0,33,14,0,0,0,0,0,0,0,64,28800,12,0,985283,227,11.6772261,9AAB6D8E1C396B64
thin0.4-clear1,0,25,sessile-oak,0.1683487,0.1683487,0,0,0,0,0,9,0,2,0,4,0,0,0,64,28800,12,0,985283,227,11.6772261,9AAB6D8E1C396B64
thin0.4-clear1,0,25,beech,0.1683487,0.1683487,0,0,0,0,0,9,0,4,0,2,0,0,0,64,28800,12,0,985283,227,11.6772261,9AAB6D8E1C396B64
thin0.4-clear1,0,50,sitka-spruce,0.1958514,0.1958514,43.566925,64.29974,34.0868454,0,94,14,0,0,0,0,0,0,0,64,28800,12,0,985283,115,13.587328,2D350142AB08E97C
thin0.4-clear1,0,50,sessile-oak,0.1958514,0.1958514,0,0,0,0,0,9,0,2,0,4,0,0,0,64,28800,12,0,985283,115,13.587328,2D350142AB08E97C
thin0.4-clear1,0,50,beech,0.1958514,0.1958514,0,0,0,0,0,9,0,4,0,2,0,0,0,64,28800,12,0,985283,115,13.587328,2D350142AB08E97C
thin0.4-clear1,0,100,sitka-spruce,0.210792363,0.210792363,57.9997559,140.1454,83.5492554,0,268,14,0,0,0,0,0,0,0,64,28800,12,0,985283,39,13.5320282,44AEAC2305D1F5D2
thin0.4-clear1,0,100,sessile-oak,0.210792363,0.210792363,0,0,0,0,0,9,0,2,0,4,0,0,0,64,28800,12,0,985283,39,13.5320282,44AEAC2305D1F5D2
thin0.4-clear1,0,100,beech,0.210792363,0.210792363,0.008957796,0.0107502984,0,0,1,9,0,4,0,2,0,0,0,64,28800,12,0,985283,39,13.5320282,44AEAC2305D1F5D2
thin0.4-clear3,0,10,sitka-spruce,0.113746665,0.113746665,13.9858017,3.955326,0.7157193,0,0,-1,0,0,0,0,0,19.8549747,7,128,66075,12,0,948008,202,6.75122452,EF07DEBFE08AFC74
thin0.4-clear3,0,10,sessile-oak,0.113746665,0.113746665,0,0,0,0,0,-1,0,0,0,4,0,19.8549747,7,128,66075,12,0,948008,202,6.75122452,EF07DEBFE08AFC74
thin0.4-clear3,0,10,beech,0.113746665,0.113746665,0,0,0,0,0,-1,0,0,0,1,0,19.8549747,7,128,66075,12,0,948008,202,6.75122452,EF07DEBFE08AFC74
thin0.4-clear3,0,25,sitka-spruce,0.109517947,0.109517947,19.6946945,17.0576515,3.38401031,0,0,-1,0,0,0,0,0,90.30558,7,320,175725,12,0,838358,188,11.4799118,C4EF70A1D833A0C2
thin0.4-clear3,0,25,sessile-oak,0.109517947,0.109517947,0,0,0,0,0,-1,0,0,0,4,0,90.30558,7,320,175725,12,0,838358,188,11.4799118,C4EF70A1D833A0C2
thin0.4-clear3,0,25,beech,0.109517947,0.109517947,0,0,0,0,0,-1,0,0,0,1,0,90.30558,7,320,175725,12,0,838358,188,11.4799118,C4EF70A1D833A0C2
thin0.4-clear3,0,50,sitka-spruce,0.116950743,0.116950743,19.1554279,40.38831,8.955299,0,0,-1,0,0,0,0,0,233.732,7,640,366000,12,0,648083,84,11.9251537,EF8B71201EFD5154
thin0.4-clear3,0,50,sessile-oak,0.116950743,0.116950743,0,0,0,0,0,-1,0,0,0,4,0,233.732,7,640,366000,12,0,648083,84,11.9251537,EF8B71201EFD5154
thin0.4-clear3,0,50,beech,0.116950743,0.116950743,0,0,0,0,0,-1,0,0,0,1,0,233.732,7,640,366000,12,0,648083,84,11.9251537,EF8B71201EFD5154
thin0.4-clear3,0,100,sitka-spruce,0.152675256,0.152675256,24.786871,88.96488,17.0483227,0,0,-1,0,0,0,0,0,579.8133,7,1280,758625,12,0,255458,24,9.725879,BE4DAFF9F0470375
thin0.4-clear3,0,100,sessile-oak,0.152675256,0.152675256,0,0,0,0,0,-1,0,0,0,4,0,579.8133,7,1280,758625,12,0,255458,24,9.725879,BE4DAFF9F0470375
thin0.4-clear3,0,100,beech,0.152675256,0.152675256,0,0,0,0,0,-1,0,0,0,1,0,579.8133,7,1280,758625,12,0,255458,24,9.725879,BE4DAFF9F0470375
thin0.4-highbrowse,0,10,sitka-spruce,0.212840512,0.212840512,25.2658577,11.2904739,1.28396046,0.30398345,0,-1,0,0,0,0,0,0,0,0,0,12,0,1014083,203,6.75386,F4F255B912B291C0
thin0.4-highbrowse,0,10,sessile-oak,0.212840512,0.212840512,0,0,0,0,0,-1,1,0,0,4,1,0,0,0,0,12,0,1014083,203,6.75386,F4F255B912B291C0
thin0.4-highbrowse,0,10,beech,0.212840512,0.212840512,0,0,0,0,0,9,2,1,1,1,1,0,0,0,0,12,0,1014083,203,6.75386,F4F255B912B291C0
thin0.4-highbrowse,0,25,sitka-spruce,0.163285449,0.163285449,33.5028725,34.13755,8.948224,1.03357184,31,14,0,0,0,0,0,0,0,0,0,12,0,1014083,221,11.6720552,D659DC92E584A84E
thin0.4-highbrowse,0,25,sessile-oak,0.163285449,0.163285449,0,0,0,0,0,-1,0,0,0,4,2,0,0,0,0,12,0,1014083,221,11.6720552,D659DC92E584A84E
thin0.4-highbrowse,0,25,beech,0.163285449,0.163285449,0,0,0,0,0,9,0,3,1,1,1,0,0,0,0,12,0,1014083,221,11.6720552,D659DC92E584A84E
thin0.4-highbrowse,0,50,sitka-spruce,0.1889891,0.1889891,42.5551338,67.96988,31.026186,2.51397061,96,14,0,0,0,0,0,0,0,0,0,12,0,1014083,109,13.6350183,3F5B900F6BAC59D1
thin0.4-highbrowse,0,50,sessile-oak,0.1889891,0.1889891,0,0,0,0,0,-1,0,0,0,4,2,0,0,0,0,12,0,1014083,109,13.6350183,3F5B900F6BAC59D1
thin0.4-highbrowse,0,50,beech,0.1889891,0.1889891,0,0,0,0,0,9,0,3,1,1,1,0,0,0,0,12,0,1014083,109,13.6350183,3F5B900F6BAC59D1
thin0.4-highbrowse,0,100,sitka-spruce,0.211746931,0.211746931,57.81746,145.2739,80.5605,5.99503136,249,14,0,0,0,0,0,0,0,0,0,12,0,1014083,41,13.6560183,751AB8575EF48A99
thin0.4-highbrowse,0,100,sessile-oak,0.211746931,0.211746931,0,0,0,0,0,-1,0,0,0,4,2,0,0,0,0,12,0,1014083,41,13.6560183,751AB8575EF48A99
thin0.4-highbrowse,0,100,beech,0.211746931,0.211746931,0.006330638,0.004583581,0,0.00136811449,0,9,0,3,1,1,1,0,0,0,0,12,0,1014083,41,13.6560183,751AB8575EF48A99
thin0.6-clear0,0,10,sitka-spruce,0.323264956,0.323264956,40.35315,18.5806618,0.902839959,0,0,-1,0,0,0,0,0,0,0,0,0,12,0,1046391,141,4.90837669,BE457047FCAC1C6C
thin0.6-clear0,0,10,sessile-oak,0.323264956,0.323264956,0,0,0,0,0,9,1,3,0,2,0,0,0,0,0,12,0,1046391,141,4.90837669,BE457047FCAC1C6C
thin0.6-clear0,0,10,beech,0.323264956,0.323264956,0,0,0,0,0,9,1,4,0,1,0,0,0,0,0,12,0,1046391,141,4.90837669,BE457047FCAC1C6C
thin0.6-clear0,0,25,sitka-spruce,0.198245317,0.198245317,51.81125,54.18277,7.01023769,0,68,14,0,0,0,0,0,0,0,0,0,12,0,1046391,210,9.579273,F22B6FB23D247F5C
thin0.6-clear0,0,25,sessile-oak,0.198245317,0.198245317,0,0,0,0,0,9,1,3,0,2,0,0,0,0,0,12,0,1046391,210,9.579273,F22B6FB23D247F5C
thin0.6-clear0,0,25,beech,0.198245317,0.198245317,0,0,0,0,0,9,0,5,0,1,0,0,0,0,0,12,0,1046391,210,9.579273,F22B6FB23D247F5C
thin0.6-clear0,0,50,sitka-spruce,0.203875214,0.203875214,42.48526,85.9090042,45.09574,0,135,14,0,0,0,0,0,0,0,0,0,12,0,1046391,118,13.2415419,BCB20C49ED0BB509
thin0.6-clear0,0,50,sessile-oak,0.203875214,0.203875214,0,0,0,0,0,9,0,3,0,3,0,0,0,0,0,12,0,1046391,118,13.2415419,BCB20C49ED0BB509
thin0.6-clear0,0,50,beech,0.203875214,0.203875214,0,0,0,0,0,9,0,5,0,1,0,0,0,0,0,12,0,1046391,118,13.2415419,BCB20C49ED0BB509
thin0.6-clear0,0,100,sitka-spruce,0.217878774,0.217878774,51.8754578,167.21225,99.09063,0,330,14,0,0,0,0,0,0,0,0,0,12,0,1046391,36,13.4589958,EC209CFB4379753D
thin0.6-clear0,0,100,sessile-oak,0.217878774,0.217878774,0,0,0,0,0,9,0,3,0,3,0,0,0,0,0,12,0,1046391,36,13.4589958,EC209CFB4379753D
thin0.6-clear0,0,100,beech,0.217878774,0.217878774,0.00471112365,0.001784876,0,0,0,9,0,5,0,1,0,0,0,0,0,12,0,1046391,36,13.4589958,EC209CFB4379753D
thin0.6-clear1,0,10,sitka-spruce,0.3190939,0.3190939,41.0641479,17.8227272,0.9096559,0,0,-1,0,0,0,0,0,0,0,64,28800,12,0,1017591,141,4.90837669,23544E0F2670A286
thin0.6-clear1,0,10,sessile-oak,0.3190939,0.3190939,0,0,0,0,0,9,1,3,0,2,0,0,0,64,28800,12,0,1017591,141,4.90837669,23544E0F2670A286
thin0.6-clear1,0,10,beech,0.3190939,0.3190939,0,0,0,0,0,9,1,4,0,1,0,0,0,64,28800,12,0,1017591,141,4.90837669,23544E0F2670A286
thin0.6-clear1,0,25,sitka-spruce,0.198571563,0.198571563,53.0750542,53.1212578,7.111331,0,64,14,0,0,0,0,0,0,0,64,28800,12,0,1017591,206,9.568641,C968330CF23DC0C9
thin0.6-clear1,0,25,sessile-oak,0.198571563,0.198571563,0,0,0,0,0,9,1,3,0,2,0,0,0,64,28800,12,0,1017591,206,9.568641,C968330CF23DC0C9
thin0.6-clear1,0,25,beech,0.198571563,0.198571563,0,0,0,0,0,9,0,5,0,1,0,0,0,64,28800,12,0,1017591,206,9.568641,C968330CF23DC0C9
thin0.6-clear1,0,50,sitka-spruce,0.198884085,0.198884085,38.6777573,84.20811,46.9164429,0,136,14,0,0,0,0,0,0,0,64,28800,12,0,1017591,117,13.3914824,97430BF3CAD9521E
thin0.6-clear1,0,50,sessile-oak,0.198884085,0.198884085,0,0,0,0,0,9,0,3,0,3,0,0,0,64,28800,12,0,1017591,117,13.3914824,97430BF3CAD9521E
thin0.6-clear1,0,50,beech,0.198884085,0.198884085,0,0,0,0,0,9,0,5,0,1,0,0,0,64,28800,12,0,1017591,117,13.3914824,97430BF3CAD9521E
thin0.6-clear1,0,100,sitka-spruce,0.228289142,0.228289142,52.1537971,167.6096,105.089394,0,317,14,0,0,0,0,0,0,0,64,28800,12,0,1017591,36,13.4070129,5CE061B363269806
thin0.6-clear1,0,100,sessile-oak,0.228289142,0.228289142,0,0,0,0,0,9,0,3,0,3,0,0,0,64,28800,12,0,1017591,36,13.4070129,5CE061B363269806
thin0.6-clear1,0,100,beech,0.228289142,0.228289142,0.003586007,0.001457019,0,0,0,9,0,5,0,1,0,0,0,64,28800,12,0,1017591,36,13.4070129,5CE061B363269806
thin0.6-clear3,0,10,sitka-spruce,0.17408517,0.17408517,21.7373123,6.78096151,0.483947575,0,0,-1,0,0,0,0,0,31.1727,11,128,69450,12,0,976941,134,4.890617,BD383A150698E2EB
thin0.6-clear3,0,10,sessile-oak,0.17408517,0.17408517,0,0,0,0,0,-1,0,0,0,1,0,31.1727,11,128,69450,12,0,976941,134,4.890617,BD383A150698E2EB
thin0.6-clear3,0,10,beech,0.17408517,0.17408517,0,0,0,0,0,-1,0,0,0,0,0,31.1727,11,128,69450,12,0,976941,134,4.890617,BD383A150698E2EB
thin0.6-clear3,0,25,sitka-spruce,0.155994922,0.155994922,31.87682,29.8157043,2.20604658,0,0,-1,0,0,0,0,0,143.479324,11,320,187875,12,0,858516,134,9.293868,5A72ED52C8AA1AAC
thin0.6-clear3,0,25,sessile-oak,0.155994922,0.155994922,0,0,0,0,0,-1,0,0,0,1,0,143.479324,11,320,187875,12,0,858516,134,9.293868,5A72ED52C8AA1AAC
thin0.6-clear3,0,25,beech,0.155994922,0.155994922,0,0,0,0,0,-1,0,0,0,0,0,143.479324,11,320,187875,12,0,858516,134,9.293868,5A72ED52C8AA1AAC
thin0.6-clear3,0,50,sitka-spruce,0.145831436,0.145831436,23.2122383,65.98221,6.33745146,0,0,-1,0,0,0,0,0,335.450684,11,640,387750,12,0,658641,73,11.253088,5A6385A4828869F1
thin0.6-clear3,0,50,sessile-oak,0.145831436,0.145831436,0,0,0,0,0,-1,0,0,0,1,0,335.450684,11,640,387750,12,0,658641,73,11.253088,5A6385A4828869F1
thin0.6-clear3,0,50,beech,0.145831436,0.145831436,0,0,0,0,0,-1,0,0,0,0,0,335.450684,11,640,387750,12,0,658641,73,11.253088,5A6385A4828869F1
thin0.6-clear3,0,100,sitka-spruce,0.158095628,0.158095628,24.2293186,123.021118,13.6050625,0,0,-1,0,0,0,0,0,696.1699,11,1280,783825,12,0,262566,24,10.12173,BDF5FB1FC292BC81
thin0.6-clear3,0,100,sessile-oak,0.158095628,0.158095628,0,0,0,0,0,-1,0,0,0,1,0,696.1699,11,1280,783825,12,0,262566,24,10.12173,BDF5FB1FC292BC81
thin0.6-clear3,0,100,beech,0.158095628,0.158095628,0,0,0,0,0,-1,0,0,0,0,0,696.1699,11,1280,783825,12,0,262566,24,10.12173,BDF5FB1FC292BC81
thin0.6-highbrowse,0,10,sitka-spruce,0.327501655,0.327501655,39.3535461,19.1965046,0.897546768,0.457790643,0,-1,0,0,0,0,0,0,0,0,0,12,0,1046391,136,4.89578152,7870055223143FE3
thin0.6-highbrowse,0,10,sessile-oak,0.327501655,0.327501655,0,0,0,0,0,-1,3,0,0,2,1,0,0,0,0,12,0,1046391,136,4.89578152,7870055223143FE3
thin0.6-highbrowse,0,10,beech,0.327501655,0.327501655,0,0,0,0,0,9,2,2,1,1,0,0,0,0,0,12,0,1046391,136,4.89578152,7870055223143FE3
thin0.6-highbrowse,0,25,sitka-spruce,0.206153616,0.206153616,52.87541,59.3887138,6.48638868,1.48154736,67,14,0,0,0,0,0,0,0,0,0,12,0,1046391,206,9.566876,555DBC949D73341D
thin0.6-highbrowse,0,25,sessile-oak,0.206153616,0.206153616,0,0,0,0,0,11,1,1,0,2,2,0,0,0,0,12,0,1046391,206,9.566876,555DBC949D73341D
thin0.6-highbrowse,0,25,beech,0.206153616,0.206153616,0,0,0,0,0,9,0,4,1,1,0,0,0,0,0,12,0,1046391,206,9.566876,555DBC949D73341D
thin0.6-highbrowse,0,50,sitka-spruce,0.194641188,0.194641188,41.0199547,92.74253,45.3660545,2.96339321,134,14,0,0,0,0,0,0,0,0,0,12,0,1046391,121,13.2750683,B6FD2BAAEFD5D2DD
thin0.6-highbrowse,0,50,sessile-oak,0.194641188,0.194641188,0,0,0,0,0,11,0,1,0,3,2,0,0,0,0,12,0,1046391,121,13.2750683,B6FD2BAAEFD5D2DD
thin0.6-highbrowse,0,50,beech,0.194641188,0.194641188,0,0,0,0,0,9,0,4,1,1,0,0,0,0,0,12,0,1046391,121,13.2750683,B6FD2BAAEFD5D2DD
thin0.6-highbrowse,0,100,sitka-spruce,0.219205856,0.219205856,52.2827721,179.365448,99.20659,6.43884659,321,14,0,0,0,0,0,0,0,0,0,12,0,1046391,41,13.5309248,72215E3884070D7F
thin0.6-highbrowse,0,100,sessile-oak,0.219205856,0.219205856,0,0,0,0,0,11,0,1,0,3,2,0,0,0,0,12,0,1046391,41,13.5309248,72215E3884070D7F
thin0.6-highbrowse,0,100,beech,0.219205856,0.219205856,0.00315880333,0.00207609381,0,0.0006441362,0,9,0,4,1,1,0,0,0,0,0,12,0,1046391,41,13.5309248,72215E3884070D7F
moderate-highbrowse-sheltered,0,10,sitka-spruce,0.211609051,0.211609051,25.2698441,11.2710562,1.28396,0.304047734,0,-1,0,0,0,0,0,0,0,0,0,12,12,1006283,205,6.75897,3ABF2B648FA435BB
moderate-highbrowse-sheltered,0,10,sessile-oak,0.211609051,0.211609051,0,0,0,0,0,9,0,2,0,4,0,0,0,0,0,12,12,1006283,205,6.75897,3ABF2B648FA435BB
moderate-highbrowse-sheltered,0,10,beech,0.211609051,0.211609051,0,0,0,0,0,9,3,1,0,2,0,0,0,0,0,12,12,1006283,205,6.75897,3ABF2B648FA435BB
moderate-highbrowse-sheltered,0,25,sitka-spruce,0.164033234,0.164033234,33.71464,33.8233757,8.960358,1.03025985,30,14,0,0,0,0,0,0,0,0,0,12,12,1006283,223,11.6711693,F95681E36EB4F76B
moderate-highbrowse-sheltered,0,25,sessile-oak,0.164033234,0.164033234,0,0,0,0,0,9,0,2,0,4,0,0,0,0,0,12,12,1006283,223,11.6711693,F95681E36EB4F76B
moderate-highbrowse-sheltered,0,25,beech,0.164033234,0.164033234,0,0,0,0,0,9,0,4,0,2,0,0,0,0,0,12,12,1006283,223,11.6711693,F95681E36EB4F76B
moderate-highbrowse-sheltered,0,50,sitka-spruce,0.18631427,0.18631427,42.16332,67.94703,33.5966072,2.51893,89,14,0,0,0,0,0,0,0,0,0,12,12,1006283,111,13.6853323,B3C815219AA17E38
moderate-highbrowse-sheltered,0,50,sessile-oak,0.18631427,0.18631427,0,0,0,0,0,9,0,2,0,4,0,0,0,0,0,12,12,1006283,111,13.6853323,B3C815219AA17E38
moderate-highbrowse-sheltered,0,50,beech,0.18631427,0.18631427,0,0,0,0,0,9,0,4,0,2,0,0,0,0,0,12,12,1006283,111,13.6853323,B3C815219AA17E38
moderate-highbrowse-sheltered,0,100,sitka-spruce,0.201792717,0.201792717,51.76823,144.42836,88.6967545,5.923448,241,14,0,0,0,0,0,0,0,0,0,12,12,1006283,37,13.4031715,99D90652D52917F0
moderate-highbrowse-sheltered,0,100,sessile-oak,0.201792717,0.201792717,0,0,0,0,0,9,0,2,0,4,0,0,0,0,0,12,12,1006283,37,13.4031715,99D90652D52917F0
moderate-highbrowse-sheltered,0,100,beech,0.201792717,0.201792717,0.0076741213,0.00751195848,0,0.00108084688,0,9,0,4,0,2,0,0,0,0,0,12,12,1006283,37,13.4031715,99D90652D52917F0
moderate-highbrowse-sheltered-clear,0,10,sitka-spruce,0.2086138,0.2086138,25.6846714,10.7893219,1.29254889,0.3092682,0,-1,0,0,0,0,0,0,0,64,28800,12,12,977483,205,6.75897,1EF975C496128E36
moderate-highbrowse-sheltered-clear,0,10,sessile-oak,0.2086138,0.2086138,0,0,0,0,0,9,0,2,0,4,0,0,0,64,28800,12,12,977483,205,6.75897,1EF975C496128E36
moderate-highbrowse-sheltered-clear,0,10,beech,0.2086138,0.2086138,0,0,0,0,0,9,3,1,0,2,0,0,0,64,28800,12,12,977483,205,6.75897,1EF975C496128E36
moderate-highbrowse-sheltered-clear,0,25,sitka-spruce,0.165048748,0.165048748,33.3610725,33.26464,8.98602,1.0340625,31,14,0,0,0,0,0,0,0,64,28800,12,12,977483,225,11.6758947,7D52435F68DA8F72
moderate-highbrowse-sheltered-clear,0,25,sessile-oak,0.165048748,0.165048748,0,0,0,0,0,9,0,2,0,4,0,0,0,64,28800,12,12,977483,225,11.6758947,7D52435F68DA8F72
moderate-highbrowse-sheltered-clear,0,25,beech,0.165048748,0.165048748,0,0,0,0,0,9,0,4,0,2,0,0,0,64,28800,12,12,977483,225,11.6758947,7D52435F68DA8F72
moderate-highbrowse-sheltered-clear,0,50,sitka-spruce,0.189082578,0.189082578,42.134552,67.6713257,33.2680054,2.52823567,91,14,0,0,0,0,0,0,0,64,28800,12,12,977483,109,13.4668646,0C98A3F4378FA35E
moderate-highbrowse-sheltered-clear,0,50,sessile-oak,0.189082578,0.189082578,0,0,0,0,0,9,0,2,0,4,0,0,0,64,28800,12,12,977483,109,13.4668646,0C98A3F4378FA35E
moderate-highbrowse-sheltered-clear,0,50,beech,0.189082578,0.189082578,0,0,0,0,0,9,0,4,0,2,0,0,0,64,28800,12,12,977483,109,13.4668646,0C98A3F4378FA35E
moderate-highbrowse-sheltered-clear,0,100,sitka-spruce,0.1991276,0.1991276,50.1444,145.4043,89.07343,5.96468067,250,14,0,0,0,0,0,0,0,64,28800,12,12,977483,41,13.69637,21303DEC5AD3B1EC
moderate-highbrowse-sheltered-clear,0,100,sessile-oak,0.1991276,0.1991276,0,0,0,0,0,9,0,2,0,4,0,0,0,64,28800,12,12,977483,41,13.69637,21303DEC5AD3B1EC
moderate-highbrowse-sheltered-clear,0,100,beech,0.1991276,0.1991276,0.0077017243,0.00763820158,0,0.00108612538,0,9,0,4,0,2,0,0,0,64,28800,12,12,977483,41,13.69637,21303DEC5AD3B1EC
dense-opening-clear0,0,10,sitka-spruce,0.3341299,0.3341299,38.5464439,20.5121956,0.8706775,0,0,-1,0,0,0,0,0,0,0,0,0,12,0,1046391,141,4.90837669,221B880671F008C9
dense-opening-clear0,0,10,sessile-oak,0.3341299,0.3341299,0,0,0,0,0,9,1,3,0,2,0,0,0,0,0,12,0,1046391,141,4.90837669,221B880671F008C9
dense-opening-clear0,0,10,beech,0.3341299,0.3341299,0,0,0,0,0,9,1,4,0,1,0,0,0,0,0,12,0,1046391,141,4.90837669,221B880671F008C9
dense-opening-clear0,0,25,sitka-spruce,0.199969023,0.199969023,53.36355,57.18988,6.80693626,0,67,14,0,0,0,0,0,0,0,0,0,12,0,1046391,209,9.583413,444E7E5147B865F8
dense-opening-clear0,0,25,sessile-oak,0.199969023,0.199969023,0,0,0,0,0,9,1,3,0,2,0,0,0,0,0,12,0,1046391,209,9.583413,444E7E5147B865F8
dense-opening-clear0,0,25,beech,0.199969023,0.199969023,0,0,0,0,0,9,0,5,0,1,0,0,0,0,0,12,0,1046391,209,9.583413,444E7E5147B865F8
dense-opening-clear0,0,50,sitka-spruce,0.183947176,0.183947176,40.1019058,86.96807,48.4213676,0,129,14,0,0,0,0,0,0,0,0,0,12,0,1046391,120,13.4208,D7919800AAF00DF5
dense-opening-clear0,0,50,sessile-oak,0.183947176,0.183947176,0,0,0,0,0,9,0,3,0,3,0,0,0,0,0,12,0,1046391,120,13.4208,D7919800AAF00DF5
dense-opening-clear0,0,50,beech,0.183947176,0.183947176,0,0,0,0,0,9,0,5,0,1,0,0,0,0,0,12,0,1046391,120,13.4208,D7919800AAF00DF5
dense-opening-clear0,0,100,sitka-spruce,0.218479529,0.218479529,50.9685,166.1829,105.510529,0,315,14,0,0,0,0,0,0,0,0,0,12,0,1046391,43,13.6411343,C88534EBF234E58A
dense-opening-clear0,0,100,sessile-oak,0.218479529,0.218479529,0,0,0,0,0,9,0,3,0,3,0,0,0,0,0,12,0,1046391,43,13.6411343,C88534EBF234E58A
dense-opening-clear0,0,100,beech,0.218479529,0.218479529,0,0,0,0,0,9,0,5,0,1,0,0,0,0,0,12,0,1046391,43,13.6411343,C88534EBF234E58A
dense-opening-clear1,0,10,sitka-spruce,0.3190939,0.3190939,41.0641479,17.8227272,0.9096559,0,0,-1,0,0,0,0,0,0,0,64,28800,12,0,1017591,141,4.90837669,23544E0F2670A286
dense-opening-clear1,0,10,sessile-oak,0.3190939,0.3190939,0,0,0,0,0,9,1,3,0,2,0,0,0,64,28800,12,0,1017591,141,4.90837669,23544E0F2670A286
dense-opening-clear1,0,10,beech,0.3190939,0.3190939,0,0,0,0,0,9,1,4,0,1,0,0,0,64,28800,12,0,1017591,141,4.90837669,23544E0F2670A286
dense-opening-clear1,0,25,sitka-spruce,0.198571563,0.198571563,53.0750542,53.1212578,7.111331,0,64,14,0,0,0,0,0,0,0,64,28800,12,0,1017591,206,9.568641,C968330CF23DC0C9
dense-opening-clear1,0,25,sessile-oak,0.198571563,0.198571563,0,0,0,0,0,9,1,3,0,2,0,0,0,64,28800,12,0,1017591,206,9.568641,C968330CF23DC0C9
dense-opening-clear1,0,25,beech,0.198571563,0.198571563,0,0,0,0,0,9,0,5,0,1,0,0,0,64,28800,12,0,1017591,206,9.568641,C968330CF23DC0C9
dense-opening-clear1,0,50,sitka-spruce,0.198884085,0.198884085,38.6777573,84.20811,46.9164429,0,136,14,0,0,0,0,0,0,0,64,28800,12,0,1017591,117,13.3914824,97430BF3CAD9521E
dense-opening-clear1,0,50,sessile-oak,0.198884085,0.198884085,0,0,0,0,0,9,0,3,0,3,0,0,0,64,28800,12,0,1017591,117,13.3914824,97430BF3CAD9521E
dense-opening-clear1,0,50,beech,0.198884085,0.198884085,0,0,0,0,0,9,0,5,0,1,0,0,0,64,28800,12,0,1017591,117,13.3914824,97430BF3CAD9521E
dense-opening-clear1,0,100,sitka-spruce,0.228289142,0.228289142,52.1537971,167.6096,105.089394,0,317,14,0,0,0,0,0,0,0,64,28800,12,0,1017591,36,13.4070129,5CE061B363269806
dense-opening-clear1,0,100,sessile-oak,0.228289142,0.228289142,0,0,0,0,0,9,0,3,0,3,0,0,0,64,28800,12,0,1017591,36,13.4070129,5CE061B363269806
dense-opening-clear1,0,100,beech,0.228289142,0.228289142,0.003586007,0.001457019,0,0,0,9,0,5,0,1,0,0,0,64,28800,12,0,1017591,36,13.4070129,5CE061B363269806
dense-opening-clear3,0,10,sitka-spruce,0.310735554,0.310735554,39.4197655,15.3080444,0.8272742,0,0,-1,0,0,0,0,0,4.38083744,11,64,32400,12,0,1013991,134,4.890617,C9D36291539FAA65
dense-opening-clear3,0,10,sessile-oak,0.310735554,0.310735554,0,0,0,0,0,-1,0,0,0,1,0,4.38083744,11,64,32400,12,0,1013991,134,4.890617,C9D36291539FAA65
dense-opening-clear3,0,10,beech,0.310735554,0.310735554,0,0,0,0,0,-1,0,0,0,0,0,4.38083744,11,64,32400,12,0,1013991,134,4.890617,C9D36291539FAA65
dense-opening-clear3,0,25,sitka-spruce,0.205295622,0.205295622,54.5769577,52.579216,5.106128,0,67,15,0,0,0,0,0,4.38083744,11,64,32400,12,0,1013991,201,9.560991,160C15A989914754
dense-opening-clear3,0,25,sessile-oak,0.205295622,0.205295622,0,0,0,0,0,-1,0,0,0,1,0,4.38083744,11,64,32400,12,0,1013991,201,9.560991,160C15A989914754
dense-opening-clear3,0,25,beech,0.205295622,0.205295622,0,0,0,0,0,-1,0,0,0,0,0,4.38083744,11,64,32400,12,0,1013991,201,9.560991,160C15A989914754
dense-opening-clear3,0,50,sitka-spruce,0.201158613,0.201158613,41.6557236,85.75987,42.71942,0,135,15,0,0,0,0,0,4.38083744,11,64,32400,12,0,1013991,114,13.07638,CE127FDEEC1C6FBD
dense-opening-clear3,0,50,sessile-oak,0.201158613,0.201158613,0,0,0,0,0,-1,0,0,0,1,0,4.38083744,11,64,32400,12,0,1013991,114,13.07638,CE127FDEEC1C6FBD
dense-opening-clear3,0,50,beech,0.201158613,0.201158613,0,0,0,0,0,-1,0,0,0,0,0,4.38083744,11,64,32400,12,0,1013991,114,13.07638,CE127FDEEC1C6FBD
dense-opening-clear3,0,100,sitka-spruce,0.220232472,0.220232472,51.48226,163.68248,92.31365,0,331,15,0,0,0,0,0,4.38083744,11,64,32400,12,0,1013991,38,13.639986,B13BB1CDE1A1CB0B
dense-opening-clear3,0,100,sessile-oak,0.220232472,0.220232472,0,0,0,0,0,-1,0,0,0,1,0,4.38083744,11,64,32400,12,0,1013991,38,13.639986,B13BB1CDE1A1CB0B
dense-opening-clear3,0,100,beech,0.220232472,0.220232472,0,0,0,0,0,-1,0,0,0,0,0,4.38083744,11,64,32400,12,0,1013991,38,13.639986,B13BB1CDE1A1CB0B
lowcompetition-clear0,0,10,sitka-spruce,0.0132255657,0.0132255657,29.71349,0.7218618,1.40808368,0,0,-1,0,0,0,0,0,0,0,0,0,12,0,1014083,205,6.75897,91A38655087143E5
lowcompetition-clear0,0,10,sessile-oak,0.0132255657,0.0132255657,0,0,0,0,0,9,0,2,0,4,0,0,0,0,0,12,0,1014083,205,6.75897,91A38655087143E5
lowcompetition-clear0,0,10,beech,0.0132255657,0.0132255657,0,0,0,0,0,9,3,1,0,2,0,0,0,0,0,12,0,1014083,205,6.75897,91A38655087143E5
lowcompetition-clear0,0,25,sitka-spruce,0.009491129,0.009491129,35.60033,1.6879977,11.9128685,0,43,13,0,0,0,0,0,0,0,0,0,12,0,1014083,232,11.732584,294F6B1A9768F815
lowcompetition-clear0,0,25,sessile-oak,0.009491129,0.009491129,0,0,0,0,0,9,0,2,0,4,0,0,0,0,0,12,0,1014083,232,11.732584,294F6B1A9768F815
lowcompetition-clear0,0,25,beech,0.009491129,0.009491129,0,0,0,0,0,9,0,4,0,2,0,0,0,0,0,12,0,1014083,232,11.732584,294F6B1A9768F815
lowcompetition-clear0,0,50,sitka-spruce,0.01165227,0.01165227,46.40875,3.44024348,41.1203575,0,107,13,0,0,0,0,0,0,0,0,0,12,0,1014083,111,13.7983179,23FCCC969ADBD06A
lowcompetition-clear0,0,50,sessile-oak,0.01165227,0.01165227,0,0,0,0,0,9,0,2,0,4,0,0,0,0,0,12,0,1014083,111,13.7983179,23FCCC969ADBD06A
lowcompetition-clear0,0,50,beech,0.01165227,0.01165227,0,0,0,0,0,9,0,4,0,2,0,0,0,0,0,12,0,1014083,111,13.7983179,23FCCC969ADBD06A
lowcompetition-clear0,0,100,sitka-spruce,0.0125729628,0.0125729628,59.5699158,7.53331757,107.960838,0,304,13,0,0,0,0,0,0,0,0,0,12,0,1014083,38,13.3505135,5CD2B5E610742954
lowcompetition-clear0,0,100,sessile-oak,0.0125729628,0.0125729628,0,0,0,0,0,9,0,2,0,4,0,0,0,0,0,12,0,1014083,38,13.3505135,5CD2B5E610742954
lowcompetition-clear0,0,100,beech,0.0125729628,0.0125729628,0,0,0,0,0,9,0,4,0,2,0,0,0,0,0,12,0,1014083,38,13.3505135,5CD2B5E610742954
lowcompetition-clear1,0,10,sitka-spruce,0.0130383624,0.0130383624,29.72032,0.679548144,1.40867293,0,0,-1,0,0,0,0,0,0,0,64,28800,12,0,985283,205,6.75897,AAB6831AF6EAF390
lowcompetition-clear1,0,10,sessile-oak,0.0130383624,0.0130383624,0,0,0,0,0,9,0,2,0,4,0,0,0,64,28800,12,0,985283,205,6.75897,AAB6831AF6EAF390
lowcompetition-clear1,0,10,beech,0.0130383624,0.0130383624,0,0,0,0,0,9,3,1,0,2,0,0,0,64,28800,12,0,985283,205,6.75897,AAB6831AF6EAF390
lowcompetition-clear1,0,25,sitka-spruce,0.009486371,0.009486371,35.18236,1.64039016,11.9172239,0,43,13,0,0,0,0,0,0,0,64,28800,12,0,985283,232,11.7328167,1231147E2DCA906C
lowcompetition-clear1,0,25,sessile-oak,0.009486371,0.009486371,0,0,0,0,0,9,0,2,0,4,0,0,0,64,28800,12,0,985283,232,11.7328167,1231147E2DCA906C
lowcompetition-clear1,0,25,beech,0.009486371,0.009486371,0,0,0,0,0,9,0,4,0,2,0,0,0,64,28800,12,0,985283,232,11.7328167,1231147E2DCA906C
lowcompetition-clear1,0,50,sitka-spruce,0.01174263,0.01174263,44.7334,3.3840332,40.7978821,0,109,13,0,0,0,0,0,0,0,64,28800,12,0,985283,113,13.7107964,C77716DFB14DA1F8
lowcompetition-clear1,0,50,sessile-oak,0.01174263,0.01174263,0,0,0,0,0,9,0,2,0,4,0,0,0,64,28800,12,0,985283,113,13.7107964,C77716DFB14DA1F8
lowcompetition-clear1,0,50,beech,0.01174263,0.01174263,0,0,0,0,0,9,0,4,0,2,0,0,0,64,28800,12,0,985283,113,13.7107964,C77716DFB14DA1F8
lowcompetition-clear1,0,100,sitka-spruce,0.0128878979,0.0128878979,59.73413,7.68184042,103.261986,0,315,13,0,0,0,0,0,0,0,64,28800,12,0,985283,40,13.56081,C9CA697DACA71563
lowcompetition-clear1,0,100,sessile-oak,0.0128878979,0.0128878979,0,0,0,0,0,9,0,2,0,4,0,0,0,64,28800,12,0,985283,40,13.56081,C9CA697DACA71563
lowcompetition-clear1,0,100,beech,0.0128878979,0.0128878979,0.00210029562,4.135887E-05,0,0,0,9,0,4,0,2,0,0,0,64,28800,12,0,985283,40,13.56081,C9CA697DACA71563
strength-low,0,10,sitka-spruce,0.211609051,0.211609051,28.8461761,5.00634146,1.36109984,0,0,-1,0,0,0,0,0,0,0,0,0,12,0,1014083,205,6.75897,4E44405E597BCB6F
strength-low,0,10,sessile-oak,0.211609051,0.211609051,0,0,0,0,0,9,0,2,0,4,0,0,0,0,0,12,0,1014083,205,6.75897,4E44405E597BCB6F
strength-low,0,10,beech,0.211609051,0.211609051,0,0,0,0,0,9,3,1,0,2,0,0,0,0,0,12,0,1014083,205,6.75897,4E44405E597BCB6F
strength-low,0,25,sitka-spruce,0.164185375,0.164185375,32.0743828,12.4433956,10.5706568,0,34,14,0,0,0,0,0,0,0,0,0,12,0,1014083,228,11.6825085,494EB3FF802EC1BB
strength-low,0,25,sessile-oak,0.164185375,0.164185375,0,0,0,0,0,9,0,2,0,4,0,0,0,0,0,12,0,1014083,228,11.6825085,494EB3FF802EC1BB
strength-low,0,25,beech,0.164185375,0.164185375,0,0,0,0,0,9,0,4,0,2,0,0,0,0,0,12,0,1014083,228,11.6825085,494EB3FF802EC1BB
strength-low,0,50,sitka-spruce,0.195483163,0.195483163,45.97625,25.35178,37.8390579,0,96,14,0,0,0,0,0,0,0,0,0,12,0,1014083,108,13.438365,72368126E86F2D44
strength-low,0,50,sessile-oak,0.195483163,0.195483163,0,0,0,0,0,9,0,2,0,4,0,0,0,0,0,12,0,1014083,108,13.438365,72368126E86F2D44
strength-low,0,50,beech,0.195483163,0.195483163,0,0,0,0,0,9,0,4,0,2,0,0,0,0,0,12,0,1014083,108,13.438365,72368126E86F2D44
strength-low,0,100,sitka-spruce,0.208370939,0.208370939,59.7044945,54.8791351,93.95937,0,294,14,0,0,0,0,0,0,0,0,0,12,0,1014083,38,13.5194759,DC0453AC3D41ACE1
strength-low,0,100,sessile-oak,0.208370939,0.208370939,0,0,0,0,0,9,0,2,0,4,0,0,0,0,0,12,0,1014083,38,13.5194759,DC0453AC3D41ACE1
strength-low,0,100,beech,0.208370939,0.208370939,0.008261532,0.00112012029,0,0,0,9,0,4,0,2,0,0,0,0,0,12,0,1014083,38,13.5194759,DC0453AC3D41ACE1
strength-high,0,10,sitka-spruce,0.211609051,0.211609051,20.5946712,16.6682281,1.20774579,0,0,-1,0,0,0,0,0,0,0,0,0,12,0,1014083,205,6.75897,7019235DD5A5FE2F
strength-high,0,10,sessile-oak,0.211609051,0.211609051,0,0,0,0,0,9,0,2,0,4,0,0,0,0,0,12,0,1014083,205,6.75897,7019235DD5A5FE2F
strength-high,0,10,beech,0.211609051,0.211609051,0,0,0,0,0,9,2,1,1,2,0,0,0,0,0,12,0,1014083,205,6.75897,7019235DD5A5FE2F
strength-high,0,25,sitka-spruce,0.1556321,0.1556321,30.9935818,56.2042122,8.422662,0,33,13,0,0,0,0,0,0,0,0,0,12,0,1014083,225,11.6906929,B12970B965FCE608
strength-high,0,25,sessile-oak,0.1556321,0.1556321,0,0,0,0,0,9,0,2,0,4,0,0,0,0,0,12,0,1014083,225,11.6906929,B12970B965FCE608
strength-high,0,25,beech,0.1556321,0.1556321,0,0,0,0,0,9,0,3,1,2,0,0,0,0,0,12,0,1014083,225,11.6906929,B12970B965FCE608
strength-high,0,50,sitka-spruce,0.190290958,0.190290958,38.43462,113.577858,33.06417,0,91,13,0,0,0,0,0,0,0,0,0,12,0,1014083,110,13.5452137,F11C63597763E6B3
strength-high,0,50,sessile-oak,0.190290958,0.190290958,0,0,0,0,0,9,0,2,0,4,0,0,0,0,0,12,0,1014083,110,13.5452137,F11C63597763E6B3
strength-high,0,50,beech,0.190290958,0.190290958,0,0,0,0,0,9,0,3,1,2,0,0,0,0,0,12,0,1014083,110,13.5452137,F11C63597763E6B3
strength-high,0,100,sitka-spruce,0.2072823,0.2072823,52.46442,253.687637,72.71463,0,264,13,0,0,0,0,0,0,0,0,0,12,0,1014083,37,13.6092558,2BC2DE0294B686AE
strength-high,0,100,sessile-oak,0.2072823,0.2072823,0,0,0,0,0,9,0,2,0,4,0,0,0,0,0,12,0,1014083,37,13.6092558,2BC2DE0294B686AE
strength-high,0,100,beech,0.2072823,0.2072823,0,0,0,0,0,9,0,3,1,2,0,0,0,0,0,12,0,1014083,37,13.6092558,2BC2DE0294B686AE
escape-short,0,10,sitka-spruce,0.211609051,0.211609051,27.0305672,9.223436,1.29083157,0,0,-1,0,0,0,0,0,0,0,0,0,12,0,1014083,205,6.75897,51050B8CE0BA709C
escape-short,0,10,sessile-oak,0.211609051,0.211609051,0,0,0,0,0,9,0,2,0,4,0,0,0,0,0,12,0,1014083,205,6.75897,51050B8CE0BA709C
escape-short,0,10,beech,0.211609051,0.211609051,0,0,0,0,0,9,3,1,0,2,0,0,0,0,0,12,0,1014083,205,6.75897,51050B8CE0BA709C
escape-short,0,25,sitka-spruce,0.166064039,0.166064039,31.87708,23.95441,9.41625,0,34,14,0,0,0,0,0,0,0,0,0,12,0,1014083,228,11.6782045,AFC6C431E01D72DF
escape-short,0,25,sessile-oak,0.166064039,0.166064039,0,0,0,0,0,9,0,2,0,4,0,0,0,0,0,12,0,1014083,228,11.6782045,AFC6C431E01D72DF
escape-short,0,25,beech,0.166064039,0.166064039,0,0,0,0,0,9,0,4,0,2,0,0,0,0,0,12,0,1014083,228,11.6782045,AFC6C431E01D72DF
escape-short,0,50,sitka-spruce,0.197668433,0.197668433,43.2904739,47.6172943,35.1089249,0,102,14,0,0,0,0,0,0,0,0,0,12,0,1014083,110,13.5752974,564A950654D71AE7
escape-short,0,50,sessile-oak,0.197668433,0.197668433,0,0,0,0,0,9,0,2,0,4,0,0,0,0,0,12,0,1014083,110,13.5752974,564A950654D71AE7
escape-short,0,50,beech,0.197668433,0.197668433,0,0,0,0,0,9,0,4,0,2,0,0,0,0,0,12,0,1014083,110,13.5752974,564A950654D71AE7
escape-short,0,100,sitka-spruce,0.207615554,0.207615554,56.68682,101.837181,86.93864,0,288,14,0,0,0,0,0,0,0,0,0,12,0,1014083,54,13.5258818,B9653EE883D4B184
escape-short,0,100,sessile-oak,0.207615554,0.207615554,0,0,0,0,0,9,0,2,0,4,0,0,0,0,0,12,0,1014083,54,13.5258818,B9653EE883D4B184
escape-short,0,100,beech,0.207615554,0.207615554,0.0102790091,0.0114593208,0,0,1,9,0,4,0,2,0,0,0,0,0,12,0,1014083,54,13.5258818,B9653EE883D4B184
escape-tall,0,10,sitka-spruce,0.211609051,0.211609051,24.3670731,12.61548,1.29074049,0,0,-1,0,0,0,0,0,0,0,0,0,12,0,1014083,205,6.75897,AA19D6F469FAF136
escape-tall,0,10,sessile-oak,0.211609051,0.211609051,0,0,0,0,0,9,0,2,0,4,0,0,0,0,0,12,0,1014083,205,6.75897,AA19D6F469FAF136
escape-tall,0,10,beech,0.211609051,0.211609051,0,0,0,0,0,9,2,1,1,2,0,0,0,0,0,12,0,1014083,205,6.75897,AA19D6F469FAF136
escape-tall,0,25,sitka-spruce,0.167414024,0.167414024,33.6480751,45.9774742,8.985646,0,32,14,0,0,0,0,0,0,0,0,0,12,0,1014083,224,11.67089,81C0CABC96039265
escape-tall,0,25,sessile-oak,0.167414024,0.167414024,0,0,0,0,0,9,0,2,0,4,0,0,0,0,0,12,0,1014083,224,11.67089,81C0CABC96039265
escape-tall,0,25,beech,0.167414024,0.167414024,0,0,0,0,0,9,0,3,1,2,0,0,0,0,0,12,0,1014083,224,11.67089,81C0CABC96039265
escape-tall,0,50,sitka-spruce,0.1858448,0.1858448,45.63511,93.15008,30.3835983,0,89,14,0,0,0,0,0,0,0,0,0,12,0,1014083,110,13.6921825,5F3C1ADCDD4DCF33
escape-tall,0,50,sessile-oak,0.1858448,0.1858448,0,0,0,0,0,9,0,2,0,4,0,0,0,0,0,12,0,1014083,110,13.6921825,5F3C1ADCDD4DCF33
escape-tall,0,50,beech,0.1858448,0.1858448,0,0,0,0,0,9,0,3,1,2,0,0,0,0,0,12,0,1014083,110,13.6921825,5F3C1ADCDD4DCF33
escape-tall,0,100,sitka-spruce,0.207619652,0.207619652,50.50504,202.326752,87.58198,0,260,14,0,0,0,0,0,0,0,0,0,12,0,1014083,41,13.7058659,2CE2D61AF1E13B04
escape-tall,0,100,sessile-oak,0.207619652,0.207619652,0,0,0,0,0,9,0,2,0,4,0,0,0,0,0,12,0,1014083,41,13.7058659,2CE2D61AF1E13B04
escape-tall,0,100,beech,0.207619652,0.207619652,0.006651272,0.005064966,0.0006271382,0,0,9,0,3,1,2,0,0,0,0,0,12,0,1014083,41,13.7058659,2CE2D61AF1E13B04
recovery-slow,0,10,sitka-spruce,0.165378287,0.165378287,27.8801727,7.783354,1.334322,0,0,-1,0,0,0,0,0,0,0,64,28800,12,0,985283,205,6.75897,BA13E2E287855C32
recovery-slow,0,10,sessile-oak,0.165378287,0.165378287,0,0,0,0,0,9,0,2,0,4,0,0,0,64,28800,12,0,985283,205,6.75897,BA13E2E287855C32
recovery-slow,0,10,beech,0.165378287,0.165378287,0,0,0,0,0,9,3,1,0,2,0,0,0,64,28800,12,0,985283,205,6.75897,BA13E2E287855C32
recovery-slow,0,25,sitka-spruce,0.170596272,0.170596272,32.7398071,26.6782875,9.511476,0,33,14,0,0,0,0,0,0,0,64,28800,12,0,985283,227,11.6773987,5729F52D1130F719
recovery-slow,0,25,sessile-oak,0.170596272,0.170596272,0,0,0,0,0,9,0,2,0,4,0,0,0,64,28800,12,0,985283,227,11.6773987,5729F52D1130F719
recovery-slow,0,25,beech,0.170596272,0.170596272,0,0,0,0,0,9,0,4,0,2,0,0,0,64,28800,12,0,985283,227,11.6773987,5729F52D1130F719
recovery-slow,0,50,sitka-spruce,0.194964215,0.194964215,42.05909,58.32613,34.5227242,0,97,14,0,0,0,0,0,0,0,64,28800,12,0,985283,111,13.4057178,5FA1AB613A3446A2
recovery-slow,0,50,sessile-oak,0.194964215,0.194964215,0,0,0,0,0,9,0,2,0,4,0,0,0,64,28800,12,0,985283,111,13.4057178,5FA1AB613A3446A2
recovery-slow,0,50,beech,0.194964215,0.194964215,0,0,0,0,0,9,0,4,0,2,0,0,0,64,28800,12,0,985283,111,13.4057178,5FA1AB613A3446A2
recovery-slow,0,100,sitka-spruce,0.209874973,0.209874973,52.26714,132.119583,87.92244,0,270,14,0,0,0,0,0,0,0,64,28800,12,0,985283,41,13.61643,46EA9BAFF7FE4D13
recovery-slow,0,100,sessile-oak,0.209874973,0.209874973,0,0,0,0,0,9,0,2,0,4,0,0,0,64,28800,12,0,985283,41,13.61643,46EA9BAFF7FE4D13
recovery-slow,0,100,beech,0.209874973,0.209874973,0.008801523,0.010927829,0,0,1,9,0,4,0,2,0,0,0,64,28800,12,0,985283,41,13.61643,46EA9BAFF7FE4D13
recovery-fast,0,10,sitka-spruce,0.217396051,0.217396051,25.4378624,11.3965139,1.28425682,0,0,-1,0,0,0,0,0,0,0,64,28800,12,0,985283,205,6.75897,3F4CDA874B83F8B2
recovery-fast,0,10,sessile-oak,0.217396051,0.217396051,0,0,0,0,0,9,0,2,0,4,0,0,0,64,28800,12,0,985283,205,6.75897,3F4CDA874B83F8B2
recovery-fast,0,10,beech,0.217396051,0.217396051,0,0,0,0,0,9,2,1,1,2,0,0,0,64,28800,12,0,985283,205,6.75897,3F4CDA874B83F8B2
recovery-fast,0,25,sitka-spruce,0.16670613,0.16670613,32.7681122,32.9825668,9.23070049,0,33,14,0,0,0,0,0,0,0,64,28800,12,0,985283,226,11.6759472,88F9F58DD462BAD5
recovery-fast,0,25,sessile-oak,0.16670613,0.16670613,0,0,0,0,0,9,0,2,0,4,0,0,0,64,28800,12,0,985283,226,11.6759472,88F9F58DD462BAD5
recovery-fast,0,25,beech,0.16670613,0.16670613,0,0,0,0,0,9,0,3,1,2,0,0,0,64,28800,12,0,985283,226,11.6759472,88F9F58DD462BAD5
recovery-fast,0,50,sitka-spruce,0.191044152,0.191044152,45.3846359,66.35704,33.5915833,0,91,14,0,0,0,0,0,0,0,64,28800,12,0,985283,108,13.5998764,A34DCFEFA14DB3B2
recovery-fast,0,50,sessile-oak,0.191044152,0.191044152,0,0,0,0,0,9,0,2,0,4,0,0,0,64,28800,12,0,985283,108,13.5998764,A34DCFEFA14DB3B2
recovery-fast,0,50,beech,0.191044152,0.191044152,0,0,0,0,0,9,0,3,1,2,0,0,0,64,28800,12,0,985283,108,13.5998764,A34DCFEFA14DB3B2
recovery-fast,0,100,sitka-spruce,0.207907617,0.207907617,50.1902771,138.38298,88.12467,0,260,14,0,0,0,0,0,0,0,64,28800,12,0,985283,38,13.5482969,9EDCDFE95E68E37E
recovery-fast,0,100,sessile-oak,0.207907617,0.207907617,0,0,0,0,0,9,0,2,0,4,0,0,0,64,28800,12,0,985283,38,13.5482969,9EDCDFE95E68E37E
recovery-fast,0,100,beech,0.207907617,0.207907617,0.0156081188,0.005962694,0,0,0,9,0,3,1,2,0,0,0,64,28800,12,0,985283,38,13.5482969,9EDCDFE95E68E37E
initial-low,0,10,sitka-spruce,0.211133331,0.211133331,25.8539486,10.8930216,1.29230249,0,0,-1,0,0,0,0,0,0,0,0,0,12,0,1014083,205,6.75897,A8E1BA110D6E0538
initial-low,0,10,sessile-oak,0.211133331,0.211133331,0,0,0,0,0,9,0,2,0,4,0,0,0,0,0,12,0,1014083,205,6.75897,A8E1BA110D6E0538
initial-low,0,10,beech,0.211133331,0.211133331,0,0,0,0,0,9,3,1,0,2,0,0,0,0,0,12,0,1014083,205,6.75897,A8E1BA110D6E0538
initial-low,0,25,sitka-spruce,0.168417424,0.168417424,32.8399239,32.3920441,9.253861,0,33,14,0,0,0,0,0,0,0,0,0,12,0,1014083,227,11.676897,BB42FCBA2BDE0C8F
initial-low,0,25,sessile-oak,0.168417424,0.168417424,0,0,0,0,0,9,0,2,0,4,0,0,0,0,0,12,0,1014083,227,11.676897,BB42FCBA2BDE0C8F
initial-low,0,25,beech,0.168417424,0.168417424,0,0,0,0,0,9,0,4,0,2,0,0,0,0,0,12,0,1014083,227,11.676897,BB42FCBA2BDE0C8F
initial-low,0,50,sitka-spruce,0.19046554,0.19046554,43.1437149,64.6671448,34.4108238,0,91,14,0,0,0,0,0,0,0,0,0,12,0,1014083,111,13.62078,C9D68AF13DAFC584
initial-low,0,50,sessile-oak,0.19046554,0.19046554,0,0,0,0,0,9,0,2,0,4,0,0,0,0,0,12,0,1014083,111,13.62078,C9D68AF13DAFC584
initial-low,0,50,beech,0.19046554,0.19046554,0,0,0,0,0,9,0,4,0,2,0,0,0,0,0,12,0,1014083,111,13.62078,C9D68AF13DAFC584
initial-low,0,100,sitka-spruce,0.208628267,0.208628267,52.7482643,137.849335,86.0113754,0,264,14,0,0,0,0,0,0,0,0,0,12,0,1014083,40,13.51126,8E01C41D9B5D8B93
initial-low,0,100,sessile-oak,0.208628267,0.208628267,0,0,0,0,0,9,0,2,0,4,0,0,0,0,0,12,0,1014083,40,13.51126,8E01C41D9B5D8B93
initial-low,0,100,beech,0.208628267,0.208628267,0.0136362379,0.00529753044,0,0,0,9,0,4,0,2,0,0,0,0,0,12,0,1014083,40,13.51126,8E01C41D9B5D8B93
initial-high,0,10,sitka-spruce,0.212398827,0.212398827,25.7082653,11.0623674,1.28823578,0,0,-1,0,0,0,0,0,0,0,0,0,12,0,1014083,205,6.75897,E2ADDDE8A199FBE1
initial-high,0,10,sessile-oak,0.212398827,0.212398827,0,0,0,0,0,9,0,2,0,4,0,0,0,0,0,12,0,1014083,205,6.75897,E2ADDDE8A199FBE1
initial-high,0,10,beech,0.212398827,0.212398827,0,0,0,0,0,9,3,1,0,2,0,0,0,0,0,12,0,1014083,205,6.75897,E2ADDDE8A199FBE1
initial-high,0,25,sitka-spruce,0.168507129,0.168507129,32.7435226,32.6995,9.241514,0,33,14,0,0,0,0,0,0,0,0,0,12,0,1014083,227,11.6765146,F423BA6D0B77B505
initial-high,0,25,sessile-oak,0.168507129,0.168507129,0,0,0,0,0,9,0,2,0,4,0,0,0,0,0,12,0,1014083,227,11.6765146,F423BA6D0B77B505
initial-high,0,25,beech,0.168507129,0.168507129,0,0,0,0,0,9,0,4,0,2,0,0,0,0,0,12,0,1014083,227,11.6765146,F423BA6D0B77B505
initial-high,0,50,sitka-spruce,0.1912406,0.1912406,43.564312,65.14686,33.82623,0,91,14,0,0,0,0,0,0,0,0,0,12,0,1014083,110,13.4362526,76873C4A8433F60C
initial-high,0,50,sessile-oak,0.1912406,0.1912406,0,0,0,0,0,9,0,2,0,4,0,0,0,0,0,12,0,1014083,110,13.4362526,76873C4A8433F60C
initial-high,0,50,beech,0.1912406,0.1912406,0,0,0,0,0,9,0,4,0,2,0,0,0,0,0,12,0,1014083,110,13.4362526,76873C4A8433F60C
initial-high,0,100,sitka-spruce,0.205699235,0.205699235,52.2288322,138.0901,87.36006,0,262,14,0,0,0,0,0,0,0,0,0,12,0,1014083,38,13.4257469,33C3B5EFE540C2ED
initial-high,0,100,sessile-oak,0.205699235,0.205699235,0,0,0,0,0,9,0,2,0,4,0,0,0,0,0,12,0,1014083,38,13.4257469,33C3B5EFE540C2ED
initial-high,0,100,beech,0.205699235,0.205699235,0.0134086777,0.00530288275,0,0,0,9,0,4,0,2,0,0,0,0,0,12,0,1014083,38,13.4257469,33C3B5EFE540C2ED
thin0.4-clear0,1,10,sitka-spruce,0.211609051,0.211609051,25.7992516,10.9569607,1.29077578,0,0,-1,0,0,0,0,0,0,0,0,0,12,0,1014083,205,6.75897,07F528FBFB6A5500
thin0.4-clear0,1,10,sessile-oak,0.211609051,0.211609051,0,0,0,0,0,9,0,2,0,4,0,0,0,0,0,12,0,1014083,205,6.75897,07F528FBFB6A5500
thin0.4-clear0,1,10,beech,0.211609051,0.211609051,0,0,0,0,0,9,3,1,0,2,0,0,0,0,0,12,0,1014083,205,6.75897,07F528FBFB6A5500
thin0.4-clear0,1,25,sitka-spruce,0.168488592,0.168488592,32.76818,32.5442047,9.249206,0,33,14,0,0,0,0,0,0,0,0,0,12,0,1014083,227,11.6766062,687133FFC38B60F7
thin0.4-clear0,1,25,sessile-oak,0.168488592,0.168488592,0,0,0,0,0,9,0,2,0,4,0,0,0,0,0,12,0,1014083,227,11.6766062,687133FFC38B60F7
thin0.4-clear0,1,25,beech,0.168488592,0.168488592,0,0,0,0,0,9,0,4,0,2,0,0,0,0,0,12,0,1014083,227,11.6766062,687133FFC38B60F7
thin0.4-clear0,1,50,sitka-spruce,0.19124268,0.19124268,43.5600433,64.9846344,33.838192,0,91,14,0,0,0,0,0,0,0,0,0,12,0,1014083,110,13.43629,6C10D317A5E9A98A
thin0.4-clear0,1,50,sessile-oak,0.19124268,0.19124268,0,0,0,0,0,9,0,2,0,4,0,0,0,0,0,12,0,1014083,110,13.43629,6C10D317A5E9A98A
thin0.4-clear0,1,50,beech,0.19124268,0.19124268,0,0,0,0,0,9,0,4,0,2,0,0,0,0,0,12,0,1014083,110,13.43629,6C10D317A5E9A98A
thin0.4-clear0,1,100,sitka-spruce,0.205695376,0.205695376,52.229023,137.916962,87.37243,0,262,14,0,0,0,0,0,0,0,0,0,12,0,1014083,38,13.4257383,92B480AAF36D22A3
thin0.4-clear0,1,100,sessile-oak,0.205695376,0.205695376,0,0,0,0,0,9,0,2,0,4,0,0,0,0,0,12,0,1014083,38,13.4257383,92B480AAF36D22A3
thin0.4-clear0,1,100,beech,0.205695376,0.205695376,0.0134075079,0.00530271325,0,0,0,9,0,4,0,2,0,0,0,0,0,12,0,1014083,38,13.4257383,92B480AAF36D22A3
dense-opening-clear1,1,10,sitka-spruce,0.3190939,0.3190939,41.0641479,17.8227272,0.9096559,0,0,-1,0,0,0,0,0,0,0,64,28800,12,0,1017591,141,4.90837669,23544E0F2670A286
dense-opening-clear1,1,10,sessile-oak,0.3190939,0.3190939,0,0,0,0,0,9,1,3,0,2,0,0,0,64,28800,12,0,1017591,141,4.90837669,23544E0F2670A286
dense-opening-clear1,1,10,beech,0.3190939,0.3190939,0,0,0,0,0,9,1,4,0,1,0,0,0,64,28800,12,0,1017591,141,4.90837669,23544E0F2670A286
dense-opening-clear1,1,25,sitka-spruce,0.198571563,0.198571563,53.0750542,53.1212578,7.111331,0,64,14,0,0,0,0,0,0,0,64,28800,12,0,1017591,206,9.568641,C968330CF23DC0C9
dense-opening-clear1,1,25,sessile-oak,0.198571563,0.198571563,0,0,0,0,0,9,1,3,0,2,0,0,0,64,28800,12,0,1017591,206,9.568641,C968330CF23DC0C9
dense-opening-clear1,1,25,beech,0.198571563,0.198571563,0,0,0,0,0,9,0,5,0,1,0,0,0,64,28800,12,0,1017591,206,9.568641,C968330CF23DC0C9
dense-opening-clear1,1,50,sitka-spruce,0.198884085,0.198884085,38.6777573,84.20811,46.9164429,0,136,14,0,0,0,0,0,0,0,64,28800,12,0,1017591,117,13.3914824,97430BF3CAD9521E
dense-opening-clear1,1,50,sessile-oak,0.198884085,0.198884085,0,0,0,0,0,9,0,3,0,3,0,0,0,64,28800,12,0,1017591,117,13.3914824,97430BF3CAD9521E
dense-opening-clear1,1,50,beech,0.198884085,0.198884085,0,0,0,0,0,9,0,5,0,1,0,0,0,64,28800,12,0,1017591,117,13.3914824,97430BF3CAD9521E
dense-opening-clear1,1,100,sitka-spruce,0.228289142,0.228289142,52.1537971,167.6096,105.089394,0,317,14,0,0,0,0,0,0,0,64,28800,12,0,1017591,36,13.4070129,5CE061B363269806
dense-opening-clear1,1,100,sessile-oak,0.228289142,0.228289142,0,0,0,0,0,9,0,3,0,3,0,0,0,64,28800,12,0,1017591,36,13.4070129,5CE061B363269806
dense-opening-clear1,1,100,beech,0.228289142,0.228289142,0.003586007,0.001457019,0,0,0,9,0,5,0,1,0,0,0,64,28800,12,0,1017591,36,13.4070129,5CE061B363269806
