species,adapter,light,browse,cover,after_density_or_alive,after_height,established_abundance
sitka-spruce,natural,0.079999998211860657,0,0,0.15999999642372131,0.22800000011920929,0.15999999642372131
sitka-spruce,natural,0.079999998211860657,0,1,0.15999999642372131,0.22800000011920929,0.15999999642372131
sitka-spruce,natural,0.079999998211860657,0.800000011920929,0,0.1592320054769516,0.22497600317001343,0.1592320054769516
sitka-spruce,natural,0.079999998211860657,0.800000011920929,1,0.1592320054769516,0.22497600317001343,0.1592320054769516
sitka-spruce,natural,0.800000011920929,0,0,0.20000000298023224,0.49555554986000061,0.20000000298023224
sitka-spruce,natural,0.800000011920929,0,1,0.20000000298023224,0.49555554986000061,0.20000000298023224
sitka-spruce,natural,0.800000011920929,0.800000011920929,0,0.1990399956703186,0.46363556385040283,0.1990399956703186
sitka-spruce,natural,0.800000011920929,0.800000011920929,1,0.1990399956703186,0.46363556385040283,0.1990399956703186
sitka-spruce,planted,0.079999998211860657,0,0,1,0.22800000011920929,0.15999999642372131
sitka-spruce,planted,0.079999998211860657,0,1,1,0.22800000011920929,0.15999999642372131
sitka-spruce,planted,0.079999998211860657,0.800000011920929,0,1,0.22800000011920929,0.1592320054769516
sitka-spruce,planted,0.079999998211860657,0.800000011920929,1,1,0.22800000011920929,0.1592320054769516
sitka-spruce,planted,0.800000011920929,0,0,1,0.49555554986000061,0.20000000298023224
sitka-spruce,planted,0.800000011920929,0,1,1,0.49555554986000061,0.20000000298023224
sitka-spruce,planted,0.800000011920929,0.800000011920929,0,1,0.49555554986000061,0.1990399956703186
sitka-spruce,planted,0.800000011920929,0.800000011920929,1,1,0.49555554986000061,0.1990399956703186
sessile-oak,natural,0.079999998211860657,0,0,0.13400000333786011,0.2175000011920929,0.13400000333786011
sessile-oak,natural,0.079999998211860657,0,1,0.13400000333786011,0.2175000011920929,0.13400000333786011
sessile-oak,natural,0.079999998211860657,0.800000011920929,0,0.12971200048923492,0.20489999651908875,0.12971200048923492
sessile-oak,natural,0.079999998211860657,0.800000011920929,1,0.12971200048923492,0.20489999651908875,0.12971200048923492
sessile-oak,natural,0.800000011920929,0,0,0.20000000298023224,0.550000011920929,0.20000000298023224
sessile-oak,natural,0.800000011920929,0,1,0.20000000298023224,0.550000011920929,0.20000000298023224
sessile-oak,natural,0.800000011920929,0.800000011920929,0,0.19359999895095825,0.29800000786781311,0.19359999895095825
sessile-oak,natural,0.800000011920929,0.800000011920929,1,0.19359999895095825,0.29800000786781311,0.19359999895095825
sessile-oak,planted,0.079999998211860657,0,0,0,0.2175000011920929,0.13400000333786011
sessile-oak,planted,0.079999998211860657,0,1,0,0.2175000011920929,0.13400000333786011
sessile-oak,planted,0.079999998211860657,0.800000011920929,0,0,0.2017500102519989,0.12971200048923492
sessile-oak,planted,0.079999998211860657,0.800000011920929,1,0,0.2017500102519989,0.12971200048923492
sessile-oak,planted,0.800000011920929,0,0,1,0.550000011920929,0.20000000298023224
sessile-oak,planted,0.800000011920929,0,1,1,0.550000011920929,0.20000000298023224
sessile-oak,planted,0.800000011920929,0.800000011920929,0,1,0.23500001430511475,0.19359999895095825
sessile-oak,planted,0.800000011920929,0.800000011920929,1,1,0.23500001430511475,0.19359999895095825
beech,natural,0.079999998211860657,0,0,0.20000000298023224,0.29449999332427979,0.20000000298023224
beech,natural,0.079999998211860657,0,1,0.20000000298023224,0.29449999332427979,0.20000000298023224
beech,natural,0.079999998211860657,0.800000011920929,0,0.19680000841617584,0.26047998666763306,0.19680000841617584
beech,natural,0.079999998211860657,0.800000011920929,1,0.19680000841617584,0.26047998666763306,0.19680000841617584
beech,natural,0.800000011920929,0,0,0.20000000298023224,0.550000011920929,0.20000000298023224
beech,natural,0.800000011920929,0,1,0.20000000298023224,0.550000011920929,0.20000000298023224
beech,natural,0.800000011920929,0.800000011920929,0,0.19680000841617584,0.42399999499320984,0.19680000841617584
beech,natural,0.800000011920929,0.800000011920929,1,0.19680000841617584,0.42399999499320984,0.19680000841617584
beech,planted,0.079999998211860657,0,0,1,0.29449999332427979,0.20000000298023224
beech,planted,0.079999998211860657,0,1,1,0.29449999332427979,0.20000000298023224
beech,planted,0.079999998211860657,0.800000011920929,0,1,0.20945000648498535,0.19680000841617584
beech,planted,0.079999998211860657,0.800000011920929,1,1,0.20945000648498535,0.19680000841617584
beech,planted,0.800000011920929,0,0,1,0.550000011920929,0.20000000298023224
beech,planted,0.800000011920929,0,1,1,0.550000011920929,0.20000000298023224
beech,planted,0.800000011920929,0.800000011920929,0,1,0.23500001430511475,0.19680000841617584
beech,planted,0.800000011920929,0.800000011920929,1,1,0.23500001430511475,0.19680000841617584
