light,year,ferns,grasses,forbs,shrubs,mosses,fungi
0.079999998211860657,1,0.01875000074505806,0,0,0,0.698888897895813,0.671999990940094
0.079999998211860657,3,0.041062500327825546,0,0,0,0.698888897895813,0.671999990940094
0.079999998211860657,5,0.051995627582073212,0,0,0,0.698888897895813,0.671999990940094
0.079999998211860657,10,0.06073453277349472,0,0,0,0.698888897895813,0.671999990940094
0.079999998211860657,20,0.06245012953877449,0,0,0,0.698888897895813,0.671999990940094
0.40000000596046448,1,0.17500001192092896,0,0.034736849367618561,0,0.094444416463375092,0.56000000238418579
0.40000000596046448,3,0.38325002789497375,0,0.076073698699474335,0,0.094444416463375092,0.56000000238418579
0.40000000596046448,5,0.48529252409935,0,0.096328757703304291,0,0.094444416463375092,0.56000000238418579
0.40000000596046448,10,0.56685566902160645,0,0.11251872777938843,0,0.094444416463375092,0.56000000238418579
0.40000000596046448,20,0.58286798000335693,0,0.11569710820913315,0,0.094444416463375092,0.56000000238418579
0.800000011920929,1,0,0.18000000715255737,0.16500000655651093,0.1574999988079071,0,0.41999998688697815
0.800000011920929,3,0,0.39420002698898315,0.36135002970695496,0.34492498636245728,0,0.41999998688697815
0.800000011920929,5,0,0.49915802478790283,0.45756152272224426,0.4367632269859314,0,0.41999998688697815
0.800000011920929,10,0,0.58305150270462036,0.53446388244628906,0.510170042514801,0,0.41999998688697815
0.800000011920929,20,0,0.599521279335022,0.54956114292144775,0.52458107471466064,0,0.41999998688697815
