light,group,year,target,after_clearance,fraction_recovered,coefficient_grade
0.08,ferns,1,0.06250000000000001,0.018750000000000006,0.30000000000000004,D existing placeholder
0.08,ferns,3,0.06250000000000001,0.04106250000000001,0.657,D existing placeholder
0.08,ferns,5,0.06250000000000001,0.05199562500000002,0.8319300000000001,D existing placeholder
0.08,ferns,10,0.06250000000000001,0.06073452969375002,0.9717524751000001,D existing placeholder
0.08,ferns,20,0.06250000000000001,0.06245012983356401,0.9992020773370239,D existing placeholder
0.08,grasses,1,0.0,0.0,0.30000000000000004,D existing placeholder
0.08,grasses,3,0.0,0.0,0.657,D existing placeholder
0.08,grasses,5,0.0,0.0,0.8319300000000001,D existing placeholder
0.08,grasses,10,0.0,0.0,0.9717524751000001,D existing placeholder
0.08,grasses,20,0.0,0.0,0.9992020773370239,D existing placeholder
0.08,forbs,1,0.0,0.0,0.30000000000000004,D existing placeholder
0.08,forbs,3,0.0,0.0,0.657,D existing placeholder
0.08,forbs,5,0.0,0.0,0.8319300000000001,D existing placeholder
0.08,forbs,10,0.0,0.0,0.9717524751000001,D existing placeholder
0.08,forbs,20,0.0,0.0,0.9992020773370239,D existing placeholder
0.08,shrubs,1,0.0,0.0,0.30000000000000004,D existing placeholder
0.08,shrubs,3,0.0,0.0,0.657,D existing placeholder
0.08,shrubs,5,0.0,0.0,0.8319300000000001,D existing placeholder
0.08,shrubs,10,0.0,0.0,0.9717524751000001,D existing placeholder
0.08,shrubs,20,0.0,0.0,0.9992020773370239,D existing placeholder
0.4,ferns,1,0.5833333333333333,0.17500000000000002,0.30000000000000004,D existing placeholder
0.4,ferns,3,0.5833333333333333,0.38325,0.657,D existing placeholder
0.4,ferns,5,0.5833333333333333,0.48529249999999996,0.8319300000000001,D existing placeholder
0.4,ferns,10,0.5833333333333333,0.566855610475,0.9717524751000001,D existing placeholder
0.4,ferns,20,0.5833333333333333,0.5828678784465973,0.9992020773370239,D existing placeholder
0.4,grasses,1,0.0,0.0,0.30000000000000004,D existing placeholder
0.4,grasses,3,0.0,0.0,0.657,D existing placeholder
0.4,grasses,5,0.0,0.0,0.8319300000000001,D existing placeholder
0.4,grasses,10,0.0,0.0,0.9717524751000001,D existing placeholder
0.4,grasses,20,0.0,0.0,0.9992020773370239,D existing placeholder
0.4,forbs,1,0.11578947368421055,0.03473684210526317,0.30000000000000004,D existing placeholder
0.4,forbs,3,0.11578947368421055,0.07607368421052634,0.657,D existing placeholder
0.4,forbs,5,0.11578947368421055,0.09632873684210529,0.8319300000000001,D existing placeholder
0.4,forbs,10,0.11578947368421055,0.11251870764315793,0.9717524751000001,D existing placeholder
0.4,forbs,20,0.11578947368421055,0.11569708263902385,0.9992020773370239,D existing placeholder
0.4,shrubs,1,0.0,0.0,0.30000000000000004,D existing placeholder
0.4,shrubs,3,0.0,0.0,0.657,D existing placeholder
0.4,shrubs,5,0.0,0.0,0.8319300000000001,D existing placeholder
0.4,shrubs,10,0.0,0.0,0.9717524751000001,D existing placeholder
0.4,shrubs,20,0.0,0.0,0.9992020773370239,D existing placeholder
0.8,ferns,1,0.0,0.0,0.30000000000000004,D existing placeholder
0.8,ferns,3,0.0,0.0,0.657,D existing placeholder
0.8,ferns,5,0.0,0.0,0.8319300000000001,D existing placeholder
0.8,ferns,10,0.0,0.0,0.9717524751000001,D existing placeholder
0.8,ferns,20,0.0,0.0,0.9992020773370239,D existing placeholder
0.8,grasses,1,0.6,0.18000000000000002,0.30000000000000004,D existing placeholder
0.8,grasses,3,0.6,0.3942,0.657,D existing placeholder
0.8,grasses,5,0.6,0.499158,0.8319300000000001,D existing placeholder
0.8,grasses,10,0.6,0.58305148506,0.9717524751000001,D existing placeholder
0.8,grasses,20,0.6,0.5995212464022144,0.9992020773370239,D existing placeholder
0.8,forbs,1,0.55,0.16500000000000004,0.30000000000000004,D existing placeholder
0.8,forbs,3,0.55,0.36135000000000006,0.657,D existing placeholder
0.8,forbs,5,0.55,0.45756150000000007,0.8319300000000001,D existing placeholder
0.8,forbs,10,0.55,0.5344638613050001,0.9717524751000001,D existing placeholder
0.8,forbs,20,0.55,0.5495611425353633,0.9992020773370239,D existing placeholder
0.8,shrubs,1,0.525,0.15750000000000003,0.30000000000000004,D existing placeholder
0.8,shrubs,3,0.525,0.34492500000000004,0.657,D existing placeholder
0.8,shrubs,5,0.525,0.43676325000000005,0.8319300000000001,D existing placeholder
0.8,shrubs,10,0.525,0.5101700494275001,0.9717524751000001,D existing placeholder
0.8,shrubs,20,0.525,0.5245810906019376,0.9992020773370239,D existing placeholder
