run,repeat,year,hash
thin0_browse0_clear0,0,10,73F584D2C675B67F699C414307A001D6D91271C87F0548D8A77F462EA0DAAC0B
thin0_browse0_clear0,0,25,0C396AF44097C4EF326960B1B5D2BC7926CE4C4CDB6FEF53019868DBD5A2E9B2
thin0_browse0_clear0,0,50,B614D6BA1829B3087969350FAF2A4DC415338E4C780A04DF739A6BBFE8C101DC
thin0_browse0_clear0,0,100,88EE84B90F0889E0CB990AD77D3556E72A20D9F004523C314626F9415827C56C
thin0_browse0_clear0,1,10,73F584D2C675B67F699C414307A001D6D91271C87F0548D8A77F462EA0DAAC0B
thin0_browse0_clear0,1,25,0C396AF44097C4EF326960B1B5D2BC7926CE4C4CDB6FEF53019868DBD5A2E9B2
thin0_browse0_clear0,1,50,B614D6BA1829B3087969350FAF2A4DC415338E4C780A04DF739A6BBFE8C101DC
thin0_browse0_clear0,1,100,88EE84B90F0889E0CB990AD77D3556E72A20D9F004523C314626F9415827C56C
thin0_browse0.800000011920929_clear0,0,10,4CF08F3E484F1E4F1A4DF32B68E7D58B894DE1875EB778790FF07765EFD2D2F9
thin0_browse0.800000011920929_clear0,0,25,AC05A53A39B3BA8165E1750F606FCFE8EF931FFD48F312D97FFA876631A1C31A
thin0_browse0.800000011920929_clear0,0,50,57C370902519C4D6CC1EED01BCF7FD8EBBF761508B9BF6F872157CA1AD65D7A3
thin0_browse0.800000011920929_clear0,0,100,C85A7EDC998798F9881B5A48BE3254B076C7D95BFDE4847A30F43A040F51E849
thin0_browse0.800000011920929_clear0,1,10,4CF08F3E484F1E4F1A4DF32B68E7D58B894DE1875EB778790FF07765EFD2D2F9
thin0_browse0.800000011920929_clear0,1,25,AC05A53A39B3BA8165E1750F606FCFE8EF931FFD48F312D97FFA876631A1C31A
thin0_browse0.800000011920929_clear0,1,50,57C370902519C4D6CC1EED01BCF7FD8EBBF761508B9BF6F872157CA1AD65D7A3
thin0_browse0.800000011920929_clear0,1,100,C85A7EDC998798F9881B5A48BE3254B076C7D95BFDE4847A30F43A040F51E849
thin0.20000000298023224_browse0_clear0,0,10,34F78C2042BAE4E240630D14EB3285B20B015204DB8C861BCD79F3D300DA3B4A
thin0.20000000298023224_browse0_clear0,0,25,9F93D3BD6769950D2EABB96E9FF59DC37F953C7216A77017AF05026E63EF21B3
thin0.20000000298023224_browse0_clear0,0,50,93E2AE8273074EE8265AEFB37CB69716A63EAFF8F263B1C84FEC320CAE473DD4
thin0.20000000298023224_browse0_clear0,0,100,4B8E0A6845C1C40C03C296DEFBFDC70575C5E17FD342FBB5193E5B60055024A9
thin0.20000000298023224_browse0_clear0,1,10,34F78C2042BAE4E240630D14EB3285B20B015204DB8C861BCD79F3D300DA3B4A
thin0.20000000298023224_browse0_clear0,1,25,9F93D3BD6769950D2EABB96E9FF59DC37F953C7216A77017AF05026E63EF21B3
thin0.20000000298023224_browse0_clear0,1,50,93E2AE8273074EE8265AEFB37CB69716A63EAFF8F263B1C84FEC320CAE473DD4
thin0.20000000298023224_browse0_clear0,1,100,4B8E0A6845C1C40C03C296DEFBFDC70575C5E17FD342FBB5193E5B60055024A9
thin0.20000000298023224_browse0.800000011920929_clear0,0,10,68A6960555B3D0B976A4AAE3C6F10EB3BCC42AA7C1B3A6843487B3202547289F
thin0.20000000298023224_browse0.800000011920929_clear0,0,25,1F9740EB4B164D2767312AC1EC385544D53D6C606F2F80B2EE4CAB95B292189C
thin0.20000000298023224_browse0.800000011920929_clear0,0,50,E804031C571F22D08169D35B79A8FF69A9E7BE3D6C31581E51105DC6E7015551
thin0.20000000298023224_browse0.800000011920929_clear0,0,100,05CDE453DAB843921FDF10F130E09B5E38D01E320E470E4DBD1A2F39A5190F85
thin0.20000000298023224_browse0.800000011920929_clear0,1,10,68A6960555B3D0B976A4AAE3C6F10EB3BCC42AA7C1B3A6843487B3202547289F
thin0.20000000298023224_browse0.800000011920929_clear0,1,25,1F9740EB4B164D2767312AC1EC385544D53D6C606F2F80B2EE4CAB95B292189C
thin0.20000000298023224_browse0.800000011920929_clear0,1,50,E804031C571F22D08169D35B79A8FF69A9E7BE3D6C31581E51105DC6E7015551
thin0.20000000298023224_browse0.800000011920929_clear0,1,100,05CDE453DAB843921FDF10F130E09B5E38D01E320E470E4DBD1A2F39A5190F85
thin0.40000000596046448_browse0_clear0,0,10,86F8863B3FB6818386178F5B67979C7359CB2FCDE3016F2E2E303F5FE36975FE
thin0.40000000596046448_browse0_clear0,0,25,A0D596A07EEAC905ED83D1B3B03ACB93CE26189BEDC6C6FDE6225857AD1CFFD1
thin0.40000000596046448_browse0_clear0,0,50,FF1296005DF77F33FF53B27E5A3C5E939113E9B9BDFA78DA7D0DA6A41534E390
thin0.40000000596046448_browse0_clear0,0,100,736D05ABA6F89945D6EF23D67618B9ABADB5A84B4A087FF51A2F29A6E193BEA2
thin0.40000000596046448_browse0_clear0,1,10,86F8863B3FB6818386178F5B67979C7359CB2FCDE3016F2E2E303F5FE36975FE
thin0.40000000596046448_browse0_clear0,1,25,A0D596A07EEAC905ED83D1B3B03ACB93CE26189BEDC6C6FDE6225857AD1CFFD1
thin0.40000000596046448_browse0_clear0,1,50,FF1296005DF77F33FF53B27E5A3C5E939113E9B9BDFA78DA7D0DA6A41534E390
thin0.40000000596046448_browse0_clear0,1,100,736D05ABA6F89945D6EF23D67618B9ABADB5A84B4A087FF51A2F29A6E193BEA2
thin0.40000000596046448_browse0_clear1,0,10,86F8863B3FB6818386178F5B67979C7359CB2FCDE3016F2E2E303F5FE36975FE
thin0.40000000596046448_browse0_clear1,0,25,A0D596A07EEAC905ED83D1B3B03ACB93CE26189BEDC6C6FDE6225857AD1CFFD1
thin0.40000000596046448_browse0_clear1,0,50,FF1296005DF77F33FF53B27E5A3C5E939113E9B9BDFA78DA7D0DA6A41534E390
thin0.40000000596046448_browse0_clear1,0,100,736D05ABA6F89945D6EF23D67618B9ABADB5A84B4A087FF51A2F29A6E193BEA2
thin0.40000000596046448_browse0_clear1,1,10,86F8863B3FB6818386178F5B67979C7359CB2FCDE3016F2E2E303F5FE36975FE
thin0.40000000596046448_browse0_clear1,1,25,A0D596A07EEAC905ED83D1B3B03ACB93CE26189BEDC6C6FDE6225857AD1CFFD1
thin0.40000000596046448_browse0_clear1,1,50,FF1296005DF77F33FF53B27E5A3C5E939113E9B9BDFA78DA7D0DA6A41534E390
thin0.40000000596046448_browse0_clear1,1,100,736D05ABA6F89945D6EF23D67618B9ABADB5A84B4A087FF51A2F29A6E193BEA2
thin0.40000000596046448_browse0_clear5,0,10,AB87CBE9E3EE21C7AA32FD7C9F3A3AA168D9FAEFC4C4C80785594B8DC245F8B1
thin0.40000000596046448_browse0_clear5,0,25,80EC194BA1A83782809604049D489299186D3012251BEBBB5D15254C899C58C5
thin0.40000000596046448_browse0_clear5,0,50,2904AFA3FA73B3060B59A69EA3A948049158ACB4BA66BB33A1AE7D0BCBCB7C82
thin0.40000000596046448_browse0_clear5,0,100,EACA23D3657E9C4EE36938995A487D6D2DEAFDA2CE487725E9DF98B6851ED4D0
thin0.40000000596046448_browse0_clear5,1,10,AB87CBE9E3EE21C7AA32FD7C9F3A3AA168D9FAEFC4C4C80785594B8DC245F8B1
thin0.40000000596046448_browse0_clear5,1,25,80EC194BA1A83782809604049D489299186D3012251BEBBB5D15254C899C58C5
thin0.40000000596046448_browse0_clear5,1,50,2904AFA3FA73B3060B59A69EA3A948049158ACB4BA66BB33A1AE7D0BCBCB7C82
thin0.40000000596046448_browse0_clear5,1,100,EACA23D3657E9C4EE36938995A487D6D2DEAFDA2CE487725E9DF98B6851ED4D0
thin0.40000000596046448_browse0.800000011920929_clear0,0,10,07559F024E82785F0E523D3AE574A40269FC646C0EF9935DBF5FF5573D1D1BFF
thin0.40000000596046448_browse0.800000011920929_clear0,0,25,0938DAF6EFF9D8B496A83B85B1A00C5F06046EA834F35C30C3148267CD5454C2
thin0.40000000596046448_browse0.800000011920929_clear0,0,50,D8681BFE3AFBA37EDA093326D3F71EF9BB0E72F8BB52C726620B7047425879F2
thin0.40000000596046448_browse0.800000011920929_clear0,0,100,546D654951486B580EE65884789CEB101B0628BF23ED045034C8EEE1F1F8C72C
thin0.40000000596046448_browse0.800000011920929_clear0,1,10,07559F024E82785F0E523D3AE574A40269FC646C0EF9935DBF5FF5573D1D1BFF
thin0.40000000596046448_browse0.800000011920929_clear0,1,25,0938DAF6EFF9D8B496A83B85B1A00C5F06046EA834F35C30C3148267CD5454C2
thin0.40000000596046448_browse0.800000011920929_clear0,1,50,D8681BFE3AFBA37EDA093326D3F71EF9BB0E72F8BB52C726620B7047425879F2
thin0.40000000596046448_browse0.800000011920929_clear0,1,100,546D654951486B580EE65884789CEB101B0628BF23ED045034C8EEE1F1F8C72C
thin0.40000000596046448_browse0.800000011920929_clear1,0,10,07559F024E82785F0E523D3AE574A40269FC646C0EF9935DBF5FF5573D1D1BFF
thin0.40000000596046448_browse0.800000011920929_clear1,0,25,0938DAF6EFF9D8B496A83B85B1A00C5F06046EA834F35C30C3148267CD5454C2
thin0.40000000596046448_browse0.800000011920929_clear1,0,50,D8681BFE3AFBA37EDA093326D3F71EF9BB0E72F8BB52C726620B7047425879F2
thin0.40000000596046448_browse0.800000011920929_clear1,0,100,546D654951486B580EE65884789CEB101B0628BF23ED045034C8EEE1F1F8C72C
thin0.40000000596046448_browse0.800000011920929_clear1,1,10,07559F024E82785F0E523D3AE574A40269FC646C0EF9935DBF5FF5573D1D1BFF
thin0.40000000596046448_browse0.800000011920929_clear1,1,25,0938DAF6EFF9D8B496A83B85B1A00C5F06046EA834F35C30C3148267CD5454C2
thin0.40000000596046448_browse0.800000011920929_clear1,1,50,D8681BFE3AFBA37EDA093326D3F71EF9BB0E72F8BB52C726620B7047425879F2
thin0.40000000596046448_browse0.800000011920929_clear1,1,100,546D654951486B580EE65884789CEB101B0628BF23ED045034C8EEE1F1F8C72C
thin0.40000000596046448_browse0.800000011920929_clear5,0,10,E7E9E029B2A5A0D9091447F4A90B15622675A21DDBA542E3F391AACD9F6AB0DD
thin0.40000000596046448_browse0.800000011920929_clear5,0,25,7F033479038D844A2F82E1BF7435C85DEC63B5A9B35E175D4FF3C9CA3A5E1F09
thin0.40000000596046448_browse0.800000011920929_clear5,0,50,F36A8061551B24D3CEA043A4C3837A4DFF52B9EDD1B015919185A527C52A4122
thin0.40000000596046448_browse0.800000011920929_clear5,0,100,C5CE1620EA9F5B19DE58442E003DE5F3C476D1FC25F052DC0336CAC63B591A45
thin0.40000000596046448_browse0.800000011920929_clear5,1,10,E7E9E029B2A5A0D9091447F4A90B15622675A21DDBA542E3F391AACD9F6AB0DD
thin0.40000000596046448_browse0.800000011920929_clear5,1,25,7F033479038D844A2F82E1BF7435C85DEC63B5A9B35E175D4FF3C9CA3A5E1F09
thin0.40000000596046448_browse0.800000011920929_clear5,1,50,F36A8061551B24D3CEA043A4C3837A4DFF52B9EDD1B015919185A527C52A4122
thin0.40000000596046448_browse0.800000011920929_clear5,1,100,C5CE1620EA9F5B19DE58442E003DE5F3C476D1FC25F052DC0336CAC63B591A45
thin0.60000002384185791_browse0_clear0,0,10,E562B50FE5078F825CDAF671232DD91CA97ACA1CF8FBB027B86961FF1FF90FBC
thin0.60000002384185791_browse0_clear0,0,25,D5A00AEA9155BA26D76EF6065114B825C57CF7570E69A801E85466EB85386FA4
thin0.60000002384185791_browse0_clear0,0,50,EF21AB50B0521BF38C60A1E9370FD75FA32CC2CD07657FBB856E4AB111ED46F7
thin0.60000002384185791_browse0_clear0,0,100,4C17908CA0B69EF28FC6D492E17A4AE3ABCD1F030F818757D1DE433590FD0337
thin0.60000002384185791_browse0_clear0,1,10,E562B50FE5078F825CDAF671232DD91CA97ACA1CF8FBB027B86961FF1FF90FBC
thin0.60000002384185791_browse0_clear0,1,25,D5A00AEA9155BA26D76EF6065114B825C57CF7570E69A801E85466EB85386FA4
thin0.60000002384185791_browse0_clear0,1,50,EF21AB50B0521BF38C60A1E9370FD75FA32CC2CD07657FBB856E4AB111ED46F7
thin0.60000002384185791_browse0_clear0,1,100,4C17908CA0B69EF28FC6D492E17A4AE3ABCD1F030F818757D1DE433590FD0337
thin0.60000002384185791_browse0_clear1,0,10,E562B50FE5078F825CDAF671232DD91CA97ACA1CF8FBB027B86961FF1FF90FBC
thin0.60000002384185791_browse0_clear1,0,25,D5A00AEA9155BA26D76EF6065114B825C57CF7570E69A801E85466EB85386FA4
thin0.60000002384185791_browse0_clear1,0,50,EF21AB50B0521BF38C60A1E9370FD75FA32CC2CD07657FBB856E4AB111ED46F7
thin0.60000002384185791_browse0_clear1,0,100,4C17908CA0B69EF28FC6D492E17A4AE3ABCD1F030F818757D1DE433590FD0337
thin0.60000002384185791_browse0_clear1,1,10,E562B50FE5078F825CDAF671232DD91CA97ACA1CF8FBB027B86961FF1FF90FBC
thin0.60000002384185791_browse0_clear1,1,25,D5A00AEA9155BA26D76EF6065114B825C57CF7570E69A801E85466EB85386FA4
thin0.60000002384185791_browse0_clear1,1,50,EF21AB50B0521BF38C60A1E9370FD75FA32CC2CD07657FBB856E4AB111ED46F7
thin0.60000002384185791_browse0_clear1,1,100,4C17908CA0B69EF28FC6D492E17A4AE3ABCD1F030F818757D1DE433590FD0337
thin0.60000002384185791_browse0_clear5,0,10,5F34C8A274EFF9E715372FB265CF5FCE13587808CE734FDCCBB3FF121770D7BA
thin0.60000002384185791_browse0_clear5,0,25,B6AEEA469874091A84BA42C27CB0C2CB0CF5915ECA04FBDF149F0D06147F2932
thin0.60000002384185791_browse0_clear5,0,50,9A6747D4F556A25E5C5F6037AE6A3FF4D8990457B09868A22BA65887FC8EBF33
thin0.60000002384185791_browse0_clear5,0,100,A81134BD8EAD4CB7F0CF72608024A69270587E5265A55FEF9BEC4CE141AF2353
thin0.60000002384185791_browse0_clear5,1,10,5F34C8A274EFF9E715372FB265CF5FCE13587808CE734FDCCBB3FF121770D7BA
thin0.60000002384185791_browse0_clear5,1,25,B6AEEA469874091A84BA42C27CB0C2CB0CF5915ECA04FBDF149F0D06147F2932
thin0.60000002384185791_browse0_clear5,1,50,9A6747D4F556A25E5C5F6037AE6A3FF4D8990457B09868A22BA65887FC8EBF33
thin0.60000002384185791_browse0_clear5,1,100,A81134BD8EAD4CB7F0CF72608024A69270587E5265A55FEF9BEC4CE141AF2353
thin0.60000002384185791_browse0.800000011920929_clear0,0,10,E10974162B0DAEB720A44048FDC1C9870236F28934465BAD87DAC6A5C90CF023
thin0.60000002384185791_browse0.800000011920929_clear0,0,25,70710F51631395F2874CDD22CD452DBC2C9DD3D42A8811032C5B825702234E21
thin0.60000002384185791_browse0.800000011920929_clear0,0,50,1B98B74A73F6AAFF08651409153430C241C7939C952D9C142BA705ACDCC96976
thin0.60000002384185791_browse0.800000011920929_clear0,0,100,37BA79D30303F81B211B22E39DBE940C4A2AEC34E8FED005C1FD1389B6EDE52E
thin0.60000002384185791_browse0.800000011920929_clear0,1,10,E10974162B0DAEB720A44048FDC1C9870236F28934465BAD87DAC6A5C90CF023
thin0.60000002384185791_browse0.800000011920929_clear0,1,25,70710F51631395F2874CDD22CD452DBC2C9DD3D42A8811032C5B825702234E21
thin0.60000002384185791_browse0.800000011920929_clear0,1,50,1B98B74A73F6AAFF08651409153430C241C7939C952D9C142BA705ACDCC96976
thin0.60000002384185791_browse0.800000011920929_clear0,1,100,37BA79D30303F81B211B22E39DBE940C4A2AEC34E8FED005C1FD1389B6EDE52E
thin0.60000002384185791_browse0.800000011920929_clear1,0,10,E10974162B0DAEB720A44048FDC1C9870236F28934465BAD87DAC6A5C90CF023
thin0.60000002384185791_browse0.800000011920929_clear1,0,25,70710F51631395F2874CDD22CD452DBC2C9DD3D42A8811032C5B825702234E21
thin0.60000002384185791_browse0.800000011920929_clear1,0,50,1B98B74A73F6AAFF08651409153430C241C7939C952D9C142BA705ACDCC96976
thin0.60000002384185791_browse0.800000011920929_clear1,0,100,37BA79D30303F81B211B22E39DBE940C4A2AEC34E8FED005C1FD1389B6EDE52E
thin0.60000002384185791_browse0.800000011920929_clear1,1,10,E10974162B0DAEB720A44048FDC1C9870236F28934465BAD87DAC6A5C90CF023
thin0.60000002384185791_browse0.800000011920929_clear1,1,25,70710F51631395F2874CDD22CD452DBC2C9DD3D42A8811032C5B825702234E21
thin0.60000002384185791_browse0.800000011920929_clear1,1,50,1B98B74A73F6AAFF08651409153430C241C7939C952D9C142BA705ACDCC96976
thin0.60000002384185791_browse0.800000011920929_clear1,1,100,37BA79D30303F81B211B22E39DBE940C4A2AEC34E8FED005C1FD1389B6EDE52E
thin0.60000002384185791_browse0.800000011920929_clear5,0,10,E2B1CFDCE7662B9A42A804D4E94B27863121BAE66D28E91DEF3C4AA7A49635AF
thin0.60000002384185791_browse0.800000011920929_clear5,0,25,42CB85364B98C940D76298D66D33698FC34C5ABF7D04654C52FE4C3565BB2BAE
thin0.60000002384185791_browse0.800000011920929_clear5,0,50,EF4F2006A3E4ABA09A7E08DC61AEAE6177E4A56D66617E90AA65C669927FB2B2
thin0.60000002384185791_browse0.800000011920929_clear5,0,100,E9F7FDC523AE52405DD053340E92271DA7FBF09EB26F89C0E9328A8F3469E729
thin0.60000002384185791_browse0.800000011920929_clear5,1,10,E2B1CFDCE7662B9A42A804D4E94B27863121BAE66D28E91DEF3C4AA7A49635AF
thin0.60000002384185791_browse0.800000011920929_clear5,1,25,42CB85364B98C940D76298D66D33698FC34C5ABF7D04654C52FE4C3565BB2BAE
thin0.60000002384185791_browse0.800000011920929_clear5,1,50,EF4F2006A3E4ABA09A7E08DC61AEAE6177E4A56D66617E90AA65C669927FB2B2
thin0.60000002384185791_browse0.800000011920929_clear5,1,100,E9F7FDC523AE52405DD053340E92271DA7FBF09EB26F89C0E9328A8F3469E729
