run,seed,year,intensity,direction,victims,crops_lost,volume_m3,affected_cells,canopy_rebuilds,seed_rebuilds
f0.0099999997764825821-w0-mFalse-s1,20268833,39,0.019999999552965164,202.56385803222656,5,0,7.5122222900390625,5,1,1
f0.0099999997764825821-w0-mFalse-s1,20268833,85,0.18000000715255737,88.8739242553711,4,0,17.912145614624023,4,1,1
f0.0099999997764825821-w0-mFalse-s3,20284671,45,0.019999999552965164,49.920566558837891,2,0,3.7615094184875488,2,1,1
f0.0099999997764825821-w0-mFalse-s4,20292590,4,0.019999999552965164,337.365234375,3,0,0.44849708676338196,3,1,1
f0.0099999997764825821-w0-mFalse-s6,20308428,46,0.18000000715255737,183.588623046875,21,0,34.350566864013672,17,1,1
f0.0099999997764825821-w0-mTrue-s1,20268833,39,0.019999999552965164,202.56385803222656,4,2,6.9996800422668457,4,1,1
f0.0099999997764825821-w0-mTrue-s1,20268833,85,0.18000000715255737,88.8739242553711,10,2,45.136722564697266,10,1,1
f0.0099999997764825821-w0-mTrue-s3,20284671,45,0.019999999552965164,49.920566558837891,3,2,7.1684470176696777,3,1,1
f0.0099999997764825821-w0-mTrue-s4,20292590,4,0.019999999552965164,337.365234375,4,0,0.58118414878845215,4,1,1
f0.0099999997764825821-w0-mTrue-s6,20308428,46,0.18000000715255737,183.588623046875,14,0,22.244663238525391,13,1,1
f0.0099999997764825821-w1-mFalse-s1,20268833,39,0.019999999552965164,202.56385803222656,5,0,7.5122222900390625,5,1,1
f0.0099999997764825821-w1-mFalse-s1,20268833,85,0.059999998658895493,88.8739242553711,2,0,8.72506046295166,2,1,1
f0.0099999997764825821-w1-mFalse-s3,20284671,45,0.019999999552965164,49.920566558837891,2,0,3.7615094184875488,2,1,1
f0.0099999997764825821-w1-mFalse-s4,20292590,4,0.019999999552965164,337.365234375,3,0,0.44849708676338196,3,1,1
f0.0099999997764825821-w1-mFalse-s6,20308428,46,0.059999998658895493,183.588623046875,9,0,15.035057067871094,9,1,1
f0.0099999997764825821-w1-mTrue-s1,20268833,39,0.019999999552965164,202.56385803222656,4,2,6.9996800422668457,4,1,1
f0.0099999997764825821-w1-mTrue-s1,20268833,85,0.059999998658895493,88.8739242553711,2,2,10.914830207824707,2,1,1
f0.0099999997764825821-w1-mTrue-s3,20284671,45,0.019999999552965164,49.920566558837891,3,2,7.1684470176696777,3,1,1
f0.0099999997764825821-w1-mTrue-s4,20292590,4,0.019999999552965164,337.365234375,4,0,0.58118414878845215,4,1,1
f0.0099999997764825821-w1-mTrue-s6,20308428,46,0.059999998658895493,183.588623046875,6,0,9.53116226196289,6,1,1
f0.019999999552965164-w0-mFalse-s0,20260914,3,0.18000000715255737,38.1548957824707,22,0,3.585951566696167,17,1,1
f0.019999999552965164-w0-mFalse-s1,20268833,30,0.059999998658895493,42.273757934570313,19,0,17.711704254150391,14,1,1
f0.019999999552965164-w0-mFalse-s1,20268833,39,0.019999999552965164,202.56385803222656,6,0,9.2743234634399414,6,1,1
f0.019999999552965164-w0-mFalse-s1,20268833,83,0.019999999552965164,271.80740356445313,1,0,4.07975959777832,1,1,1
f0.019999999552965164-w0-mFalse-s1,20268833,85,0.18000000715255737,88.8739242553711,7,0,29.851463317871094,7,1,1
f0.019999999552965164-w0-mFalse-s2,20276752,24,0.059999998658895493,60.049789428710938,18,0,11.074216842651367,15,1,1
f0.019999999552965164-w0-mFalse-s3,20284671,42,0.059999998658895493,332.801513671875,7,0,12.977498054504395,7,1,1
f0.019999999552965164-w0-mFalse-s3,20284671,45,0.019999999552965164,49.920566558837891,2,0,3.5014998912811279,2,1,1
f0.019999999552965164-w0-mFalse-s3,20284671,56,0.18000000715255737,95.882728576660156,15,0,38.862567901611328,14,1,1
f0.019999999552965164-w0-mFalse-s3,20284671,73,0.059999998658895493,318.86309814453125,4,0,12.082332611083984,4,1,1
f0.019999999552965164-w0-mFalse-s4,20292590,4,0.019999999552965164,337.365234375,3,0,0.44849708676338196,3,1,1
f0.019999999552965164-w0-mFalse-s4,20292590,29,0.019999999552965164,346.56536865234375,8,0,7.2593832015991211,8,1,1
f0.019999999552965164-w0-mFalse-s4,20292590,52,0.18000000715255737,177.50234985351563,16,0,33.158767700195313,14,1,1
f0.019999999552965164-w0-mFalse-s5,20300509,23,0.18000000715255737,248.76185607910156,52,0,30.11979866027832,36,1,1
f0.019999999552965164-w0-mFalse-s6,20308428,46,0.18000000715255737,183.588623046875,21,0,34.350566864013672,17,1,1
f0.019999999552965164-w0-mFalse-s6,20308428,50,0.18000000715255737,12.71418571472168,20,0,44.169605255126953,15,1,1
f0.019999999552965164-w0-mTrue-s0,20260914,3,0.18000000715255737,38.1548957824707,26,2,4.0774435997009277,21,1,1
f0.019999999552965164-w0-mTrue-s1,20268833,30,0.059999998658895493,42.273757934570313,11,2,10.07832145690918,9,1,1
f0.019999999552965164-w0-mTrue-s1,20268833,39,0.019999999552965164,202.56385803222656,4,2,6.9874348640441895,4,1,1
f0.019999999552965164-w0-mTrue-s1,20268833,83,0.019999999552965164,271.80740356445313,0,0,0,0,0,0
f0.019999999552965164-w0-mTrue-s1,20268833,85,0.18000000715255737,88.8739242553711,8,2,37.676033020019531,8,1,1
f0.019999999552965164-w0-mTrue-s2,20276752,24,0.059999998658895493,60.049789428710938,16,3,11.072109222412109,13,1,1
f0.019999999552965164-w0-mTrue-s3,20284671,42,0.059999998658895493,332.801513671875,8,2,13.853608131408691,7,1,1
f0.019999999552965164-w0-mTrue-s3,20284671,45,0.019999999552965164,49.920566558837891,1,1,2.6823155879974365,1,1,1
f0.019999999552965164-w0-mTrue-s3,20284671,56,0.18000000715255737,95.882728576660156,12,3,28.690610885620117,10,1,1
f0.019999999552965164-w0-mTrue-s3,20284671,73,0.059999998658895493,318.86309814453125,3,0,9.5818443298339844,3,1,1
f0.019999999552965164-w0-mTrue-s4,20292590,4,0.019999999552965164,337.365234375,4,0,0.58118414878845215,4,1,1
f0.019999999552965164-w0-mTrue-s4,20292590,29,0.019999999552965164,346.56536865234375,4,1,3.1455304622650146,4,1,1
f0.019999999552965164-w0-mTrue-s4,20292590,52,0.18000000715255737,177.50234985351563,16,4,31.241655349731445,14,1,1
f0.019999999552965164-w0-mTrue-s5,20300509,23,0.18000000715255737,248.76185607910156,56,8,32.470474243164063,35,1,1
f0.019999999552965164-w0-mTrue-s6,20308428,46,0.18000000715255737,183.588623046875,14,0,22.244663238525391,13,1,1
f0.019999999552965164-w0-mTrue-s6,20308428,50,0.18000000715255737,12.71418571472168,17,5,36.827064514160156,14,1,1
f0.019999999552965164-w1-mFalse-s0,20260914,3,0.18000000715255737,38.1548957824707,22,0,3.585951566696167,17,1,1
f0.019999999552965164-w1-mFalse-s1,20268833,30,0.019999999552965164,42.273757934570313,8,0,7.1812291145324707,8,1,1
f0.019999999552965164-w1-mFalse-s1,20268833,39,0.019999999552965164,202.56385803222656,6,0,9.221527099609375,6,1,1
f0.019999999552965164-w1-mFalse-s1,20268833,83,0.019999999552965164,271.80740356445313,0,0,0,0,0,0
f0.019999999552965164-w1-mFalse-s1,20268833,85,0.059999998658895493,88.8739242553711,3,0,13.694947242736816,3,1,1
f0.019999999552965164-w1-mFalse-s2,20276752,24,0.019999999552965164,60.049789428710938,3,0,2.169090747833252,3,1,1
f0.019999999552965164-w1-mFalse-s3,20284671,42,0.019999999552965164,332.801513671875,3,0,6.214747428894043,3,1,1
f0.019999999552965164-w1-mFalse-s3,20284671,45,0.019999999552965164,49.920566558837891,2,0,3.7662887573242188,2,1,1
f0.019999999552965164-w1-mFalse-s3,20284671,56,0.18000000715255737,95.882728576660156,13,0,34.691577911376953,12,1,1
f0.019999999552965164-w1-mFalse-s3,20284671,73,0.019999999552965164,318.86309814453125,0,0,0,0,0,0
f0.019999999552965164-w1-mFalse-s4,20292590,4,0.019999999552965164,337.365234375,3,0,0.44849708676338196,3,1,1
f0.019999999552965164-w1-mFalse-s4,20292590,29,0.019999999552965164,346.56536865234375,8,0,7.2593832015991211,8,1,1
f0.019999999552965164-w1-mFalse-s4,20292590,52,0.059999998658895493,177.50234985351563,6,0,13.355234146118164,6,1,1
f0.019999999552965164-w1-mFalse-s5,20300509,23,0.18000000715255737,248.76185607910156,52,0,30.11979866027832,36,1,1
f0.019999999552965164-w1-mFalse-s6,20308428,46,0.059999998658895493,183.588623046875,9,0,15.035057067871094,9,1,1
f0.019999999552965164-w1-mFalse-s6,20308428,50,0.059999998658895493,12.71418571472168,6,0,13.841959953308105,6,1,1
f0.019999999552965164-w1-mTrue-s0,20260914,3,0.18000000715255737,38.1548957824707,26,2,4.0774435997009277,21,1,1
f0.019999999552965164-w1-mTrue-s1,20268833,30,0.019999999552965164,42.273757934570313,3,1,3.3044826984405518,3,1,1
f0.019999999552965164-w1-mTrue-s1,20268833,39,0.019999999552965164,202.56385803222656,4,2,7.0009760856628418,4,1,1
f0.019999999552965164-w1-mTrue-s1,20268833,83,0.019999999552965164,271.80740356445313,0,0,0,0,0,0
f0.019999999552965164-w1-mTrue-s1,20268833,85,0.059999998658895493,88.8739242553711,3,2,14.834444999694824,3,1,1
f0.019999999552965164-w1-mTrue-s2,20276752,24,0.019999999552965164,60.049789428710938,3,1,2.2751321792602539,3,1,1
f0.019999999552965164-w1-mTrue-s3,20284671,42,0.019999999552965164,332.801513671875,4,2,8.60606861114502,3,1,1
f0.019999999552965164-w1-mTrue-s3,20284671,45,0.019999999552965164,49.920566558837891,2,1,4.8345832824707031,2,1,1
f0.019999999552965164-w1-mTrue-s3,20284671,56,0.18000000715255737,95.882728576660156,13,3,30.50579833984375,11,1,1
f0.019999999552965164-w1-mTrue-s3,20284671,73,0.019999999552965164,318.86309814453125,1,0,3.1334195137023926,1,1,1
f0.019999999552965164-w1-mTrue-s4,20292590,4,0.019999999552965164,337.365234375,4,0,0.58118414878845215,4,1,1
f0.019999999552965164-w1-mTrue-s4,20292590,29,0.019999999552965164,346.56536865234375,4,1,3.1455304622650146,4,1,1
f0.019999999552965164-w1-mTrue-s4,20292590,52,0.059999998658895493,177.50234985351563,8,3,16.543247222900391,8,1,1
f0.019999999552965164-w1-mTrue-s5,20300509,23,0.18000000715255737,248.76185607910156,56,8,32.470474243164063,35,1,1
f0.019999999552965164-w1-mTrue-s6,20308428,46,0.059999998658895493,183.588623046875,6,0,9.53116226196289,6,1,1
f0.019999999552965164-w1-mTrue-s6,20308428,50,0.059999998658895493,12.71418571472168,8,3,19.277000427246094,6,1,1
f0.029999999329447746-w0-mFalse-s0,20260914,3,0.18000000715255737,38.1548957824707,22,0,3.585951566696167,17,1,1
f0.029999999329447746-w0-mFalse-s1,20268833,30,0.059999998658895493,42.273757934570313,19,0,17.711704254150391,14,1,1
f0.029999999329447746-w0-mFalse-s1,20268833,39,0.019999999552965164,202.56385803222656,6,0,9.2743234634399414,6,1,1
f0.029999999329447746-w0-mFalse-s1,20268833,83,0.019999999552965164,271.80740356445313,1,0,4.07975959777832,1,1,1
f0.029999999329447746-w0-mFalse-s1,20268833,85,0.18000000715255737,88.8739242553711,7,0,29.851463317871094,7,1,1
f0.029999999329447746-w0-mFalse-s2,20276752,24,0.059999998658895493,60.049789428710938,18,0,11.074216842651367,15,1,1
f0.029999999329447746-w0-mFalse-s2,20276752,59,0.019999999552965164,272.62313842773438,4,0,9.98969841003418,4,1,1
f0.029999999329447746-w0-mFalse-s3,20284671,30,0.18000000715255737,167.78208923339844,42,0,36.102767944335938,30,1,1
f0.029999999329447746-w0-mFalse-s3,20284671,42,0.059999998658895493,332.801513671875,4,0,6.70414400100708,4,1,1
f0.029999999329447746-w0-mFalse-s3,20284671,45,0.019999999552965164,49.920566558837891,1,0,1.7384073734283447,1,1,1
f0.029999999329447746-w0-mFalse-s3,20284671,56,0.18000000715255737,95.882728576660156,13,0,33.217781066894531,11,1,1
f0.029999999329447746-w0-mFalse-s3,20284671,73,0.059999998658895493,318.86309814453125,3,0,9.9487876892089844,3,1,1
f0.029999999329447746-w0-mFalse-s3,20284671,88,0.18000000715255737,65.783218383789063,6,0,28.076005935668945,6,1,1
f0.029999999329447746-w0-mFalse-s4,20292590,4,0.019999999552965164,337.365234375,3,0,0.44849708676338196,3,1,1
f0.029999999329447746-w0-mFalse-s4,20292590,29,0.019999999552965164,346.56536865234375,8,0,7.2593832015991211,8,1,1
f0.029999999329447746-w0-mFalse-s4,20292590,52,0.18000000715255737,177.50234985351563,16,0,33.158767700195313,14,1,1
f0.029999999329447746-w0-mFalse-s4,20292590,61,0.059999998658895493,216.81904602050781,4,0,10.627427101135254,4,1,1
f0.029999999329447746-w0-mFalse-s4,20292590,88,0.18000000715255737,184.44236755371094,4,0,19.686370849609375,4,1,1
f0.029999999329447746-w0-mFalse-s5,20300509,9,0.019999999552965164,238.70634460449219,6,0,1.9057986736297607,6,1,1
f0.029999999329447746-w0-mFalse-s5,20300509,23,0.18000000715255737,248.76185607910156,53,0,29.749612808227539,36,1,1
f0.029999999329447746-w0-mFalse-s6,20308428,9,0.18000000715255737,267.49234008789063,38,0,10.320274353027344,29,1,1
f0.029999999329447746-w0-mFalse-s6,20308428,34,0.019999999552965164,50.609401702880859,2,0,1.9374529123306274,2,1,1
f0.029999999329447746-w0-mFalse-s6,20308428,46,0.18000000715255737,183.588623046875,20,0,32.5664176940918,15,1,1
f0.029999999329447746-w0-mFalse-s6,20308428,50,0.18000000715255737,12.71418571472168,23,0,49.600154876708984,18,1,1
f0.029999999329447746-w0-mFalse-s6,20308428,74,0.019999999552965164,322.82052612304688,0,0,0,0,0,0
f0.029999999329447746-w0-mFalse-s6,20308428,79,0.18000000715255737,218.13334655761719,7,0,28.882469177246094,7,1,1
f0.029999999329447746-w0-mFalse-s7,20316347,26,0.019999999552965164,288.203369140625,6,0,3.7964482307434082,5,1,1
f0.029999999329447746-w0-mFalse-s7,20316347,56,0.059999998658895493,331.34329223632813,6,0,14.672453880310059,6,1,1
f0.029999999329447746-w0-mTrue-s0,20260914,3,0.18000000715255737,38.1548957824707,26,2,4.0774435997009277,21,1,1
f0.029999999329447746-w0-mTrue-s1,20268833,30,0.059999998658895493,42.273757934570313,11,2,10.07832145690918,9,1,1
f0.029999999329447746-w0-mTrue-s1,20268833,39,0.019999999552965164,202.56385803222656,4,2,6.9874348640441895,4,1,1
f0.029999999329447746-w0-mTrue-s1,20268833,83,0.019999999552965164,271.80740356445313,0,0,0,0,0,0
f0.029999999329447746-w0-mTrue-s1,20268833,85,0.18000000715255737,88.8739242553711,8,2,37.676033020019531,8,1,1
f0.029999999329447746-w0-mTrue-s2,20276752,24,0.059999998658895493,60.049789428710938,16,3,11.072109222412109,13,1,1
f0.029999999329447746-w0-mTrue-s2,20276752,59,0.019999999552965164,272.62313842773438,5,0,12.006214141845703,5,1,1
f0.029999999329447746-w0-mTrue-s3,20284671,30,0.18000000715255737,167.78208923339844,42,5,33.211688995361328,34,1,1
f0.029999999329447746-w0-mTrue-s3,20284671,42,0.059999998658895493,332.801513671875,8,1,10.639064788818359,8,1,1
f0.029999999329447746-w0-mTrue-s3,20284671,45,0.019999999552965164,49.920566558837891,3,1,4.8736419677734375,3,1,1
f0.029999999329447746-w0-mTrue-s3,20284671,56,0.18000000715255737,95.882728576660156,9,2,17.848514556884766,8,1,1
f0.029999999329447746-w0-mTrue-s3,20284671,73,0.059999998658895493,318.86309814453125,5,0,15.925716400146484,5,1,1
f0.029999999329447746-w0-mTrue-s3,20284671,88,0.18000000715255737,65.783218383789063,4,2,21.791627883911133,4,1,1
f0.029999999329447746-w0-mTrue-s4,20292590,4,0.019999999552965164,337.365234375,4,0,0.58118414878845215,4,1,1
f0.029999999329447746-w0-mTrue-s4,20292590,29,0.019999999552965164,346.56536865234375,4,1,3.1455304622650146,4,1,1
f0.029999999329447746-w0-mTrue-s4,20292590,52,0.18000000715255737,177.50234985351563,16,4,31.241655349731445,14,1,1
f0.029999999329447746-w0-mTrue-s4,20292590,61,0.059999998658895493,216.81904602050781,4,0,9.9748353958129883,4,1,1
f0.029999999329447746-w0-mTrue-s4,20292590,88,0.18000000715255737,184.44236755371094,3,0,13.852293014526367,3,1,1
f0.029999999329447746-w0-mTrue-s5,20300509,9,0.019999999552965164,238.70634460449219,5,0,1.462317943572998,5,1,1
f0.029999999329447746-w0-mTrue-s5,20300509,23,0.18000000715255737,248.76185607910156,55,8,31.767086029052734,35,1,1
f0.029999999329447746-w0-mTrue-s6,20308428,9,0.18000000715255737,267.49234008789063,34,3,9.0480756759643555,28,1,1
f0.029999999329447746-w0-mTrue-s6,20308428,34,0.019999999552965164,50.609401702880859,1,0,1.0468149185180664,1,1,1
f0.029999999329447746-w0-mTrue-s6,20308428,46,0.18000000715255737,183.588623046875,15,0,24.081012725830078,14,1,1
f0.029999999329447746-w0-mTrue-s6,20308428,50,0.18000000715255737,12.71418571472168,19,5,39.34716796875,16,1,1
f0.029999999329447746-w0-mTrue-s6,20308428,74,0.019999999552965164,322.82052612304688,1,1,5.5687150955200195,1,1,1
f0.029999999329447746-w0-mTrue-s6,20308428,79,0.18000000715255737,218.13334655761719,7,3,30.1534423828125,7,1,1
f0.029999999329447746-w0-mTrue-s7,20316347,26,0.019999999552965164,288.203369140625,9,0,5.7142877578735352,9,1,1
f0.029999999329447746-w0-mTrue-s7,20316347,56,0.059999998658895493,331.34329223632813,5,2,14.50809383392334,4,1,1
f0.029999999329447746-w1-mFalse-s0,20260914,3,0.18000000715255737,38.1548957824707,22,0,3.585951566696167,17,1,1
f0.029999999329447746-w1-mFalse-s1,20268833,30,0.019999999552965164,42.273757934570313,8,0,7.1812291145324707,8,1,1
f0.029999999329447746-w1-mFalse-s1,20268833,39,0.019999999552965164,202.56385803222656,6,0,9.221527099609375,6,1,1
f0.029999999329447746-w1-mFalse-s1,20268833,83,0.019999999552965164,271.80740356445313,0,0,0,0,0,0
f0.029999999329447746-w1-mFalse-s1,20268833,85,0.059999998658895493,88.8739242553711,3,0,13.694947242736816,3,1,1
f0.029999999329447746-w1-mFalse-s2,20276752,24,0.019999999552965164,60.049789428710938,3,0,2.169090747833252,3,1,1
f0.029999999329447746-w1-mFalse-s2,20276752,59,0.019999999552965164,272.62313842773438,3,0,7.7521419525146484,3,1,1
f0.029999999329447746-w1-mFalse-s3,20284671,30,0.18000000715255737,167.78208923339844,42,0,36.102767944335938,30,1,1
f0.029999999329447746-w1-mFalse-s3,20284671,42,0.019999999552965164,332.801513671875,1,0,1.9283624887466431,1,1,1
f0.029999999329447746-w1-mFalse-s3,20284671,45,0.019999999552965164,49.920566558837891,2,0,3.9431946277618408,2,1,1
f0.029999999329447746-w1-mFalse-s3,20284671,56,0.18000000715255737,95.882728576660156,13,0,33.165054321289063,11,1,1
f0.029999999329447746-w1-mFalse-s3,20284671,73,0.019999999552965164,318.86309814453125,0,0,0,0,0,0
f0.029999999329447746-w1-mFalse-s3,20284671,88,0.059999998658895493,65.783218383789063,1,0,3.7006042003631592,1,1,1
f0.029999999329447746-w1-mFalse-s4,20292590,4,0.019999999552965164,337.365234375,3,0,0.44849708676338196,3,1,1
f0.029999999329447746-w1-mFalse-s4,20292590,29,0.019999999552965164,346.56536865234375,8,0,7.2593832015991211,8,1,1
f0.029999999329447746-w1-mFalse-s4,20292590,52,0.059999998658895493,177.50234985351563,6,0,13.355234146118164,6,1,1
f0.029999999329447746-w1-mFalse-s4,20292590,61,0.019999999552965164,216.81904602050781,3,0,7.2518105506896973,3,1,1
f0.029999999329447746-w1-mFalse-s4,20292590,88,0.059999998658895493,184.44236755371094,1,0,6.2843546867370605,1,1,1
f0.029999999329447746-w1-mFalse-s5,20300509,9,0.019999999552965164,238.70634460449219,6,0,1.9057986736297607,6,1,1
f0.029999999329447746-w1-mFalse-s5,20300509,23,0.18000000715255737,248.76185607910156,53,0,29.749612808227539,36,1,1
f0.029999999329447746-w1-mFalse-s6,20308428,9,0.059999998658895493,267.49234008789063,10,0,2.8303511142730713,10,1,1
f0.029999999329447746-w1-mFalse-s6,20308428,34,0.019999999552965164,50.609401702880859,3,0,3.256373405456543,3,1,1
f0.029999999329447746-w1-mFalse-s6,20308428,46,0.059999998658895493,183.588623046875,8,0,12.928435325622559,8,1,1
f0.029999999329447746-w1-mFalse-s6,20308428,50,0.059999998658895493,12.71418571472168,7,0,16.186916351318359,7,1,1
f0.029999999329447746-w1-mFalse-s6,20308428,74,0.019999999552965164,322.82052612304688,1,0,4.3062448501586914,1,1,1
f0.029999999329447746-w1-mFalse-s6,20308428,79,0.059999998658895493,218.13334655761719,1,0,3.8320724964141846,1,1,1
f0.029999999329447746-w1-mFalse-s7,20316347,26,0.019999999552965164,288.203369140625,6,0,3.7964482307434082,5,1,1
f0.029999999329447746-w1-mFalse-s7,20316347,56,0.059999998658895493,331.34329223632813,6,0,14.672453880310059,6,1,1
f0.029999999329447746-w1-mTrue-s0,20260914,3,0.18000000715255737,38.1548957824707,26,2,4.0774435997009277,21,1,1
f0.029999999329447746-w1-mTrue-s1,20268833,30,0.019999999552965164,42.273757934570313,3,1,3.3044826984405518,3,1,1
f0.029999999329447746-w1-mTrue-s1,20268833,39,0.019999999552965164,202.56385803222656,4,2,7.0009760856628418,4,1,1
f0.029999999329447746-w1-mTrue-s1,20268833,83,0.019999999552965164,271.80740356445313,0,0,0,0,0,0
f0.029999999329447746-w1-mTrue-s1,20268833,85,0.059999998658895493,88.8739242553711,3,2,14.834444999694824,3,1,1
f0.029999999329447746-w1-mTrue-s2,20276752,24,0.019999999552965164,60.049789428710938,3,1,2.2751321792602539,3,1,1
f0.029999999329447746-w1-mTrue-s2,20276752,59,0.019999999552965164,272.62313842773438,5,1,13.763053894042969,5,1,1
f0.029999999329447746-w1-mTrue-s3,20284671,30,0.18000000715255737,167.78208923339844,42,5,33.211688995361328,34,1,1
f0.029999999329447746-w1-mTrue-s3,20284671,42,0.019999999552965164,332.801513671875,3,1,5.0243854522705078,3,1,1
f0.029999999329447746-w1-mTrue-s3,20284671,45,0.019999999552965164,49.920566558837891,4,1,7.0612339973449707,4,1,1
f0.029999999329447746-w1-mTrue-s3,20284671,56,0.18000000715255737,95.882728576660156,10,2,19.537042617797852,9,1,1
f0.029999999329447746-w1-mTrue-s3,20284671,73,0.019999999552965164,318.86309814453125,1,0,3.1472358703613281,1,1,1
f0.029999999329447746-w1-mTrue-s3,20284671,88,0.059999998658895493,65.783218383789063,1,0,3.5681333541870117,1,1,1
f0.029999999329447746-w1-mTrue-s4,20292590,4,0.019999999552965164,337.365234375,4,0,0.58118414878845215,4,1,1
f0.029999999329447746-w1-mTrue-s4,20292590,29,0.019999999552965164,346.56536865234375,4,1,3.1455304622650146,4,1,1
f0.029999999329447746-w1-mTrue-s4,20292590,52,0.059999998658895493,177.50234985351563,8,3,16.543247222900391,8,1,1
f0.029999999329447746-w1-mTrue-s4,20292590,61,0.019999999552965164,216.81904602050781,1,0,2.6435086727142334,1,1,1
f0.029999999329447746-w1-mTrue-s4,20292590,88,0.059999998658895493,184.44236755371094,2,1,10.953507423400879,2,1,1
f0.029999999329447746-w1-mTrue-s5,20300509,9,0.019999999552965164,238.70634460449219,5,0,1.462317943572998,5,1,1
f0.029999999329447746-w1-mTrue-s5,20300509,23,0.18000000715255737,248.76185607910156,55,8,31.767086029052734,35,1,1
f0.029999999329447746-w1-mTrue-s6,20308428,9,0.059999998658895493,267.49234008789063,12,1,3.0894186496734619,12,1,1
f0.029999999329447746-w1-mTrue-s6,20308428,34,0.019999999552965164,50.609401702880859,1,0,0.99916332960128784,1,1,1
f0.029999999329447746-w1-mTrue-s6,20308428,46,0.059999998658895493,183.588623046875,6,0,9.5394439697265625,6,1,1
f0.029999999329447746-w1-mTrue-s6,20308428,50,0.059999998658895493,12.71418571472168,9,3,20.94209098815918,7,1,1
f0.029999999329447746-w1-mTrue-s6,20308428,74,0.019999999552965164,322.82052612304688,1,1,5.5472440719604492,1,1,1
f0.029999999329447746-w1-mTrue-s6,20308428,79,0.059999998658895493,218.13334655761719,2,1,8.3256282806396484,2,1,1
f0.029999999329447746-w1-mTrue-s7,20316347,26,0.019999999552965164,288.203369140625,9,0,5.7142877578735352,9,1,1
f0.029999999329447746-w1-mTrue-s7,20316347,56,0.059999998658895493,331.34329223632813,5,2,14.50809383392334,4,1,1
f0.05000000074505806-w0-mFalse-s0,20260914,3,0.18000000715255737,38.1548957824707,22,0,3.585951566696167,17,1,1
f0.05000000074505806-w0-mFalse-s0,20260914,38,0.059999998658895493,157.90054321289063,18,0,22.508102416992188,16,1,1
f0.05000000074505806-w0-mFalse-s0,20260914,100,0.18000000715255737,122.72168731689453,7,0,41.214248657226563,7,1,1
f0.05000000074505806-w0-mFalse-s1,20268833,6,0.18000000715255737,299.30258178710938,29,0,6.0046577453613281,21,1,1
f0.05000000074505806-w0-mFalse-s1,20268833,30,0.059999998658895493,42.273757934570313,18,0,17.448366165161133,15,1,1
f0.05000000074505806-w0-mFalse-s1,20268833,39,0.019999999552965164,202.56385803222656,5,0,6.7041044235229492,5,1,1
f0.05000000074505806-w0-mFalse-s1,20268833,52,0.019999999552965164,136.24624633789063,2,0,3.722536563873291,2,1,1
f0.05000000074505806-w0-mFalse-s1,20268833,83,0.019999999552965164,271.80740356445313,0,0,0,0,0,0
f0.05000000074505806-w0-mFalse-s1,20268833,85,0.18000000715255737,88.8739242553711,9,0,40.842742919921875,9,1,1
f0.05000000074505806-w0-mFalse-s1,20268833,87,0.019999999552965164,254.63748168945313,0,0,0,0,0,0
f0.05000000074505806-w0-mFalse-s2,20276752,24,0.059999998658895493,60.049789428710938,18,0,11.074216842651367,15,1,1
f0.05000000074505806-w0-mFalse-s2,20276752,48,0.019999999552965164,214.92562866210938,3,0,6.6008262634277344,2,1,1
f0.05000000074505806-w0-mFalse-s2,20276752,59,0.019999999552965164,272.62313842773438,5,0,12.488797187805176,5,1,1
f0.05000000074505806-w0-mFalse-s2,20276752,88,0.019999999552965164,78.089836120605469,0,0,0,0,0,0
f0.05000000074505806-w0-mFalse-s2,20276752,99,0.019999999552965164,225.38128662109375,0,0,0,0,0,0
f0.05000000074505806-w0-mFalse-s3,20284671,18,0.019999999552965164,68.674957275390625,9,0,5.003291130065918,7,1,1
f0.05000000074505806-w0-mFalse-s3,20284671,30,0.18000000715255737,167.78208923339844,39,0,34.082847595214844,28,1,1
f0.05000000074505806-w0-mFalse-s3,20284671,38,0.059999998658895493,69.585174560546875,10,0,12.424417495727539,8,1,1
f0.05000000074505806-w0-mFalse-s3,20284671,42,0.059999998658895493,332.801513671875,5,0,6.600501537322998,5,1,1
f0.05000000074505806-w0-mFalse-s3,20284671,45,0.019999999552965164,49.920566558837891,1,0,1.7382687330245972,1,1,1
f0.05000000074505806-w0-mFalse-s3,20284671,56,0.18000000715255737,95.882728576660156,14,0,33.004207611083984,12,1,1
f0.05000000074505806-w0-mFalse-s3,20284671,73,0.059999998658895493,318.86309814453125,3,0,8.7011489868164063,3,1,1
f0.05000000074505806-w0-mFalse-s3,20284671,88,0.18000000715255737,65.783218383789063,5,0,22.692934036254883,5,1,1
f0.05000000074505806-w0-mFalse-s3,20284671,95,0.019999999552965164,331.28140258789063,0,0,0,0,0,0
f0.05000000074505806-w0-mFalse-s4,20292590,4,0.019999999552965164,337.365234375,3,0,0.44849708676338196,3,1,1
f0.05000000074505806-w0-mFalse-s4,20292590,5,0.18000000715255737,180.228759765625,35,0,7.0613183975219727,27,1,1
f0.05000000074505806-w0-mFalse-s4,20292590,22,0.059999998658895493,118.65146636962891,15,0,9.9148950576782227,13,1,1
f0.05000000074505806-w0-mFalse-s4,20292590,29,0.019999999552965164,346.56536865234375,6,0,5.5978317260742188,5,1,1
f0.05000000074505806-w0-mFalse-s4,20292590,52,0.18000000715255737,177.50234985351563,21,0,39.845211029052734,19,1,1
f0.05000000074505806-w0-mFalse-s4,20292590,61,0.059999998658895493,216.81904602050781,4,0,9.4683303833007813,4,1,1
f0.05000000074505806-w0-mFalse-s4,20292590,88,0.18000000715255737,184.44236755371094,6,0,26.69294548034668,6,1,1
f0.05000000074505806-w0-mFalse-s5,20300509,9,0.019999999552965164,238.70634460449219,6,0,1.9057986736297607,6,1,1
f0.05000000074505806-w0-mFalse-s5,20300509,23,0.18000000715255737,248.76185607910156,53,0,29.749612808227539,36,1,1
f0.05000000074505806-w0-mFalse-s5,20300509,29,0.18000000715255737,234.32951354980469,39,0,33.575836181640625,31,1,1
f0.05000000074505806-w0-mFalse-s5,20300509,60,0.059999998658895493,58.493743896484375,8,0,19.828659057617188,8,1,1
f0.05000000074505806-w0-mFalse-s5,20300509,65,0.18000000715255737,53.336585998535156,13,0,35.108322143554688,12,1,1
f0.05000000074505806-w0-mFalse-s6,20308428,9,0.18000000715255737,267.49234008789063,38,0,10.320274353027344,29,1,1
f0.05000000074505806-w0-mFalse-s6,20308428,34,0.019999999552965164,50.609401702880859,2,0,1.9374529123306274,2,1,1
f0.05000000074505806-w0-mFalse-s6,20308428,46,0.18000000715255737,183.588623046875,20,0,32.5664176940918,15,1,1
f0.05000000074505806-w0-mFalse-s6,20308428,50,0.18000000715255737,12.71418571472168,23,0,49.600154876708984,18,1,1
f0.05000000074505806-w0-mFalse-s6,20308428,74,0.019999999552965164,322.82052612304688,0,0,0,0,0,0
f0.05000000074505806-w0-mFalse-s6,20308428,76,0.059999998658895493,219.10629272460938,1,0,2.186546802520752,1,1,1
f0.05000000074505806-w0-mFalse-s6,20308428,77,0.019999999552965164,26.017406463623047,1,0,3.1898996829986572,1,1,1
f0.05000000074505806-w0-mFalse-s6,20308428,79,0.18000000715255737,218.13334655761719,7,0,28.879297256469727,7,1,1
f0.05000000074505806-w0-mFalse-s7,20316347,20,0.019999999552965164,94.836921691894531,6,0,3.4700238704681396,6,1,1
f0.05000000074505806-w0-mFalse-s7,20316347,26,0.019999999552965164,288.203369140625,8,0,5.0013599395751953,7,1,1
f0.05000000074505806-w0-mFalse-s7,20316347,41,0.18000000715255737,284.0194091796875,25,0,37.058448791503906,21,1,1
f0.05000000074505806-w0-mFalse-s7,20316347,56,0.059999998658895493,331.34329223632813,3,0,6.1570267677307129,3,1,1
f0.05000000074505806-w0-mTrue-s0,20260914,3,0.18000000715255737,38.1548957824707,26,2,4.0774435997009277,21,1,1
f0.05000000074505806-w0-mTrue-s0,20260914,38,0.059999998658895493,157.90054321289063,16,2,18.77296257019043,14,1,1
f0.05000000074505806-w0-mTrue-s0,20260914,100,0.18000000715255737,122.72168731689453,2,0,10.631908416748047,2,1,1
f0.05000000074505806-w0-mTrue-s1,20268833,6,0.18000000715255737,299.30258178710938,28,3,5.8555822372436523,23,1,1
f0.05000000074505806-w0-mTrue-s1,20268833,30,0.059999998658895493,42.273757934570313,11,2,10.90464973449707,10,1,1
f0.05000000074505806-w0-mTrue-s1,20268833,39,0.019999999552965164,202.56385803222656,3,1,4.349402904510498,3,1,1
f0.05000000074505806-w0-mTrue-s1,20268833,52,0.019999999552965164,136.24624633789063,2,0,3.0908269882202148,2,1,1
f0.05000000074505806-w0-mTrue-s1,20268833,83,0.019999999552965164,271.80740356445313,0,0,0,0,0,0
f0.05000000074505806-w0-mTrue-s1,20268833,85,0.18000000715255737,88.8739242553711,6,2,27.366006851196289,6,1,1
f0.05000000074505806-w0-mTrue-s1,20268833,87,0.019999999552965164,254.63748168945313,0,0,0,0,0,0
f0.05000000074505806-w0-mTrue-s2,20276752,24,0.059999998658895493,60.049789428710938,16,3,11.072109222412109,13,1,1
f0.05000000074505806-w0-mTrue-s2,20276752,48,0.019999999552965164,214.92562866210938,1,0,1.0079262256622314,1,1,1
f0.05000000074505806-w0-mTrue-s2,20276752,59,0.019999999552965164,272.62313842773438,5,0,12.006214141845703,5,1,1
f0.05000000074505806-w0-mTrue-s2,20276752,88,0.019999999552965164,78.089836120605469,1,1,7.0889005661010742,1,1,1
f0.05000000074505806-w0-mTrue-s2,20276752,99,0.019999999552965164,225.38128662109375,0,0,0,0,0,0
f0.05000000074505806-w0-mTrue-s3,20284671,18,0.019999999552965164,68.674957275390625,8,1,3.8620002269744873,7,1,1
f0.05000000074505806-w0-mTrue-s3,20284671,30,0.18000000715255737,167.78208923339844,40,5,32.396965026855469,33,1,1
f0.05000000074505806-w0-mTrue-s3,20284671,38,0.059999998658895493,69.585174560546875,8,1,8.5465173721313477,8,1,1
f0.05000000074505806-w0-mTrue-s3,20284671,42,0.059999998658895493,332.801513671875,7,1,8.6366510391235352,7,1,1
f0.05000000074505806-w0-mTrue-s3,20284671,45,0.019999999552965164,49.920566558837891,2,0,2.1681873798370361,2,1,1
f0.05000000074505806-w0-mTrue-s3,20284671,56,0.18000000715255737,95.882728576660156,11,2,22.522083282470703,10,1,1
f0.05000000074505806-w0-mTrue-s3,20284671,73,0.059999998658895493,318.86309814453125,5,0,13.701265335083008,5,1,1
f0.05000000074505806-w0-mTrue-s3,20284671,88,0.18000000715255737,65.783218383789063,1,1,6.1570925712585449,1,1,1
f0.05000000074505806-w0-mTrue-s3,20284671,95,0.019999999552965164,331.28140258789063,0,0,0,0,0,0
f0.05000000074505806-w0-mTrue-s4,20292590,4,0.019999999552965164,337.365234375,4,0,0.58118414878845215,4,1,1
f0.05000000074505806-w0-mTrue-s4,20292590,5,0.18000000715255737,180.228759765625,35,5,6.5853061676025391,27,1,1
f0.05000000074505806-w0-mTrue-s4,20292590,22,0.059999998658895493,118.65146636962891,6,1,4.2179131507873535,5,1,1
f0.05000000074505806-w0-mTrue-s4,20292590,29,0.019999999552965164,346.56536865234375,3,0,1.6991065740585327,3,1,1
f0.05000000074505806-w0-mTrue-s4,20292590,52,0.18000000715255737,177.50234985351563,23,4,45.760749816894531,20,1,1
f0.05000000074505806-w0-mTrue-s4,20292590,61,0.059999998658895493,216.81904602050781,3,0,7.0201425552368164,3,1,1
f0.05000000074505806-w0-mTrue-s4,20292590,88,0.18000000715255737,184.44236755371094,6,0,26.686813354492188,6,1,1
f0.05000000074505806-w0-mTrue-s5,20300509,9,0.019999999552965164,238.70634460449219,5,0,1.462317943572998,5,1,1
f0.05000000074505806-w0-mTrue-s5,20300509,23,0.18000000715255737,248.76185607910156,55,8,31.767086029052734,35,1,1
f0.05000000074505806-w0-mTrue-s5,20300509,29,0.18000000715255737,234.32951354980469,26,4,21.220848083496094,24,1,1
f0.05000000074505806-w0-mTrue-s5,20300509,60,0.059999998658895493,58.493743896484375,4,0,7.7117133140563965,4,1,1
f0.05000000074505806-w0-mTrue-s5,20300509,65,0.18000000715255737,53.336585998535156,6,1,16.335672378540039,6,1,1
f0.05000000074505806-w0-mTrue-s6,20308428,9,0.18000000715255737,267.49234008789063,34,3,9.0480756759643555,28,1,1
f0.05000000074505806-w0-mTrue-s6,20308428,34,0.019999999552965164,50.609401702880859,1,0,1.0468149185180664,1,1,1
f0.05000000074505806-w0-mTrue-s6,20308428,46,0.18000000715255737,183.588623046875,15,0,24.081012725830078,14,1,1
f0.05000000074505806-w0-mTrue-s6,20308428,50,0.18000000715255737,12.71418571472168,19,5,39.34716796875,16,1,1
f0.05000000074505806-w0-mTrue-s6,20308428,74,0.019999999552965164,322.82052612304688,1,1,5.5687150955200195,1,1,1
f0.05000000074505806-w0-mTrue-s6,20308428,76,0.059999998658895493,219.10629272460938,1,0,3.0066890716552734,1,1,1
f0.05000000074505806-w0-mTrue-s6,20308428,77,0.019999999552965164,26.017406463623047,1,1,4.5952157974243164,1,1,1
f0.05000000074505806-w0-mTrue-s6,20308428,79,0.18000000715255737,218.13334655761719,7,3,30.15687370300293,7,1,1
f0.05000000074505806-w0-mTrue-s7,20316347,20,0.019999999552965164,94.836921691894531,6,2,4.0534944534301758,6,1,1
f0.05000000074505806-w0-mTrue-s7,20316347,26,0.019999999552965164,288.203369140625,9,0,5.7259383201599121,9,1,1
f0.05000000074505806-w0-mTrue-s7,20316347,41,0.18000000715255737,284.0194091796875,20,3,27.324052810668945,17,1,1
f0.05000000074505806-w0-mTrue-s7,20316347,56,0.059999998658895493,331.34329223632813,2,1,5.0727458000183105,1,1,1
f0.05000000074505806-w1-mFalse-s0,20260914,3,0.18000000715255737,38.1548957824707,22,0,3.585951566696167,17,1,1
f0.05000000074505806-w1-mFalse-s0,20260914,38,0.019999999552965164,157.90054321289063,5,0,6.2559022903442383,5,1,1
f0.05000000074505806-w1-mFalse-s0,20260914,100,0.059999998658895493,122.72168731689453,3,0,17.125383377075195,3,1,1
f0.05000000074505806-w1-mFalse-s1,20268833,6,0.059999998658895493,299.30258178710938,11,0,2.5984947681427,11,1,1
f0.05000000074505806-w1-mFalse-s1,20268833,30,0.019999999552965164,42.273757934570313,8,0,7.2205047607421875,8,1,1
f0.05000000074505806-w1-mFalse-s1,20268833,39,0.019999999552965164,202.56385803222656,5,0,6.5917773246765137,5,1,1
f0.05000000074505806-w1-mFalse-s1,20268833,52,0.019999999552965164,136.24624633789063,2,0,3.8859543800354004,2,1,1
f0.05000000074505806-w1-mFalse-s1,20268833,83,0.019999999552965164,271.80740356445313,1,0,4.2274513244628906,1,1,1
f0.05000000074505806-w1-mFalse-s1,20268833,85,0.059999998658895493,88.8739242553711,3,0,12.588960647583008,3,1,1
f0.05000000074505806-w1-mFalse-s1,20268833,87,0.019999999552965164,254.63748168945313,0,0,0,0,0,0
f0.05000000074505806-w1-mFalse-s2,20276752,24,0.019999999552965164,60.049789428710938,3,0,2.169090747833252,3,1,1
f0.05000000074505806-w1-mFalse-s2,20276752,48,0.019999999552965164,214.92562866210938,3,0,6.58225154876709,2,1,1
f0.05000000074505806-w1-mFalse-s2,20276752,59,0.019999999552965164,272.62313842773438,3,0,7.8165531158447266,3,1,1
f0.05000000074505806-w1-mFalse-s2,20276752,88,0.019999999552965164,78.089836120605469,1,0,4.5560789108276367,1,1,1
f0.05000000074505806-w1-mFalse-s2,20276752,99,0.019999999552965164,225.38128662109375,0,0,0,0,0,0
f0.05000000074505806-w1-mFalse-s3,20284671,18,0.019999999552965164,68.674957275390625,9,0,5.003291130065918,7,1,1
f0.05000000074505806-w1-mFalse-s3,20284671,30,0.18000000715255737,167.78208923339844,39,0,34.082847595214844,28,1,1
f0.05000000074505806-w1-mFalse-s3,20284671,38,0.019999999552965164,69.585174560546875,6,0,6.8253445625305176,5,1,1
f0.05000000074505806-w1-mFalse-s3,20284671,42,0.019999999552965164,332.801513671875,2,0,2.8506789207458496,2,1,1
f0.05000000074505806-w1-mFalse-s3,20284671,45,0.019999999552965164,49.920566558837891,1,0,1.7382693290710449,1,1,1
f0.05000000074505806-w1-mFalse-s3,20284671,56,0.18000000715255737,95.882728576660156,13,0,33.1988410949707,11,1,1
f0.05000000074505806-w1-mFalse-s3,20284671,73,0.019999999552965164,318.86309814453125,1,0,2.8678603172302246,1,1,1
f0.05000000074505806-w1-mFalse-s3,20284671,88,0.059999998658895493,65.783218383789063,2,0,7.5757474899291992,2,1,1
f0.05000000074505806-w1-mFalse-s3,20284671,95,0.019999999552965164,331.28140258789063,0,0,0,0,0,0
f0.05000000074505806-w1-mFalse-s4,20292590,4,0.019999999552965164,337.365234375,3,0,0.44849708676338196,3,1,1
f0.05000000074505806-w1-mFalse-s4,20292590,5,0.059999998658895493,180.228759765625,14,0,2.8117866516113281,13,1,1
f0.05000000074505806-w1-mFalse-s4,20292590,22,0.059999998658895493,118.65146636962891,12,0,8.21051025390625,12,1,1
f0.05000000074505806-w1-mFalse-s4,20292590,29,0.019999999552965164,346.56536865234375,6,0,5.0939550399780273,6,1,1
f0.05000000074505806-w1-mFalse-s4,20292590,52,0.059999998658895493,177.50234985351563,6,0,12.6094331741333,6,1,1
f0.05000000074505806-w1-mFalse-s4,20292590,61,0.019999999552965164,216.81904602050781,2,0,4.9161972999572754,2,1,1
f0.05000000074505806-w1-mFalse-s4,20292590,88,0.059999998658895493,184.44236755371094,1,0,4.555391788482666,1,1,1
f0.05000000074505806-w1-mFalse-s5,20300509,9,0.019999999552965164,238.70634460449219,6,0,1.9057986736297607,6,1,1
f0.05000000074505806-w1-mFalse-s5,20300509,23,0.18000000715255737,248.76185607910156,53,0,29.749612808227539,36,1,1
f0.05000000074505806-w1-mFalse-s5,20300509,29,0.18000000715255737,234.32951354980469,39,0,33.575836181640625,31,1,1
f0.05000000074505806-w1-mFalse-s5,20300509,60,0.019999999552965164,58.493743896484375,2,0,5.8323884010314941,2,1,1
f0.05000000074505806-w1-mFalse-s5,20300509,65,0.059999998658895493,53.336585998535156,3,0,9.5110254287719727,3,1,1
f0.05000000074505806-w1-mFalse-s6,20308428,9,0.059999998658895493,267.49234008789063,10,0,2.8303511142730713,10,1,1
f0.05000000074505806-w1-mFalse-s6,20308428,34,0.019999999552965164,50.609401702880859,3,0,3.256373405456543,3,1,1
f0.05000000074505806-w1-mFalse-s6,20308428,46,0.059999998658895493,183.588623046875,8,0,12.928435325622559,8,1,1
f0.05000000074505806-w1-mFalse-s6,20308428,50,0.059999998658895493,12.71418571472168,7,0,16.186916351318359,7,1,1
f0.05000000074505806-w1-mFalse-s6,20308428,74,0.019999999552965164,322.82052612304688,1,0,4.3062448501586914,1,1,1
f0.05000000074505806-w1-mFalse-s6,20308428,76,0.059999998658895493,219.10629272460938,4,0,15.675880432128906,4,1,1
f0.05000000074505806-w1-mFalse-s6,20308428,77,0.019999999552965164,26.017406463623047,0,0,0,0,0,0
f0.05000000074505806-w1-mFalse-s6,20308428,79,0.059999998658895493,218.13334655761719,1,0,3.8320724964141846,1,1,1
f0.05000000074505806-w1-mFalse-s7,20316347,20,0.019999999552965164,94.836921691894531,6,0,3.4700238704681396,6,1,1
f0.05000000074505806-w1-mFalse-s7,20316347,26,0.019999999552965164,288.203369140625,8,0,5.0013599395751953,7,1,1
f0.05000000074505806-w1-mFalse-s7,20316347,41,0.059999998658895493,284.0194091796875,12,0,18.201690673828125,11,1,1
f0.05000000074505806-w1-mFalse-s7,20316347,56,0.059999998658895493,331.34329223632813,4,0,8.6945028305053711,4,1,1
f0.05000000074505806-w1-mTrue-s0,20260914,3,0.18000000715255737,38.1548957824707,26,2,4.0774435997009277,21,1,1
f0.05000000074505806-w1-mTrue-s0,20260914,38,0.019999999552965164,157.90054321289063,5,0,4.5055685043334961,5,1,1
f0.05000000074505806-w1-mTrue-s0,20260914,100,0.059999998658895493,122.72168731689453,1,0,5.3555827140808105,1,1,1
f0.05000000074505806-w1-mTrue-s1,20268833,6,0.059999998658895493,299.30258178710938,14,3,3.1631932258605957,14,1,1
f0.05000000074505806-w1-mTrue-s1,20268833,30,0.019999999552965164,42.273757934570313,4,1,4.5211715698242188,4,1,1
f0.05000000074505806-w1-mTrue-s1,20268833,39,0.019999999552965164,202.56385803222656,3,1,4.2082557678222656,3,1,1
f0.05000000074505806-w1-mTrue-s1,20268833,52,0.019999999552965164,136.24624633789063,1,0,1.5788037776947021,1,1,1
f0.05000000074505806-w1-mTrue-s1,20268833,83,0.019999999552965164,271.80740356445313,1,0,3.9130353927612305,1,1,1
f0.05000000074505806-w1-mTrue-s1,20268833,85,0.059999998658895493,88.8739242553711,2,2,11.127626419067383,2,1,1
f0.05000000074505806-w1-mTrue-s1,20268833,87,0.019999999552965164,254.63748168945313,0,0,0,0,0,0
f0.05000000074505806-w1-mTrue-s2,20276752,24,0.019999999552965164,60.049789428710938,3,1,2.2751321792602539,3,1,1
f0.05000000074505806-w1-mTrue-s2,20276752,48,0.019999999552965164,214.92562866210938,0,0,0,0,0,0
f0.05000000074505806-w1-mTrue-s2,20276752,59,0.019999999552965164,272.62313842773438,5,1,13.763053894042969,5,1,1
f0.05000000074505806-w1-mTrue-s2,20276752,88,0.019999999552965164,78.089836120605469,2,1,11.81466007232666,2,1,1
f0.05000000074505806-w1-mTrue-s2,20276752,99,0.019999999552965164,225.38128662109375,0,0,0,0,0,0
f0.05000000074505806-w1-mTrue-s3,20284671,18,0.019999999552965164,68.674957275390625,8,1,3.8620002269744873,7,1,1
f0.05000000074505806-w1-mTrue-s3,20284671,30,0.18000000715255737,167.78208923339844,40,5,32.396965026855469,33,1,1
f0.05000000074505806-w1-mTrue-s3,20284671,38,0.019999999552965164,69.585174560546875,6,1,6.6933398246765137,6,1,1
f0.05000000074505806-w1-mTrue-s3,20284671,42,0.019999999552965164,332.801513671875,3,1,5.0091028213500977,3,1,1
f0.05000000074505806-w1-mTrue-s3,20284671,45,0.019999999552965164,49.920566558837891,2,0,2.1683051586151123,2,1,1
f0.05000000074505806-w1-mTrue-s3,20284671,56,0.18000000715255737,95.882728576660156,11,2,21.914682388305664,10,1,1
f0.05000000074505806-w1-mTrue-s3,20284671,73,0.019999999552965164,318.86309814453125,2,0,5.9822635650634766,2,1,1
f0.05000000074505806-w1-mTrue-s3,20284671,88,0.059999998658895493,65.783218383789063,0,0,0,0,0,0
f0.05000000074505806-w1-mTrue-s3,20284671,95,0.019999999552965164,331.28140258789063,0,0,0,0,0,0
f0.05000000074505806-w1-mTrue-s4,20292590,4,0.019999999552965164,337.365234375,4,0,0.58118414878845215,4,1,1
f0.05000000074505806-w1-mTrue-s4,20292590,5,0.059999998658895493,180.228759765625,15,4,3.0360367298126221,14,1,1
f0.05000000074505806-w1-mTrue-s4,20292590,22,0.059999998658895493,118.65146636962891,7,2,5.317875862121582,6,1,1
f0.05000000074505806-w1-mTrue-s4,20292590,29,0.019999999552965164,346.56536865234375,3,0,1.6233134269714355,3,1,1
f0.05000000074505806-w1-mTrue-s4,20292590,52,0.059999998658895493,177.50234985351563,8,2,15.930544853210449,8,1,1
f0.05000000074505806-w1-mTrue-s4,20292590,61,0.019999999552965164,216.81904602050781,1,0,2.2063333988189697,1,1,1
f0.05000000074505806-w1-mTrue-s4,20292590,88,0.059999998658895493,184.44236755371094,1,0,4.5027341842651367,1,1,1
f0.05000000074505806-w1-mTrue-s5,20300509,9,0.019999999552965164,238.70634460449219,5,0,1.462317943572998,5,1,1
f0.05000000074505806-w1-mTrue-s5,20300509,23,0.18000000715255737,248.76185607910156,55,8,31.767086029052734,35,1,1
f0.05000000074505806-w1-mTrue-s5,20300509,29,0.18000000715255737,234.32951354980469,26,4,21.220848083496094,24,1,1
f0.05000000074505806-w1-mTrue-s5,20300509,60,0.019999999552965164,58.493743896484375,2,0,3.8906712532043457,2,1,1
f0.05000000074505806-w1-mTrue-s5,20300509,65,0.059999998658895493,53.336585998535156,0,0,0,0,0,0
f0.05000000074505806-w1-mTrue-s6,20308428,9,0.059999998658895493,267.49234008789063,12,1,3.0894186496734619,12,1,1
f0.05000000074505806-w1-mTrue-s6,20308428,34,0.019999999552965164,50.609401702880859,1,0,0.99916332960128784,1,1,1
f0.05000000074505806-w1-mTrue-s6,20308428,46,0.059999998658895493,183.588623046875,6,0,9.5394439697265625,6,1,1
f0.05000000074505806-w1-mTrue-s6,20308428,50,0.059999998658895493,12.71418571472168,9,3,20.94209098815918,7,1,1
f0.05000000074505806-w1-mTrue-s6,20308428,74,0.019999999552965164,322.82052612304688,1,1,5.5472440719604492,1,1,1
f0.05000000074505806-w1-mTrue-s6,20308428,76,0.059999998658895493,219.10629272460938,4,0,12.693134307861328,4,1,1
f0.05000000074505806-w1-mTrue-s6,20308428,77,0.019999999552965164,26.017406463623047,1,1,4.5384683609008789,1,1,1
f0.05000000074505806-w1-mTrue-s6,20308428,79,0.059999998658895493,218.13334655761719,2,1,8.3421516418457031,2,1,1
f0.05000000074505806-w1-mTrue-s7,20316347,20,0.019999999552965164,94.836921691894531,6,2,4.0534944534301758,6,1,1
f0.05000000074505806-w1-mTrue-s7,20316347,26,0.019999999552965164,288.203369140625,9,0,5.7259383201599121,9,1,1
f0.05000000074505806-w1-mTrue-s7,20316347,41,0.059999998658895493,284.0194091796875,7,2,10.415299415588379,7,1,1
f0.05000000074505806-w1-mTrue-s7,20316347,56,0.059999998658895493,331.34329223632813,3,1,7.7510881423950195,2,1,1
