transform,vulnerability,intensity,chance
Exponential,0,1E-06,0
Exponential,0,0.02,0
Exponential,0,0.06,0
Exponential,0,0.18,0
Exponential,0,1,0
Exponential,0.001,1E-06,1.00000008E-09
Exponential,0.001,0.02,1.99998012E-05
Exponential,0.001,0.06,5.99982E-05
Exponential,0.001,0.18,0.000179983821
Exponential,0.001,1,0.0009995002
Exponential,0.1,1E-06,9.99999941E-08
Exponential,0.1,0.02,0.00199800124
Exponential,0.1,0.06,0.005982036
Exponential,0.1,0.18,0.017838968
Exponential,0.1,1,0.0951625854
Exponential,1,1E-06,9.999995E-07
Exponential,1,0.02,0.0198013261
Exponential,1,0.06,0.0582354665
Exponential,1,0.18,0.164729789
Exponential,1,1,0.63212055
Exponential,10,1E-06,9.99995E-06
Exponential,10,0.02,0.181269243
Exponential,10,0.06,0.451188356
Exponential,10,0.18,0.8347011
Exponential,10,1,0.9999546
Exponential,100,1E-06,9.9995E-05
Exponential,100,0.02,0.864664733
Exponential,100,0.06,0.9975212
Exponential,100,0.18,0.999999
Exponential,100,1,0.999999
Exponential,3.40282347E+38,1E-06,0.999999
Exponential,3.40282347E+38,0.02,0.999999
Exponential,3.40282347E+38,0.06,0.999999
Exponential,3.40282347E+38,0.18,0.999999
Exponential,3.40282347E+38,1,0.999999
BoundedRational,0,1E-06,0
BoundedRational,0,0.02,0
BoundedRational,0,0.06,0
BoundedRational,0,0.18,0
BoundedRational,0,1,0
BoundedRational,0.001,1E-06,1.00000008E-09
BoundedRational,0.001,0.02,1.99996011E-05
BoundedRational,0.001,0.06,5.99964E-05
BoundedRational,0.001,0.18,0.000179967625
BoundedRational,0.001,1,0.0009990011
BoundedRational,0.1,1E-06,9.99999941E-08
BoundedRational,0.1,0.02,0.001996008
BoundedRational,0.1,0.06,0.00596421445
BoundedRational,0.1,0.18,0.017681729
BoundedRational,0.1,1,0.09090909
BoundedRational,1,1E-06,9.99999E-07
BoundedRational,1,0.02,0.019607842
BoundedRational,1,0.06,0.05660377
BoundedRational,1,0.18,0.152542382
BoundedRational,1,1,0.5
BoundedRational,10,1E-06,9.9999E-06
BoundedRational,10,0.02,0.166666657
BoundedRational,10,0.06,0.375
BoundedRational,10,0.18,0.642857134
BoundedRational,10,1,0.909090936
BoundedRational,100,1E-06,9.999E-05
BoundedRational,100,0.02,0.6666667
BoundedRational,100,0.06,0.857142866
BoundedRational,100,0.18,0.947368443
BoundedRational,100,1,0.990099
BoundedRational,3.40282347E+38,1E-06,0.999999
BoundedRational,3.40282347E+38,0.02,0.999999
BoundedRational,3.40282347E+38,0.06,0.999999
BoundedRational,3.40282347E+38,0.18,0.999999
BoundedRational,3.40282347E+38,1,0.999999
