condition,wind_visuals_enabled,frame,wall_frame_ms,main_thread_ms,main_thread_recorder_valid,storm_visuals,normal_and_storm_deadwood_records,editor_only
victims-500,True,0,229.717422,0,True,500,500,True
victims-500,True,1,237.4281,233.756646,True,500,500,True
victims-500,True,2,232.120087,236.619054,True,500,500,True
victims-500,True,3,237.082581,232.060471,True,500,500,True
victims-500,True,4,238.193024,241.013805,True,500,500,True
victims-500,True,5,246.936966,237.671208,True,500,500,True
victims-500,True,6,241.905746,246.060777,True,500,500,True
victims-500,True,7,239.272568,244.488729,True,500,500,True
victims-500,True,8,238.599091,240.242106,True,500,500,True
victims-500,True,9,234.82196,237.443294,True,500,500,True
victims-500,True,10,240.012512,234.974921,True,500,500,True
victims-500,True,11,241.3836,244.175198,True,500,500,True
victims-500,True,12,234.259155,232.651881,True,500,500,True
victims-500,True,13,234.685226,235.67739,True,500,500,True
victims-500,True,14,233.533249,235.1224,True,500,500,True
victims-500,True,15,233.697617,235.539818,True,500,500,True
victims-500,True,16,233.446411,231.874245,True,500,500,True
victims-500,True,17,235.05899,229.538489,True,500,500,True
victims-500,True,18,236.796585,236.283909,True,500,500,True
victims-500,True,19,233.567062,237.757808,True,500,500,True
victims-500,True,20,235.135941,232.139617,True,500,500,True
victims-500,True,21,235.817947,234.427331,True,500,500,True
victims-500,True,22,239.147858,238.616432,True,500,500,True
victims-500,True,23,239.518555,236.468256,True,500,500,True
victims-500,True,24,240.628479,241.788192,True,500,500,True
victims-500,True,25,244.714218,251.917604,True,500,500,True
victims-500,True,26,241.5711,230.551073,True,500,500,True
victims-500,True,27,236.761551,240.533087,True,500,500,True
victims-500,True,28,233.828079,241.875574,True,500,500,True
victims-500,True,29,232.448563,230.696281,True,500,500,True
victims-500,True,30,240.185181,231.101323,True,500,500,True
victims-500,True,31,239.172852,246.995065,True,500,500,True
victims-500,True,32,243.634857,233.981561,True,500,500,True
victims-500,True,33,245.935318,249.584647,True,500,500,True
victims-500,True,34,234.4112,246.402627,True,500,500,True
victims-500,True,35,231.642441,230.119179,True,500,500,True
victims-500,True,36,234.77449,229.42546,True,500,500,True
victims-500,True,37,236.196762,240.701347,True,500,500,True
victims-500,True,38,237.153824,235.375036,True,500,500,True
victims-500,True,39,237.86113,235.953397,True,500,500,True
victims-500,True,40,31.5365944,247.27088,True,500,500,True
victims-500,True,41,449.711731,99.778659,True,500,500,True
victims-500,True,42,240.911545,369.385864,True,500,500,True
victims-500,True,43,236.324814,246.275564,True,500,500,True
victims-500,True,44,234.005981,228.723833,True,500,500,True
victims-500,True,45,232.37001,234.01628,True,500,500,True
victims-500,True,46,233.892334,235.082002,True,500,500,True
victims-500,True,47,232.331451,230.100102,True,500,500,True
victims-500,True,48,232.2392,234.661737,True,500,500,True
victims-500,True,49,237.512466,234.50136,True,500,500,True
victims-500,True,50,234.277557,233.711953,True,500,500,True
victims-500,True,51,22.835041,240.055179,True,500,500,True
victims-500,True,52,445.904419,100.09816,True,500,500,True
victims-500,True,53,234.797089,368.880433,True,500,500,True
victims-500,True,54,235.13208,227.739879,True,500,500,True
victims-500,True,55,239.037155,237.542394,True,500,500,True
victims-500,True,56,22.23003,242.712508,True,500,500,True
victims-500,True,57,457.7156,99.774115,True,500,500,True
victims-500,True,58,239.4069,374.512612,True,500,500,True
victims-500,True,59,236.30867,257.285829,True,500,500,True
victims-500,True,60,234.715485,221.795606,True,500,500,True
victims-500,True,61,236.0853,231.733901,True,500,500,True
victims-500,True,62,234.6747,240.001123,True,500,500,True
victims-500,True,63,234.51091,237.873269,True,500,500,True
victims-500,True,64,234.831116,231.206831,True,500,500,True
victims-500,True,65,234.209885,234.161008,True,500,500,True
victims-500,True,66,235.304047,233.622694,True,500,500,True
victims-500,True,67,233.668228,235.955918,True,500,500,True
victims-500,True,68,237.33017,234.44732,True,500,500,True
victims-500,True,69,18.9574184,235.406923,True,500,500,True
victims-500,True,70,452.991425,99.724245,True,500,500,True
victims-500,True,71,234.9595,381.120296,True,500,500,True
victims-500,True,72,240.789444,228.971139,True,500,500,True
victims-500,True,73,241.899,237.473916,True,500,500,True
victims-500,True,74,239.226471,242.266284,True,500,500,True
victims-500,True,75,239.071838,239.129969,True,500,500,True
victims-500,True,76,238.5362,238.909268,True,500,500,True
victims-500,True,77,235.122421,238.783994,True,500,500,True
victims-500,True,78,235.01329,233.319463,True,500,500,True
victims-500,True,79,233.135452,234.352297,True,500,500,True
victims-500,True,80,238.121277,236.897701,True,500,500,True
victims-500,True,81,236.05513,241.701403,True,500,500,True
victims-500,True,82,238.616974,231.179135,True,500,500,True
victims-500,True,83,237.186172,247.43085,True,500,500,True
victims-500,True,84,233.9958,230.367067,True,500,500,True
victims-500,True,85,232.332458,235.753066,True,500,500,True
victims-500,True,86,234.577774,229.964751,True,500,500,True
victims-500,True,87,238.659225,232.200529,True,500,500,True
victims-500,True,88,228.871078,240.201327,True,500,500,True
victims-500,True,89,240.28569,229.750377,True,500,500,True
victims-500,False,0,240.226151,0,True,500,500,True
victims-500,False,1,236.637344,241.272987,True,500,500,True
victims-500,False,2,237.199722,240.692322,True,500,500,True
victims-500,False,3,232.662033,232.872946,True,500,500,True
victims-500,False,4,236.829956,232.248295,True,500,500,True
victims-500,False,5,231.842453,240.223959,True,500,500,True
victims-500,False,6,231.930969,227.281584,True,500,500,True
victims-500,False,7,233.803223,231.263295,True,500,500,True
victims-500,False,8,235.955841,238.441796,True,500,500,True
victims-500,False,9,233.159271,231.839684,True,500,500,True
victims-500,False,10,230.039917,235.147567,True,500,500,True
victims-500,False,11,232.182632,241.129657,True,500,500,True
victims-500,False,12,234.264679,219.265455,True,500,500,True
victims-500,False,13,235.125092,235.928369,True,500,500,True
victims-500,False,14,233.33551,239.668327,True,500,500,True
victims-500,False,15,239.09166,230.301469,True,500,500,True
victims-500,False,16,237.863876,240.171346,True,500,500,True
victims-500,False,17,237.697708,245.278348,True,500,500,True
victims-500,False,18,238.608154,229.397836,True,500,500,True
victims-500,False,19,242.50972,236.330806,True,500,500,True
victims-500,False,20,237.088058,245.779517,True,500,500,True
victims-500,False,21,234.553543,231.779843,True,500,500,True
victims-500,False,22,229.741547,237.801561,True,500,500,True
victims-500,False,23,233.813171,231.208418,True,500,500,True
victims-500,False,24,236.382248,229.188084,True,500,500,True
victims-500,False,25,235.398666,237.196287,True,500,500,True
victims-500,False,26,233.1044,238.817404,True,500,500,True
victims-500,False,27,233.460663,230.278724,True,500,500,True
victims-500,False,28,235.517227,232.814193,True,500,500,True
victims-500,False,29,237.6831,239.539059,True,500,500,True
victims-500,False,30,235.453217,233.955101,True,500,500,True
victims-500,False,31,234.193314,242.361083,True,500,500,True
victims-500,False,32,247.59079,234.991624,True,500,500,True
victims-500,False,33,247.4363,241.061256,True,500,500,True
victims-500,False,34,245.739487,248.968291,True,500,500,True
victims-500,False,35,253.377762,250.373388,True,500,500,True
victims-500,False,36,240.611023,246.588402,True,500,500,True
victims-500,False,37,238.854889,242.480599,True,500,500,True
victims-500,False,38,244.97493,246.849721,True,500,500,True
victims-500,False,39,237.1639,233.115945,True,500,500,True
victims-500,False,40,236.8733,237.074523,True,500,500,True
victims-500,False,41,240.310516,242.919679,True,500,500,True
victims-500,False,42,238.542618,238.726628,True,500,500,True
victims-500,False,43,239.665756,237.688939,True,500,500,True
victims-500,False,44,240.995026,241.546615,True,500,500,True
victims-500,False,45,240.5328,237.644115,True,500,500,True
victims-500,False,46,240.415375,239.050142,True,500,500,True
victims-500,False,47,237.37738,245.553264,True,500,500,True
victims-500,False,48,241.007538,233.875952,True,500,500,True
victims-500,False,49,249.349075,245.434746,True,500,500,True
victims-500,False,50,249.659119,251.845989,True,500,500,True
victims-500,False,51,249.925476,241.08719,True,500,500,True
victims-500,False,52,244.727753,250.954241,True,500,500,True
victims-500,False,53,238.875473,251.735953,True,500,500,True
victims-500,False,54,244.224213,234.177683,True,500,500,True
victims-500,False,55,238.081314,243.124787,True,500,500,True
victims-500,False,56,238.931747,240.027414,True,500,500,True
victims-500,False,57,239.741287,236.343575,True,500,500,True
victims-500,False,58,251.241211,245.227483,True,500,500,True
victims-500,False,59,253.673584,252.131753,True,500,500,True
victims-500,False,60,252.084763,251.363709,True,500,500,True
victims-500,False,61,251.237213,252.615809,True,500,500,True
victims-500,False,62,249.853943,249.345403,True,500,500,True
victims-500,False,63,254.889465,249.696408,True,500,500,True
victims-500,False,64,250.7531,251.996442,True,500,500,True
victims-500,False,65,259.242584,259.928516,True,500,500,True
victims-500,False,66,259.830841,250.812001,True,500,500,True
victims-500,False,67,261.945435,264.483335,True,500,500,True
victims-500,False,68,262.658142,258.359139,True,500,500,True
victims-500,False,69,256.1996,266.681254,True,500,500,True
victims-500,False,70,251.747574,252.678876,True,500,500,True
victims-500,False,71,247.708,253.565976,True,500,500,True
victims-500,False,72,255.62561,242.745686,True,500,500,True
victims-500,False,73,254.492783,258.63273,True,500,500,True
victims-500,False,74,244.3516,251.250123,True,500,500,True
victims-500,False,75,247.211151,243.298683,True,500,500,True
victims-500,False,76,252.22171,253.444694,True,500,500,True
victims-500,False,77,254.0433,248.620947,True,500,500,True
victims-500,False,78,252.664536,259.078027,True,500,500,True
victims-500,False,79,251.007431,251.346668,True,500,500,True
victims-500,False,80,247.801056,250.106633,True,500,500,True
victims-500,False,81,257.602478,249.168213,True,500,500,True
victims-500,False,82,261.1193,256.612033,True,500,500,True
victims-500,False,83,264.3402,258.583494,True,500,500,True
victims-500,False,84,257.619263,266.554098,True,500,500,True
victims-500,False,85,251.970642,253.396551,True,500,500,True
victims-500,False,86,250.66185,256.284372,True,500,500,True
victims-500,False,87,250.385376,248.404821,True,500,500,True
victims-500,False,88,254.209045,254.845731,True,500,500,True
victims-500,False,89,252.409958,248.35321,True,500,500,True
