treatment,year,intensity,victims,crop_losses,deadwood_added_m3,affected_cell_area_m2,pre_light,control_light,storm_light,control_cover,storm_cover,control_regen,storm_regen,canopy_rebuilds,seed_rebuilds,evaluation_ms,mortality_ms,rebuild_ms,records_ms,visuals_ms,cash_cents
0,5,0.019999999552965164,3,0,0.86410832405090332,75,0.0782146230340004,0.082586772739887238,0.083121523261070251,0.12159611284732819,0.1217116191983223,7.8794879913330078,7.8878664970397949,1,1,3.0888,1.8165,24.7425,0.1548,25.853,1200000
0,5,0.059999998658895493,8,1,1.7174944877624512,200,0.0782146230340004,0.082586772739887238,0.0883307084441185,0.12159611284732819,0.12283679842948914,7.8794879913330078,8.1501846313476563,1,1,3.1596,0.2773,24.793200000000002,0.018200000000000004,2.2520000000000002,1200000
0,5,0.18000000715255737,25,4,5.5622062683105469,525,0.0782146230340004,0.082586772739887238,0.096231050789356232,0.12159611284732819,0.12454327195882797,7.8794879913330078,8.3680953979492188,1,1,2.9352,0.86540000000000006,25.5411,0.0493,7.6677,1200000
0,20,0.019999999552965164,9,1,4.50050163269043,225,0.11198566108942032,0.10858313739299774,0.11320224404335022,0.15617720782756805,0.15717723965644836,20.295778274536133,20.48811149597168,1,1,2.8414,0.342,18.3537,0.048100000000000004,3.1176000000000004,1200000
0,20,0.059999998658895493,17,1,9.7169923782348633,400,0.11198566108942032,0.10858313739299774,0.117467500269413,0.15617720782756805,0.15812523663043976,20.295778274536133,20.693849563598633,1,1,2.8434,0.5305,17.8173,0.0512,4.9379,1200000
0,20,0.18000000715255737,58,3,31.031116485595703,850,0.11198566108942032,0.10858313739299774,0.1459277868270874,0.15617720782756805,0.164262592792511,20.295778274536133,21.778755187988281,1,1,2.7544,1.1223,14.2035,0.10250000000000006,15.889800000000001,1200000
0,40,0.019999999552965164,3,0,3.4168524742126465,75,0.17235675454139709,0.17258985340595245,0.17969757318496704,0.20011685788631439,0.20169912278652191,36.910869598388672,37.291133880615234,1,1,1.2978,0.0862,9.0449,0.0086,1.1681000000000001,1200000
0,40,0.059999998658895493,9,0,12.2384614944458,225,0.17235675454139709,0.17258985340595245,0.18942894041538239,0.20011685788631439,0.20385636389255524,36.910869598388672,37.578418731689453,1,1,1.2098,0.2018,8.982800000000001,0.0187,2.7142,1200000
0,40,0.18000000715255737,20,1,30.801328659057617,425,0.17235675454139709,0.17258985340595245,0.21597595512866974,0.20011685788631439,0.20978663861751556,36.910869598388672,38.459136962890625,1,1,1.4571,0.4496,7.6589,0.037000000000000005,5.1774000000000004,1200000
1,5,0.019999999552965164,4,1,1.0265231132507324,100,0.12978048622608185,0.13525520265102386,0.13649165630340576,0.15358126163482666,0.153848335146904,12.830689430236816,12.846911430358887,1,1,2.2554000000000003,0.1259,19.2746,0.0096000000000000009,1.3539,965253
1,5,0.059999998658895493,8,1,1.9443646669387817,200,0.12978048622608185,0.13525520265102386,0.14487770199775696,0.15358126163482666,0.15565972030162811,12.830689430236816,12.994053840637207,1,1,2.4203,0.2192,18.513,0.019200000000000002,2.2838000000000003,965253
1,5,0.18000000715255737,27,6,6.48040246963501,525,0.12978048622608185,0.13525520265102386,0.17208130657672882,0.15358126163482666,0.16153571009635925,12.830689430236816,13.762429237365723,1,1,2.2754000000000003,0.6692,17.1127,0.085600000000000051,7.5226000000000006,965253
1,20,0.019999999552965164,8,1,4.5927391052246094,200,0.13197113573551178,0.132943794131279,0.13814853131771088,0.17581385374069214,0.17701976001262665,26.150537490844727,26.28706169128418,1,1,2.5127,0.2561,16.9466,0.018500000000000003,2.2144,965253
1,20,0.059999998658895493,16,1,10.234201431274414,375,0.13197113573551178,0.132943794131279,0.13927684724330902,0.17581385374069214,0.17726890742778778,26.150537490844727,26.485868453979492,1,1,2.1842,0.3845,16.5453,0.029800000000000004,4.6425,965253
1,20,0.18000000715255737,49,3,29.510377883911133,800,0.13197113573551178,0.132943794131279,0.16277553141117096,0.17581385374069214,0.18237072229385376,26.150537490844727,27.138051986694336,1,1,2.3166,1.0061,13.836300000000001,0.098900000000000016,13.251000000000001,965253
1,40,0.019999999552965164,3,0,3.6236543655395508,75,0.16347146034240723,0.16203834116458893,0.16804471611976624,0.19218358397483826,0.19350875914096832,38.463584899902344,38.625782012939453,1,1,1.5412000000000001,0.092,9.7795,0.0092,1.0594000000000001,965253
1,40,0.059999998658895493,10,0,14.621120452880859,250,0.16347146034240723,0.16203834116458893,0.19514729082584381,0.19218358397483826,0.19941964745521545,38.463584899902344,40.118568420410156,1,1,1.2978,0.2358,9.3193,0.020200000000000003,2.7223,965253
1,40,0.18000000715255737,24,1,38.065422058105469,500,0.16347146034240723,0.16203834116458893,0.23139382898807526,0.19218358397483826,0.20735839009284973,38.463584899902344,41.26275634765625,1,1,1.4093,0.6027,8.3544,0.044400000000000009,7.0317000000000007,965253
2,5,0.019999999552965164,4,1,1.0453354120254517,100,0.16330946981906891,0.16944001615047455,0.17167966067790985,0.1743437796831131,0.17482753098011017,14.520670890808105,14.559792518615723,1,1,2.4572000000000003,0.18330000000000002,13.8353,0.010900000000000002,1.346,985122
2,5,0.059999998658895493,9,2,2.2364428043365479,225,0.16330946981906891,0.16944001615047455,0.18425151705741882,0.1743437796831131,0.17754305899143219,14.520670890808105,14.654011726379395,1,1,1.7564000000000002,0.2702,14.684700000000001,0.020399999999999998,2.3877,985122
2,5,0.18000000715255737,23,5,5.7660083770751953,475,0.16330946981906891,0.16944001615047455,0.22015874087810516,0.1743437796831131,0.18529902398586273,14.520670890808105,15.469963073730469,1,1,2.0569,0.5953,16.0579,0.0625,5.884,985122
2,20,0.019999999552965164,5,1,3.3523001670837402,125,0.15291337668895721,0.14482405781745911,0.15163430571556091,0.18880854547023773,0.19044379889965057,32.565567016601563,32.865142822265625,1,1,1.9673,0.1439,14.312700000000001,0.011000000000000001,1.718,985122
2,20,0.059999998658895493,15,1,10.416908264160156,350,0.15291337668895721,0.14482405781745911,0.15370148420333862,0.18880854547023773,0.19061993062496185,32.565567016601563,33.001243591308594,1,1,2.149,0.3279,14.580900000000002,0.0285,4.726,985122
2,20,0.18000000715255737,40,3,27.325168609619141,750,0.15291337668895721,0.14482405781745911,0.19542965292930603,0.18880854547023773,0.19992023706436157,32.565567016601563,34.869121551513672,1,1,1.973,0.82480000000000009,11.8435,0.069600000000000009,10.3229,985122
2,40,0.019999999552965164,2,0,3.5805535316467285,50,0.16921092569828033,0.16691142320632935,0.1706981360912323,0.19780081510543823,0.198666512966156,39.633438110351563,39.708259582519531,1,1,1.6757000000000002,0.0734,9.6916000000000011,0.0078,0.97500000000000009,985122
2,40,0.059999998658895493,8,0,12.887096405029297,200,0.16921092569828033,0.16691142320632935,0.18616402149200439,0.19780081510543823,0.20205612480640411,39.633438110351563,40.413959503173828,1,1,1.4591,0.2081,9.2438,0.023000000000000003,2.476,985122
2,40,0.18000000715255737,23,1,39.580398559570313,525,0.16921092569828033,0.16691142320632935,0.21696552634239197,0.19780081510543823,0.20896017551422119,39.633438110351563,40.979755401611328,1,1,1.3311000000000002,0.5989,8.8403000000000009,0.06430000000000001,6.1184,985122
3,5,0.019999999552965164,3,1,0.75000190734863281,75,0.39366340637207031,0.39448922872543335,0.40808817744255066,0.32280063629150391,0.32573801279067993,21.926704406738281,21.983421325683594,1,1,1.6323,0.1459,12.200600000000001,0.0077,1.0350000000000001,1035951
3,5,0.059999998658895493,6,1,1.4971580505371094,150,0.39366340637207031,0.39448922872543335,0.41567957401275635,0.32280063629150391,0.32737773656845093,21.926704406738281,22.030063629150391,1,1,1.605,0.18180000000000002,11.7402,0.0135,1.6752,1035951
3,5,0.18000000715255737,14,5,3.7248716354370117,275,0.39366340637207031,0.39448922872543335,0.46102741360664368,0.32280063629150391,0.33717286586761475,21.926704406738281,21.735603332519531,1,1,5.8698000000000006,0.52970000000000006,11.802100000000001,0.0329,3.6767000000000003,1035951
3,20,0.019999999552965164,7,1,3.5278644561767578,175,0.21581046283245087,0.20256128907203674,0.20426715910434723,0.24569346010684967,0.24605444073677063,50.667198181152344,50.673912048339844,1,1,2.1835,0.1804,13.732700000000001,0.0164,2.1477,1035951
3,20,0.059999998658895493,14,1,7.4164857864379883,325,0.21581046283245087,0.20256128907203674,0.20744770765304565,0.24569346010684967,0.24673140048980713,50.667198181152344,50.708564758300781,1,1,2.2923,0.3668,13.3914,0.029200000000000004,4.6278000000000006,1035951
3,20,0.18000000715255737,34,3,17.509889602661133,575,0.21581046283245087,0.20256128907203674,0.22255930304527283,0.24569346010684967,0.25048673152923584,50.667198181152344,51.199459075927734,1,1,2.3003,0.7448,12.6873,0.0645,9.4238,1035951
3,40,0.019999999552965164,1,0,1.3003097772598267,25,0.10901713371276855,0.11382723599672318,0.11393240094184875,0.15668043494224548,0.15670463442802429,33.702861785888672,33.700897216796875,1,1,2.0858000000000003,0.0507,14.753,0.006,0.517,1035951
3,40,0.059999998658895493,6,1,8.7309932708740234,150,0.10901713371276855,0.11382723599672318,0.11740501970052719,0.15668043494224548,0.15744207799434662,33.702861785888672,33.805503845214844,1,1,2.2104,0.23370000000000002,17.1568,0.0172,2.116,1035951
3,40,0.18000000715255737,28,2,34.493961334228516,450,0.10901713371276855,0.11382723599672318,0.13641926646232605,0.15668043494224548,0.16155989468097687,33.702861785888672,34.624950408935547,1,1,2.1271,0.6413,12.9307,0.050700000000000009,7.7705,1035951
