trees,victims,repeat,warmup,intensity,total_annual_ms,storm_evaluation_ms,storm_mortality_ms,storm_rebuild_ms,record_ms_subset_of_mortality,storm_visual_creation_ms,canopy_rebuilds,seed_rebuilds,windthrow_deadwood_records,simulation_only
336,10,0,True,0.043198719620704651,94.8959,3.2531000000000003,2.1587,12.5995,0.2589,22.8169,1,1,10,True
336,10,1,False,0.043198719620704651,53.166900000000005,3.0591,0.056,12.310500000000001,0.0178,2.7310000000000003,1,1,10,True
336,10,2,False,0.043198719620704651,53.1135,3.1991,0.0609,12.178500000000001,0.0196,2.5889,1,1,10,True
336,10,3,False,0.043198719620704651,53.1274,3.0397000000000003,0.11660000000000001,12.595500000000001,0.020499999999999997,2.7571000000000003,1,1,10,True
336,50,0,True,0.22502344846725464,59.1897,3.0967000000000002,0.24430000000000002,11.376900000000001,0.0846,13.3145,1,1,50,True
336,50,1,False,0.22502344846725464,57.2731,2.9741,0.20350000000000001,10.713700000000001,0.07259999999999997,12.4533,1,1,50,True
336,50,2,False,0.22502344846725464,57.8408,2.9669000000000003,0.2033,10.9788,0.068399999999999989,12.5039,1,1,50,True
336,50,3,False,0.22502344846725464,57.772800000000004,3.1296,0.29910000000000003,10.9862,0.11870000000000011,12.2437,1,1,50,True
336,100,0,True,0.52252697944641113,62.4042,2.8017000000000003,0.4824,8.5272,0.1625,25.3385,1,1,100,True
336,100,1,False,0.52252697944641113,62.575300000000006,2.8622,0.44430000000000003,8.6949,0.1877,24.916800000000002,1,1,100,True
336,100,2,False,0.52252697944641113,61.4179,3.1107,0.41650000000000004,8.531600000000001,0.12840000000000018,24.0732,1,1,100,True
336,100,3,False,0.52252697944641113,60.5641,2.9578,0.4338,8.3057,0.16870000000000016,23.877000000000002,1,1,100,True
1300,10,0,True,0.010086162947118282,216.2501,12.432500000000001,0.061500000000000006,49.0674,0.0193,2.6875,1,1,10,True
1300,10,1,False,0.010086162947118282,216.67020000000002,12.5565,0.0648,49.5551,0.0208,2.521,1,1,10,True
1300,10,2,False,0.010086162947118282,214.2324,12.2401,0.058800000000000005,48.2333,0.018600000000000002,2.8887,1,1,10,True
1300,10,3,False,0.010086162947118282,221.5218,12.1476,0.0604,48.6087,0.0186,2.5107,1,1,10,True
1300,50,0,True,0.058260038495063782,219.7723,12.2301,0.2189,47.7744,0.073000000000000023,13.2392,1,1,50,True
1300,50,1,False,0.058260038495063782,220.9374,12.0329,0.2126,47.1235,0.0713,12.7382,1,1,50,True
1300,50,2,False,0.058260038495063782,224.1853,12.4169,0.2091,48.549400000000006,0.069300000000000028,12.864,1,1,50,True
1300,50,3,False,0.058260038495063782,218.3794,12.1363,0.2177,47.5619,0.072000000000000064,12.0304,1,1,50,True
1300,100,0,True,0.102985680103302,228.3009,13.4306,0.48700000000000004,47.8408,0.1677,25.718300000000003,1,1,100,True
1300,100,1,False,0.102985680103302,224.28410000000002,12.2088,0.45220000000000005,45.795700000000004,0.14470000000000011,24.448800000000002,1,1,100,True
1300,100,2,False,0.102985680103302,224.55720000000002,12.1728,0.4022,45.4423,0.13120000000000018,24.3823,1,1,100,True
1300,100,3,False,0.102985680103302,226.37910000000002,12.2284,0.5889,45.642500000000005,0.19560000000000008,24.255200000000002,1,1,100,True
5000,10,0,True,0.0010392193216830492,1340.7607,52.2652,0.066700000000000009,270.2142,0.020399999999999998,2.9497,1,1,10,True
5000,10,1,False,0.0010392193216830492,1381.7495000000001,52.5658,0.0632,278.7259,0.019200000000000002,2.8984,1,1,10,True
5000,10,2,False,0.0010392193216830492,1372.1957,53.4652,0.0661,263.0907,0.02,3.1870000000000003,1,1,10,True
5000,10,3,False,0.0010392193216830492,1361.5505,52.881800000000005,0.08270000000000001,266.4443,0.0376,2.9532000000000003,1,1,10,True
5000,50,0,True,0.0086050303652882576,1368.3152,53.6814,0.2381,265.84250000000003,0.07729999999999998,14.0363,1,1,50,True
5000,50,1,False,0.0086050303652882576,1393.9332000000002,53.0345,0.23870000000000002,275.35970000000003,0.0763,13.4818,1,1,50,True
5000,50,2,False,0.0086050303652882576,1375.7151000000001,52.9071,0.2818,262.0192,0.099599999999999966,13.2002,1,1,50,True
5000,50,3,False,0.0086050303652882576,1361.2363,52.0872,0.25020000000000003,260.3306,0.0774,12.9139,1,1,50,True
5000,100,0,True,0.02183440700173378,1370.3376,52.7141,0.44430000000000003,258.1215,0.14589999999999992,26.6579,1,1,100,True
5000,100,1,False,0.02183440700173378,1376.0144,52.165600000000005,0.4944,276.88100000000003,0.16549999999999998,26.5121,1,1,100,True
5000,100,2,False,0.02183440700173378,1394.8359,52.9684,0.44730000000000003,269.6375,0.14719999999999994,26.433,1,1,100,True
5000,100,3,False,0.02183440700173378,1385.2563,55.516200000000005,0.4777,262.9098,0.15279999999999994,26.5757,1,1,100,True
5000,1000,0,True,0.3125382661819458,1358.6145000000001,54.0388,4.3339,201.29070000000002,1.4693000000000143,324.5738,1,1,1000,True
5000,1000,1,False,0.3125382661819458,1350.4523000000002,53.7412,4.3698000000000006,204.8598,1.5262000000000189,307.67670000000004,1,1,1000,True
5000,1000,2,False,0.3125382661819458,1331.6527,52.4508,4.1678000000000006,203.6578,1.4394000000000156,298.20300000000003,1,1,1000,True
5000,1000,3,False,0.3125382661819458,1323.8459,51.5626,4.1694,204.2761,1.4052000000000144,298.1763,1,1,1000,True
