case,description,h_m,dbh_cm,top_m,light,recent_opening,expected_rank,current_GetWindRisk,hd_only,height2_x_hd,proposed_v1,proposed_v1_strong_openness
Y0_DOM,"Year 0 dominant, unthinned plantation (age 20)",14.8,20.5,14.6,0.05,0.0,7,20.7561,72.1951,0.5271,0.6000,0.6407
Y0_SUP,"Year 0 suppressed, unthinned (age 20)",9.5,12.0,14.6,0.03,0.0,9,21.5729,79.1667,0.2382,0.0311,0.0324
OLD_SLEND,"Unthinned age 35, slender dominant",23.0,27.0,23.0,0.04,0.0,3,23.8519,85.1852,1.5021,2.0055,2.1152
OLD_SUPP,"Unthinned age 35, slender suppressed (sheltered)",17.0,17.0,23.0,0.02,0.0,6,26.5000,100.0000,0.9633,0.8152,0.8378
HEAVY_NEW,"Age 35 dominant, heavy thinning around it this year",23.0,27.0,23.0,0.35,2.0,1,130.9722,85.1852,1.5021,6.1615,8.6567
LIGHT_NEW,"Age 35 dominant, light thinning nearby this year",23.0,27.0,23.0,0.1,1.0,2,55.3704,85.1852,1.5021,3.7369,4.2304
GAP_NEW,Age 35 tree on a gap edge opened last year,23.0,28.0,23.0,0.4,1.6,1,117.4643,82.1429,1.4485,5.1487,7.4739
GAP_OLD,"Same gap edge 10 years later (opening decayed, stouter)",26.0,34.0,26.0,0.4,0.2,5,50.4706,76.4706,1.7231,2.9011,4.2112
CROP_REL,Age 35 crop tree released by repeated light thinning,23.0,34.0,23.0,0.15,0.2,5,29.4265,67.6471,1.1928,1.5616,1.8625
EDGE_EST,"Long-established stand edge tree (road side), age 35",22.0,32.0,23.0,0.55,0.0,4,45.5469,68.7500,1.1092,1.4203,2.2426
SHORT_STOUT,Short stout open-grown tree,10.0,22.0,23.0,0.6,0.0,8,31.8182,45.4545,0.1515,0.0090,0.0146
OLD_STABLE,Age 100 dominant after self-thinning,31.0,62.0,31.0,0.08,0.0,6,15.5000,50.0000,1.6017,1.2846,1.4219
