id,x,z,dbhCm,heightM,crownRadiusM,age,edgeDistanceM,hegyiCI
P0000,-39.4,-39.4,15.526,11.751,2.127,20,0.6,2.541
P0001,-38.27,-39.4,15.24,11.06,2.105,20,0.6,3.166
P0002,-35.751,-39.4,15.602,11.619,2.133,20,0.6,3.604
P0003,-34.136,-39.4,16.414,11.61,2.195,20,0.6,3.539
P0004,-31.617,-39.4,17.616,12.689,2.286,20,0.6,3.867
P0005,-30.002,-39.4,17.92,13.569,2.31,20,0.6,3.677
P0006,-28.386,-39.4,17.642,12.526,2.288,20,0.6,3.771
P0007,-25.868,-39.4,16.394,12.444,2.193,20,0.6,3.662
P0008,-24.252,-39.4,15.664,11.121,2.137,20,0.6,3.494
P0009,-21.734,-39.4,15.305,11.59,2.11,20,0.6,2.683
P0119,-1.614,-38.334,18.49,13.499,2.353,20,1.666,3.164
P0120,-0.249,-38.252,19.286,13.917,2.414,20,1.748,3.271
P0121,2.136,-37.779,19.442,14.527,2.426,20,2.221,3.491
P0122,3.617,-38.214,17.45,12.958,2.274,20,1.786,3.685
P0123,6.002,-37.741,14.088,10.182,2.017,20,2.259,4.588
P0124,8.019,-38.33,13.27,9.829,1.955,20,1.67,4.163
P0125,10.404,-37.861,13.872,10.716,2.001,20,2.139,4.979
P0126,11.885,-38.291,15.943,11.666,2.159,20,1.709,4.337
P0127,14.27,-37.818,17.627,13.223,2.287,20,2.182,4.631
P0128,16.288,-38.408,17.829,13.504,2.303,20,1.592,4.878
P0129,17.769,-37.938,17.567,12.649,2.283,20,2.062,5.388
P0130,19.719,-37.709,15.997,11.836,2.163,20,2.291,5.726
P0131,22.238,-38.182,13.118,9.538,1.943,20,1.818,6.932
P0132,23.854,-37.748,12.051,9.211,1.862,20,2.252,7.692
P0133,26.372,-38.221,14.462,11.397,2.046,20,1.779,6.219
P0134,27.988,-37.786,16.591,12.562,2.208,20,2.214,6.127
P0135,29.603,-38.259,18.232,13.066,2.334,20,1.741,5.227
P0136,32.122,-37.825,19.35,14.094,2.419,20,2.175,4.942
P0137,33.737,-38.298,17.524,12.448,2.279,20,1.702,4.903
P0138,36.256,-37.868,14.291,11.267,2.033,20,2.132,5.052
P0139,37.871,-38.337,14.679,10.995,2.062,20,1.663,3.736
P0140,39.4,-37.797,13.542,9.951,1.975,20,0.6,3.399
P0200,-39.4,-35.765,13.58,10.591,1.978,20,0.6,4.15
P0201,-38.305,-36.238,12.63,9.489,1.906,20,1.695,5.264
P0202,-36.055,-35.726,11.851,9.698,1.846,20,3.945,6.66
P0203,-34.439,-36.199,14.745,10.979,2.067,20,3.801,5.613
P0204,-31.652,-35.846,20.066,14.255,2.474,20,4.154,4.662
P0205,-30.037,-36.316,21.072,15.571,2.55,20,3.684,4.286
P0206,-27.786,-35.808,19.231,13.916,2.41,20,4.192,4.836
P0207,-26.171,-36.277,16.022,11.414,2.165,20,3.723,5.524
P0208,-24.288,-35.924,12.489,9.2,1.895,20,4.076,6.549
P0209,-21.769,-36.397,11.226,9.109,1.799,20,3.603,6.727
P0210,-19.889,-36.309,13.793,10.164,1.995,20,3.691,5.515
P0211,-18.408,-35.839,16.712,12.486,2.217,20,4.161,4.206
P0212,-15.755,-36.348,21.099,14.514,2.552,20,3.652,3.168
P0213,-14.274,-35.878,21.698,15.399,2.598,20,4.122,3.126
P0214,-12.157,-36.231,19.201,14.364,2.408,20,3.769,3.292
P0215,-9.772,-35.758,14.345,10.661,2.037,20,4.242,4.733
P0216,-8.023,-36.27,11.939,9.682,1.853,20,3.73,5.512
P0217,-5.638,-35.797,12.13,9.109,1.868,20,4.203,6.226
P0228,16.27,-36.242,20.381,14.554,2.498,20,3.758,5.272
P0229,17.885,-35.811,19.057,13.22,2.396,20,4.189,6.052
P0230,20.386,-35.854,14.432,11.398,2.043,20,4.146,7.921
P0231,21.868,-36.288,11.853,9.106,1.846,20,3.712,9.558
P0232,24.252,-35.815,10.547,7.963,1.747,20,4.185,10.786
P0233,25.734,-36.249,12.276,9.548,1.879,20,3.751,9.024
P0234,28.118,-35.776,17.038,12.655,2.242,20,4.224,7.293
P0235,29.599,-36.206,19.575,13.537,2.436,20,3.794,6.03
P0236,31.984,-35.737,20.716,15.115,2.523,20,4.263,5.721
P0237,34.369,-36.168,17.25,12.274,2.259,20,3.832,5.769
P0317,-5.783,-33.963,10.987,8.358,1.78,20,6.037,9.869
P0318,-4.337,-34.118,12.819,10.543,1.92,20,5.882,8.309
P0319,-1.818,-33.688,17.357,12.844,2.267,20,6.312,6.644
P0320,0.408,-34.185,20.505,15.002,2.507,20,5.815,5.387
P0321,1.889,-33.712,19.581,13.738,2.437,20,6.288,6.333
P0322,3.638,-34.224,17.381,12.887,2.269,20,5.776,6.241
P0323,6.023,-33.755,13.073,9.524,1.94,20,6.245,8.419
P0324,7.772,-34.263,10.901,8.691,1.774,20,5.737,8.889
P0325,10.157,-33.794,12.355,10.105,1.885,20,6.206,8.658
P0326,11.906,-34.305,15.183,11.166,2.101,20,5.695,6.657
P0327,14.291,-33.832,19.17,14.151,2.405,20,6.168,6.155
P0328,16.041,-34.344,20.703,14.41,2.522,20,5.656,5.491
P0329,18.425,-33.871,18.235,13.393,2.334,20,6.129,6.825
P0330,20.263,-33.557,14.523,11.251,2.05,20,6.443,8.958
P0331,21.878,-34.026,11.785,9.041,1.841,20,5.974,10.733
P0332,24.129,-34.418,10.401,8.875,1.736,20,5.582,11.62
P0333,25.744,-33.988,12.237,9.5,1.876,20,6.012,10.051
P0334,27.995,-34.379,16.379,12.045,2.192,20,5.621,7.957
P0335,29.61,-33.949,18.914,14.308,2.386,20,6.051,6.401
P0336,31.861,-34.341,20.132,14.55,2.479,20,5.659,6.056
P0337,34.379,-33.91,16.75,11.94,2.22,20,5.621,6.405
P0338,35.726,-34.302,14.206,10.339,2.026,20,4.274,6.683
P0339,38.245,-33.868,11,9.043,1.781,20,1.755,6.824
P0340,39.4,-34.369,12.229,9.184,1.875,20,0.6,4.925
P0400,-39.4,-31.755,16.015,11.395,2.164,20,0.6,3.823
P0401,-37.889,-32.224,13.342,10.43,1.96,20,2.111,5.912
P0402,-36.274,-31.794,14.312,11.365,2.034,20,3.726,6.107
P0403,-33.755,-32.263,15.992,11.894,2.163,20,6.245,6.001
P0404,-31.772,-31.674,17.194,12.484,2.254,20,8.228,6.24
P0405,-30.157,-32.146,18.388,13.916,2.345,20,7.854,5.823
P0406,-27.638,-31.712,16.952,12.155,2.236,20,8.288,6.238
P0407,-26.023,-32.185,15.817,12.143,2.149,20,7.815,6.672
P0408,-23.871,-31.91,14.285,10.812,2.032,20,8.09,7.605
P0409,-22.256,-32.383,13.162,9.603,1.946,20,7.617,7.445
P0410,-19.924,-32.111,13.563,9.917,1.977,20,7.889,7.298
P0411,-18.443,-31.638,14.916,11.269,2.08,20,8.362,6.703
P0412,-16.058,-32.072,16.84,12.128,2.227,20,7.928,5.555
P0413,-13.674,-31.599,16.311,12.313,2.187,20,8.401,6.187
P0414,-12.192,-32.034,16.129,12.355,2.173,20,7.966,6.423
P0415,-9.808,-31.561,14.298,10.529,2.033,20,8.439,8.003
P0416,-8.326,-31.991,13.013,10.602,1.935,20,8.009,8.634
P0417,-5.942,-32.425,12.291,9.463,1.88,20,7.575,10.113
P0418,-4.291,-32.27,13.786,10.545,1.994,20,7.73,9.467
P0419,-1.906,-31.797,15.891,12.363,2.155,20,8.203,8.721
P0420,0.108,-31.751,17.063,12.562,2.244,20,8.249,7.823
P0421,1.723,-32.221,17.621,12.395,2.287,20,7.779,7.879
P0422,3.974,-31.712,15.638,11.858,2.135,20,8.288,8.136
P0423,5.589,-32.182,14.184,10.443,2.024,20,7.818,8.805
P0424,8.376,-31.829,13.297,9.87,1.957,20,8.171,8.815
P0425,9.991,-32.302,13.172,10.484,1.947,20,7.698,8.374
P0426,12.242,-31.79,15.3,11.29,2.11,20,8.21,7.607
P0427,13.857,-32.263,16.933,12.995,2.234,20,7.737,7.259
P0428,15.571,-31.592,16.894,11.968,2.231,20,8.408,7.237
P0429,18.09,-32.065,16.875,12.648,2.23,20,7.935,7.279
P0430,20.139,-32.295,15.025,11.342,2.089,20,7.705,8.657
P0431,21.621,-31.822,14.062,11.258,2.015,20,8.178,8.838
P0432,24.274,-32.334,12.748,9.751,1.915,20,7.666,9.62
P0433,25.755,-31.861,14.087,11.094,2.017,20,8.139,8.578
P0434,27.871,-32.214,15.823,11.479,2.15,20,7.786,7.419
P0435,30.256,-31.744,17.053,12.754,2.243,20,8.256,6.368
P0436,32.005,-32.252,17.942,12.613,2.311,20,7.748,6.127
P0437,34.39,-31.783,15.992,11.917,2.162,20,5.61,6.517
P0438,35.603,-32.136,14.852,10.744,2.075,20,4.397,6.74
P0439,37.988,-31.663,13.756,10.578,1.992,20,2.012,5.856
P0440,39.4,-32.206,14.765,10.903,2.069,20,0.6,4.066
P0500,-39.4,-29.903,17.565,12.86,2.283,20,0.6,3.493
P0501,-37.871,-30.334,15.647,12.184,2.136,20,2.129,5.237
P0502,-36.122,-29.942,16.104,11.775,2.171,20,3.878,5.549
P0503,-33.737,-30.376,15.045,11.631,2.09,20,6.263,6.604
P0504,-31.621,-29.825,13.934,10.966,2.005,20,8.379,7.669
P0505,-30.139,-30.256,14.343,10.528,2.037,20,9.744,7.71
P0506,-28.39,-29.864,13.991,10.823,2.01,20,10.136,7.522
P0507,-26.005,-30.295,15.139,10.843,2.097,20,9.705,7.395
P0508,-23.889,-29.744,16.274,11.57,2.184,20,10.256,6.842
P0509,-22.408,-30.178,15.848,11.819,2.152,20,9.822,7.021
P0510,-20.288,-30.263,16.547,12.186,2.205,20,9.737,6.157
P0511,-17.769,-29.832,15.64,11.111,2.136,20,10.168,6.881
P0512,-16.422,-30.224,15.447,11.683,2.121,20,9.776,6.803
P0513,-13.903,-29.79,14.595,10.642,2.056,20,10.21,7.153
P0514,-12.019,-30.341,15.749,12.049,2.144,20,9.659,7.46
P0515,-10.404,-29.91,16.267,11.857,2.183,20,10.09,7.879
P0516,-8.154,-30.302,16.596,12.753,2.209,20,9.698,7.662
P0517,-5.635,-29.871,17.198,12.614,2.255,20,10.129,8.294
P0518,-3.921,-30.104,16.432,11.625,2.196,20,9.896,8.482
P0519,-2.305,-29.674,15.539,11.764,2.128,20,10.326,9.396
P0520,-0.319,-29.719,14.448,10.409,2.045,20,10.281,9.732
P0521,2.065,-30.154,15.189,11.382,2.101,20,9.846,8.912
P0522,4.45,-29.681,15.918,11.5,2.157,20,10.319,8.168
P0523,5.931,-30.111,16.488,12.366,2.2,20,9.889,7.642
P0524,8.316,-29.642,17.774,12.83,2.299,20,10.358,7.222
P0614,-11.578,-27.871,14.427,10.857,2.043,20,12.129,8.314
P0615,-10.097,-28.302,16.798,12.841,2.224,20,11.698,7.683
P0616,-8.348,-27.91,19.277,13.686,2.413,20,12.09,6.772
P0617,-5.963,-28.341,19.061,14.065,2.397,20,11.659,7.57
P0618,-4.383,-27.635,17.926,13.159,2.31,20,12.365,8.42
P0619,-1.998,-28.065,13.936,11.198,2.006,20,11.935,10.645
P0620,0.058,-27.97,11.13,8.498,1.791,20,12.03,13.214
P0621,1.674,-28.439,11.875,9.652,1.848,20,11.561,12.113
P0624,8.326,-28.048,19.121,14.3,2.401,20,11.952,7.35
P0625,9.942,-27.617,18.622,13.477,2.363,20,12.383,7.778
P0626,11.557,-28.086,16.072,12.231,2.169,20,11.914,8.339
P0627,14.076,-27.656,11.968,9.173,1.855,20,12.344,11.077
P0628,15.691,-28.129,11.143,8.996,1.792,20,11.871,11.469
P0629,18.21,-27.695,12.369,9.243,1.886,20,12.305,10.078
P0630,20.09,-27.61,15.72,12.14,2.142,20,12.39,8.26
P0631,21.571,-28.041,17.873,12.782,2.306,20,11.959,6.982
P0632,23.956,-27.568,19.685,14.777,2.444,20,12.432,6.17
P0633,26.341,-28.002,17.031,12.439,2.242,20,11.998,6.348
P0703,-33.928,-26.111,16.102,11.939,2.171,20,6.072,6.973
P0704,-32.446,-25.638,13.123,9.758,1.943,20,7.554,9.287
P0705,-30.062,-26.069,10.651,8.737,1.755,20,9.938,10.835
P0706,-27.677,-25.599,12.851,9.767,1.923,20,12.323,9.95
P0707,-26.196,-26.03,15.823,12.123,2.15,20,13.804,8.095
P0708,-23.811,-25.561,20.129,14.459,2.478,20,14.439,6.791
P0709,-22.33,-25.991,21.097,15.572,2.552,20,14.009,6.268
P0710,-20.21,-26.076,18.911,14,2.385,20,13.924,6.371
P0711,-17.691,-25.645,13.808,10.323,1.996,20,14.355,8.668
P0712,-16.076,-26.118,11.109,8.984,1.79,20,13.882,10.188
P0717,-5.825,-25.606,20.215,14.964,2.485,20,14.394,7.186
P0718,-3.843,-25.921,16.87,12.02,2.23,20,14.079,8.892
P0719,-2.228,-26.39,13.475,10.606,1.97,20,13.61,10.707
P0720,-0.002,-25.988,11.025,9.069,1.783,20,14.012,12.98
P0721,2.383,-26.418,12.139,9.067,1.868,20,13.582,11.107
P0722,4.132,-26.026,15.353,11.573,2.114,20,13.974,9.009
P0723,5.614,-25.554,18.446,14.003,2.35,20,14.446,7.354
P0724,7.73,-25.906,21.27,15.778,2.565,20,14.094,6.427
P0725,10.115,-26.341,20.017,14.309,2.47,20,13.659,6.985
P0726,11.864,-25.945,15.388,11.953,2.116,20,14.055,8.717
P0727,14.249,-26.379,12.202,9.285,1.873,20,13.621,10.842
P0728,15.631,-26.143,9.569,7.45,1.672,20,13.857,13.262
P0729,18.016,-25.674,11.229,8.993,1.799,20,14.326,11.87
P0730,19.966,-26.348,15.211,11.622,2.103,20,13.652,9.013
P0731,21.582,-25.914,18.395,13.083,2.346,20,14.086,7.176
P0732,23.832,-26.309,20.095,14.828,2.476,20,13.691,6.066
P0733,26.351,-25.875,17.237,12.543,2.258,20,13.649,6.731
P0734,28.235,-26.425,13.268,10.774,1.955,20,11.765,8.062
P0735,29.85,-25.995,10.504,8.548,1.743,20,10.15,9.597
P0736,32.101,-26.386,9.892,7.656,1.697,20,7.899,10.589
P0737,33.716,-25.956,11.934,9.613,1.853,20,6.284,8.635
P0738,35.599,-25.599,15.801,11.272,2.148,20,4.401,6.45
P0739,38.118,-26.072,19.783,14.433,2.452,20,1.882,4.414
P0740,39.4,-26.439,22.122,15.751,2.63,20,0.6,3.394
P0800,-39.4,-24.139,19.879,13.885,2.459,20,0.6,3.663
P0801,-37.846,-23.705,18.993,14.028,2.392,20,2.154,4.908
P0802,-36.231,-24.178,18.784,14.232,2.376,20,3.769,5.249
P0803,-33.712,-23.744,14.917,11.321,2.08,20,6.288,7.693
P0804,-32.097,-24.217,12.133,9.929,1.868,20,7.903,9.659
P0805,-29.578,-23.786,11.075,8.761,1.787,20,10.422,10.954
P0806,-27.963,-24.256,12.014,9.677,1.859,20,12.037,10.461
P0807,-26.348,-23.825,14.743,10.856,2.067,20,13.652,9.381
P0808,-23.998,-23.981,18.276,13.606,2.337,20,16.002,7.622
P0809,-22.383,-23.55,18.75,13.387,2.373,20,16.45,7.557
P0810,-19.882,-23.592,17.206,12.27,2.255,20,16.408,7.839
P0811,-18.401,-24.023,14.988,11.408,2.086,20,15.977,9.049
P0812,-16.016,-23.554,11.958,9.195,1.854,20,16.446,10.548
P0813,-13.631,-23.984,11.274,9.284,1.802,20,16.016,10.439
P0814,-11.614,-23.67,13.905,10.581,2.003,20,16.33,8.452
P0815,-10.132,-24.104,16.355,12.613,2.19,20,15.896,7.408
P0816,-7.748,-23.631,18.776,13.78,2.375,20,16.369,6.975
P0817,-6.266,-24.065,19.228,13.368,2.41,20,15.935,7.318
P0818,-4.418,-24.337,17.333,12.838,2.265,20,15.663,8.288
P0819,-2.034,-23.868,13.236,9.607,1.952,20,16.132,10.402
P0820,0.15,-24.136,10.987,8.287,1.78,20,15.864,12.572
P0821,1.765,-23.702,11.76,9.458,1.839,20,16.298,11.018
P0822,4.016,-24.097,14.421,10.595,2.043,20,15.903,9.251
P0823,5.631,-23.663,17.02,12.899,2.241,20,16.337,7.678
P0824,7.882,-24.058,19.559,13.959,2.435,20,15.942,6.726
P0825,10.401,-23.624,17.85,13.592,2.304,20,16.376,7.734
P0826,11.748,-24.016,16.007,11.936,2.164,20,15.984,8.533
P0827,14.266,-23.585,12.422,9.2,1.89,20,16.415,11.046
P0828,15.614,-23.977,11.169,9.115,1.794,20,16.023,11.95
P0829,18.132,-24.45,12.384,9.356,1.887,20,15.55,10.71
P0830,19.843,-24.048,15.722,11.265,2.142,20,15.952,8.153
P0831,22.228,-23.575,18.819,13.699,2.378,20,16.425,7.373
P0832,23.977,-24.086,19.994,14.94,2.468,20,15.914,6.213
P0833,26.362,-23.614,17.374,12.624,2.268,20,13.638,7.02
P0835,29.592,-23.656,12.681,10.251,1.91,20,10.408,8.957
P0836,32.245,-24.164,11.562,8.865,1.824,20,7.755,9.869
P0837,33.726,-23.695,13.502,10.581,1.972,20,6.274,8.747
P0838,36.379,-24.206,17.911,13.338,2.309,20,3.621,6.165
P0839,37.861,-23.734,19.294,13.503,2.415,20,2.139,5.26
P0840,39.4,-24.404,19.75,14.125,2.449,20,0.6,4.128
P0900,-39.4,-22.376,16.605,12.66,2.209,20,0.6,4.64
P0901,-37.716,-21.903,16.323,11.793,2.188,20,2.284,5.581
P0902,-35.966,-22.415,16.705,12.543,2.217,20,4.034,5.857
P0903,-33.582,-21.942,14.929,10.75,2.081,20,6.418,7.543
P0904,-31.832,-21.55,14.526,11.013,2.051,20,8.168,8.309
P0905,-30.351,-21.981,13.614,10.961,1.981,20,9.649,8.927
P0906,-27.698,-21.589,14.597,10.878,2.056,20,12.302,8.973
P0907,-26.217,-22.023,14.991,11.635,2.086,20,13.783,8.76
P0908,-23.564,-21.628,15.829,11.463,2.15,20,16.436,9.25
P0909,-22.083,-22.062,16.651,12.486,2.213,20,17.917,8.928
P0910,-20.245,-21.744,15.62,12.007,2.134,20,18.256,9.355
P0911,-17.726,-22.217,14.406,10.741,2.041,20,17.783,9.663
P0912,-16.379,-21.705,14.22,11.317,2.027,20,18.295,10.027
P0913,-13.861,-22.178,13.302,10.236,1.957,20,17.822,9.393
P0914,-11.61,-21.666,14.716,11.089,2.065,20,18.334,8.522
P0915,-9.995,-22.136,15.562,11.1,2.13,20,17.864,8.205
P0916,-7.744,-21.628,15.746,11.906,2.144,20,18.372,8.116
P0917,-6.129,-22.097,16.485,11.851,2.2,20,17.903,8.178
P0918,-3.878,-21.585,15.236,11.053,2.105,20,18.415,8.46
P0919,-2.263,-22.058,14.474,11.272,2.047,20,17.942,9.09
P0920,-0.277,-22.104,13.339,10.87,1.96,20,17.896,9.527
P0921,2.108,-21.635,14.148,10.68,2.022,20,18.365,8.27
P0922,3.589,-22.065,14.259,10.415,2.03,20,17.935,8.761
P0923,5.974,-21.596,15.243,11.538,2.105,20,18.404,7.786
P0924,7.991,-22.185,16.538,12.496,2.204,20,17.815,7.71
P0925,10.376,-21.712,15.431,11.118,2.12,20,18.288,9.189
P0926,11.857,-22.146,14.991,11.716,2.086,20,17.854,9.417
P0927,14.242,-21.674,14.107,10.476,2.019,20,18.326,10.067
P0928,16.09,-21.949,13.413,10.427,1.966,20,18.051,10.74
P0929,17.571,-22.379,13.116,9.551,1.943,20,17.621,10.674
P0930,19.691,-21.564,15.808,12.359,2.148,20,18.436,8.541
P0931,22.21,-22.034,17.099,12.646,2.247,20,17.79,8.205
P0932,23.825,-21.603,16.626,12.687,2.211,20,16.175,7.988
P0933,26.344,-22.072,16.571,12.14,2.207,20,13.656,7.696
P0934,27.959,-21.642,15.646,11.411,2.136,20,12.041,7.996
P0935,29.575,-22.111,14.585,11.445,2.055,20,10.425,8.506
P0936,32.094,-21.681,14.972,10.815,2.085,20,7.906,7.92
P0937,33.709,-22.154,14.894,11.458,2.079,20,6.291,8.139
P0938,36.058,-22.309,16.492,12.293,2.201,20,3.942,6.79
P0939,37.674,-21.875,16.845,11.999,2.228,20,2.326,6.184
P0940,39.4,-21.649,16.581,11.873,2.207,20,0.6,4.834
P1000,-39.4,-19.804,13.595,10.935,1.979,20,0.6,5.138
P1001,-38.005,-20.235,13.737,10.331,1.99,20,1.995,6.332
P1002,-35.621,-19.765,13.722,9.988,1.989,20,4.379,7.208
P1003,-34.139,-20.196,15.077,11.341,2.093,20,5.861,7.134
P1004,-32.122,-19.882,16.672,11.995,2.214,20,7.878,6.708
P1005,-29.737,-20.316,16.721,12.539,2.218,20,10.263,7.194
P1006,-28.256,-19.843,16.953,12.349,2.236,20,11.744,7.27
P1007,-25.871,-20.274,15.079,11.7,2.093,20,14.129,8.673
P1008,-24.023,-19.645,13.305,10.04,1.957,20,15.977,10.803
P1009,-21.638,-20.076,13.463,10.651,1.969,20,18.362,11.385
P1010,-20.422,-20.164,13.713,10.966,1.988,20,19.578,11.18
P1011,-17.903,-19.73,15.511,11.567,2.126,20,20.27,9.924
P1012,-16.288,-20.203,16.233,12.349,2.181,20,19.797,8.975
P1013,-13.769,-19.772,17.131,12.393,2.249,20,20.228,8.011
P1018,-4.055,-20.005,14.159,10.753,2.023,20,19.995,8.828
P1019,-2.439,-19.575,15.644,11.16,2.136,20,20.425,7.959
P1025,10.439,-19.681,13.887,10.697,2.002,20,20.319,10.258
P1028,16.323,-20.231,17.182,12.584,2.253,20,19.769,8.733
P1029,17.804,-19.758,17.325,13.186,2.264,20,20.242,8.712
P1034,27.825,-20.083,15.434,11.101,2.12,20,12.175,8.385
P1035,30.344,-19.649,17.513,13.082,2.279,20,9.656,7.385
P1038,35.557,-20.002,14.873,11.111,2.077,20,4.443,8.478
P1039,38.076,-19.571,12.748,10.485,1.915,20,1.924,8.111
P1108,-23.554,-18.397,11.17,8.74,1.794,20,16.446,13.329
P1109,-21.938,-17.963,10.301,8.893,1.728,20,18.062,14.279
P1110,-19.606,-17.691,12.74,9.643,1.914,20,20.394,12.196
P1111,-18.125,-18.125,15.52,11.879,2.126,20,21.875,10.165
P1112,-16.376,-17.73,18.524,13.049,2.356,20,22.27,8.39
P1113,-13.991,-18.164,19.109,13.925,2.4,20,21.836,7.721
P1114,-11.875,-17.614,16.904,12.582,2.232,20,22.386,8.633
P1115,-10.394,-18.044,14.071,10.133,2.016,20,21.956,9.579
P1116,-7.741,-17.652,10.291,8.303,1.727,20,22.348,12.482
P1117,-6.259,-18.083,10.617,9.018,1.752,20,21.917,11.713
P1118,-3.974,-17.85,13.271,10.687,1.955,20,22.15,8.955
P1119,-1.589,-18.281,17.374,12.539,2.268,20,21.719,6.54
P1120,0.185,-17.783,20.023,14.2,2.47,20,22.217,5.295
P1121,1.801,-18.256,19.238,14.405,2.41,20,21.744,5.616
P1122,4.319,-17.822,15.721,11.354,2.142,20,22.178,7.506
P1123,5.935,-18.295,13.009,10.365,1.935,20,21.705,9.781
P1124,7.917,-17.705,10.674,8.046,1.756,20,22.295,12.917
P1125,10.436,-18.175,12.564,9.91,1.901,20,21.825,11.539
P1126,12.051,-17.744,15.222,11.892,2.104,20,22.256,9.936
P1127,13.666,-18.217,17.966,13.08,2.313,20,21.783,8.205
P1128,15.649,-17.624,20.25,15.056,2.488,20,22.376,7.575
P1129,18.168,-18.097,18.249,13.303,2.335,20,21.832,8.156
P1130,20.217,-18.326,15.071,11.172,2.092,20,19.783,9.769
P1131,21.698,-17.854,12.491,10.085,1.895,20,18.302,11.172
P1132,24.083,-18.288,11.527,9.154,1.822,20,15.917,11.507
P1133,25.564,-17.815,12.406,10.212,1.889,20,14.436,10.809
P1134,27.949,-18.249,16.629,12.496,2.211,20,12.051,8.159
P1137,34.199,-17.737,17.573,12.568,2.283,20,5.801,7.851
P1138,35.681,-18.168,14.868,11.536,2.077,20,4.319,8.402
P1140,39.4,-17.786,10.799,8.566,1.766,20,0.6,7.84
P1200,-39.4,-15.815,12.756,10.367,1.915,20,0.6,5.728
P1201,-38.422,-16.249,10.141,8.054,1.716,20,1.578,8.616
P1206,-28.404,-15.935,19.299,13.398,2.415,20,11.596,6.012
P1207,-26.019,-16.365,14.836,11.144,2.074,20,13.981,8.86
P1208,-24.439,-15.659,11.775,9.044,1.841,20,15.561,11.73
P1209,-22.055,-16.09,9.865,8.373,1.695,20,17.945,14.83
P1210,-19.935,-16.178,12.136,9.339,1.868,20,20.065,12.898
P1211,-18.319,-15.744,15.447,12.083,2.121,20,21.681,10.329
P1212,-16.069,-16.136,19.461,14.059,2.427,20,23.864,7.904
P1213,-13.55,-15.705,19.672,13.676,2.443,20,24.295,7.852
P1214,-12.203,-16.097,17.898,13.269,2.308,20,23.903,8.608
P1215,-9.684,-15.666,12.783,9.584,1.917,20,24.334,10.944
P1216,-8.337,-16.058,10.604,8.925,1.751,20,23.942,12.881
P1217,-5.818,-15.628,10.573,8.393,1.749,20,24.372,11.455
P1218,-4.302,-16.334,12.636,10.138,1.906,20,23.666,9.363
P1221,2.418,-16.065,20.006,13.804,2.469,20,23.935,5.578
P1222,3.899,-15.596,17.28,12.984,2.261,20,24.404,6.669
P1223,6.284,-16.026,12.533,9.349,1.898,20,23.974,10.127
P1224,8.302,-15.712,10.894,9.204,1.773,20,24.288,12.733
P1225,9.783,-16.146,11.683,9.001,1.833,20,23.854,12.239
P1226,12.168,-15.674,16.049,11.374,2.167,20,24.326,9.83
P1227,13.649,-16.104,19.034,13.738,2.395,20,23.896,8.206
P1228,15.666,-15.794,21.271,14.791,2.566,20,24.206,7.624
P1229,18.051,-16.224,19.623,14.282,2.44,20,21.949,7.835
P1230,19.55,-16.178,16.253,12.578,2.182,20,20.45,9.727
P1231,22.069,-15.748,11.573,9.163,1.825,20,17.931,12.195
P1232,23.684,-16.221,10.426,8.786,1.737,20,16.316,13.654
P1233,26.203,-15.786,13.12,9.944,1.943,20,13.797,10.829
P1234,27.818,-16.259,16.375,12.296,2.192,20,12.182,8.351
P1235,30.337,-15.825,20.43,14.297,2.501,20,9.663,6.879
P1236,31.952,-16.298,20.756,14.834,2.526,20,8.048,7.151
P1237,33.568,-15.868,18.796,13.105,2.377,20,6.432,7.744
P1238,36.086,-16.337,13.753,10.312,1.992,20,3.914,9.363
P1239,37.702,-15.906,11.237,9.445,1.799,20,2.298,10.07
P1240,39.4,-16.266,10.09,7.83,1.712,20,0.6,8.575
P1300,-39.4,-13.666,13.537,10.649,1.975,20,0.6,6.714
P1301,-38.439,-14.139,12.336,9.392,1.883,20,1.561,7.867
P1302,-35.921,-13.705,13.499,10.447,1.972,20,4.079,8.344
P1303,-34.305,-14.178,15.255,11.023,2.106,20,5.695,7.668
P1304,-31.786,-13.748,18.473,12.863,2.352,20,8.214,7.113
P1305,-30.171,-14.217,19.933,14.46,2.463,20,9.829,6.222
P1306,-27.652,-13.786,17.961,13.571,2.313,20,12.348,7.59
P1307,-26.037,-14.256,15.796,11.716,2.148,20,13.963,8.887
P1308,-24.422,-13.825,13.796,10.321,1.995,20,15.578,10.583
P1309,-21.903,-14.295,12.087,9.953,1.864,20,18.097,12.029
P1310,-20.023,-14.21,12.677,10.159,1.909,20,19.977,11.788
P1311,-17.638,-13.737,16.148,11.619,2.174,20,22.362,10.047
P1312,-16.157,-14.171,18.183,13.751,2.33,20,23.843,8.494
P1313,-13.772,-13.698,18.067,12.988,2.321,20,26.228,8.759
P1314,-11.755,-14.288,16.456,12.144,2.198,20,25.712,9.468
P1315,-10.274,-13.818,14.164,11.236,2.023,20,26.182,10.757
P1316,-7.889,-14.249,11.204,9.067,1.797,20,25.751,12.221
P1317,-6.408,-13.779,11.614,8.629,1.828,20,26.221,11.885
P1318,-4.39,-14.369,13.083,9.921,1.94,20,25.631,9.578
P1321,2.076,-14.136,18.638,13.064,2.365,20,25.864,5.637
P1322,4.326,-13.624,15.592,11.867,2.132,20,26.376,7.647
P1323,5.942,-14.097,13.24,9.896,1.952,20,25.903,9.981
P1324,8.192,-13.585,12.27,9.271,1.878,20,26.415,12.399
P1325,9.808,-14.058,12.334,10.003,1.883,20,25.942,12.593
P1326,12.058,-14.45,15.243,11.293,2.105,20,25.55,11.021
P1327,13.674,-14.016,17.592,13.441,2.285,20,25.984,9.259
P1328,16.094,-13.822,18.799,14.166,2.377,20,23.906,8.561
P1329,17.709,-14.295,18.415,13.415,2.347,20,22.291,8.667
P1330,19.589,-14.206,16.154,12.079,2.175,20,20.411,9.559
P1331,21.974,-13.737,13.172,10.743,1.947,20,18.026,11.241
P1332,23.723,-14.245,11.805,9.204,1.843,20,16.277,12.41
P1333,26.108,-13.776,13.971,11.06,2.008,20,13.892,10.508
P1334,27.857,-14.288,16.376,11.859,2.192,20,12.143,8.765
P1335,30.242,-13.815,18.885,13.928,2.383,20,9.758,7.642
P1336,31.991,-14.326,19.7,13.741,2.446,20,8.009,7.632
P1337,34.376,-13.854,16.847,12.485,2.228,20,5.624,8.886
P1338,35.956,-14.048,14.482,11.532,2.047,20,4.044,9.235
P1339,38.341,-13.578,12.663,9.712,1.908,20,1.659,9.392
P1340,39.4,-13.846,11.841,9.88,1.846,20,0.6,8.911
P1400,-39.4,-12.189,15.303,11.899,2.11,20,0.6,6.35
P1401,-37.963,-11.716,15.881,11.566,2.154,20,2.037,7.309
P1402,-35.578,-12.15,15.419,12.15,2.119,20,4.422,8.317
P1403,-34.097,-11.677,15.985,11.81,2.162,20,5.903,8.81
P1404,-31.712,-12.108,16.668,12.389,2.214,20,8.288,8.77
P1405,-30.231,-11.638,16.039,12.511,2.166,20,9.769,8.704
P1406,-27.846,-12.069,16.509,12.469,2.202,20,12.154,8.654
P1407,-26.365,-11.599,16.021,11.474,2.165,20,13.635,9.422
P1408,-23.981,-12.03,15.423,11.259,2.119,20,16.019,10.137
P1409,-21.596,-11.561,16.075,12.176,2.169,20,18.404,10.213
P1410,-20.379,-11.645,15.619,12.053,2.134,20,19.621,10.809
P1411,-17.861,-12.118,15.846,11.681,2.151,20,22.139,10.229
P1412,-16.245,-11.684,15.701,11.925,2.14,20,23.755,10.324
P1413,-13.726,-12.157,16.479,11.895,2.2,20,26.274,10.007
P1414,-11.744,-11.568,15.612,11.202,2.133,20,28.256,10.745
P1415,-10.129,-12.037,15.471,11.806,2.123,20,27.963,10.651
P1416,-7.61,-11.606,15.735,12.304,2.143,20,28.394,9.918
P1417,-5.995,-12.076,14.993,11.331,2.086,20,27.924,9.497
P1418,-4.012,-12.39,15.119,11.028,2.096,20,27.61,8.58
P1419,-2.397,-11.959,15.737,12.103,2.143,20,28.041,7.331
P1422,3.963,-11.592,14.831,10.741,2.074,20,28.408,8.135
P1423,6.348,-12.026,14.379,10.974,2.039,20,27.974,9.968
P1424,7.561,-12.379,13.655,11.038,1.984,20,27.621,11.012
P1425,9.945,-11.906,14.495,10.867,2.048,20,28.094,11.249
P1426,11.695,-12.418,14.633,11.466,2.059,20,27.582,10.766
P1427,14.079,-11.945,15.251,11.157,2.106,20,25.921,10.229
P1428,16.365,-11.712,15.024,11.755,2.089,20,23.635,11.01
P1429,17.846,-12.143,15.522,11.372,2.127,20,22.154,10.578
P1430,19.797,-11.914,16.118,11.675,2.172,20,20.203,9.728
P1431,22.316,-12.386,15.024,11.689,2.089,20,17.684,10.478
P1432,23.663,-11.875,15.69,11.589,2.139,20,16.337,10.535
P1433,26.182,-12.348,15.487,12.155,2.124,20,13.818,9.913
P1434,28.065,-11.995,16.226,12.59,2.18,20,11.935,9.473
P1435,29.681,-11.561,15.978,11.923,2.161,20,10.319,10.005
P1436,31.931,-11.952,16.586,11.787,2.208,20,8.069,9.561
P1437,34.45,-12.425,16.449,12.394,2.197,20,5.55,9.247
P1438,36.334,-12.072,15.694,12.128,2.14,20,3.666,9.23
P1439,37.949,-11.642,16.053,11.838,2.167,20,2.051,8.607
P1440,39.4,-12.009,14.693,10.75,2.063,20,0.6,7.762
P1500,-39.4,-10.041,17.178,12.86,2.253,20,0.6,6.532
P1501,-37.981,-9.606,18.436,13.127,2.349,20,2.019,7.527
P1502,-35.73,-9.998,17.077,12.976,2.245,20,4.27,8.92
P1503,-34.115,-9.568,15.565,11.526,2.13,20,5.885,10.265
P1504,-31.864,-9.959,13.207,10.04,1.95,20,8.136,11.559
P1505,-30.249,-10.432,13.176,10.713,1.947,20,9.751,12.053
P1506,-27.998,-9.921,13.245,10.242,1.953,20,12.002,11.914
P1507,-26.383,-10.394,15.004,10.82,2.087,20,13.617,10.615
P1508,-23.963,-10.196,17.14,12.347,2.25,20,16.037,9.732
P1509,-22.348,-9.765,18.313,13.766,2.34,20,17.652,9.162
P1510,-20.016,-10.397,16.498,12.481,2.201,20,19.984,9.93
P1511,-17.631,-9.924,14.276,10.411,2.031,20,22.369,11.522
P1512,-15.882,-10.436,13.49,10.437,1.971,20,24.118,12.164
P1513,-14.401,-9.963,12.516,10.346,1.897,20,25.599,12.447
P1514,-11.748,-9.571,14.013,10.582,2.011,20,28.252,11.721
P1515,-10.266,-10.005,15.85,12.234,2.152,20,29.734,10.664
P1516,-7.614,-9.61,18.428,13.141,2.349,20,30.39,8.925
P1517,-6.132,-10.044,17.731,13.222,2.295,20,29.956,8.596
P1518,-3.649,-10.238,15.796,11.556,2.148,20,29.762,8.168
P1519,-2.168,-9.769,14.106,11.021,2.018,20,30.231,8.402
P1522,3.571,-9.896,15.017,11.426,2.088,20,30.104,7.841
P1523,6.09,-10.369,17.397,12.389,2.27,20,29.631,7.936
P1524,7.705,-9.935,18.754,13.075,2.373,20,30.065,7.931
P1525,10.224,-10.408,17.521,13.002,2.279,20,29.592,9.363
P1526,11.839,-9.974,16.398,12.64,2.193,20,28.161,9.693
P1527,14.358,-10.446,14.458,10.924,2.045,20,25.642,11.364
P1528,15.974,-10.016,13.293,9.82,1.956,20,24.026,12.037
P1529,17.589,-9.582,13.373,10.562,1.963,20,22.411,11.759
P1530,20.372,-10.401,15.529,11.362,2.127,20,19.628,10.496
P1531,21.854,-9.928,17.143,12.876,2.25,20,18.146,9.762
P1532,24.238,-10.362,17.137,12.538,2.25,20,15.762,9.85
P1533,25.719,-9.889,16.934,12.925,2.234,20,14.281,9.65
P1534,27.737,-9.575,14.668,11.675,2.061,20,12.263,11.236
P1535,30.122,-10.005,12.613,9.709,1.904,20,9.878,12.554
P1536,31.603,-10.439,12.977,9.601,1.932,20,8.397,12.308
P1537,33.988,-9.966,13.731,10.581,1.99,20,6.012,11.253
P1538,36.005,-9.652,16.103,12.207,2.171,20,3.995,9.27
P1539,38.39,-10.086,17.494,12.378,2.277,20,1.61,7.843
P1540,39.4,-10.305,17.789,12.918,2.3,20,0.6,6.617
P1600,-39.4,-8.189,18.505,13.988,2.354,20,0.6,6.494
P1601,-37.589,-7.716,19.96,14.199,2.465,20,2.411,7.465
P1602,-35.839,-8.228,18.417,13.755,2.348,20,4.161,8.795
P1603,-34.358,-7.758,16.005,11.568,2.163,20,5.642,10.768
P1604,-32.242,-8.111,11.998,9.597,1.858,20,7.758,13.299
P1605,-29.857,-7.638,9.806,7.546,1.69,20,10.143,16.646
P1606,-28.108,-8.15,11.482,9.098,1.818,20,11.892,13.634
P1607,-25.723,-7.677,15.837,12.311,2.151,20,14.277,10.004
P1608,-23.606,-8.03,19.066,13.621,2.397,20,16.394,8.93
P1609,-22.125,-7.561,19.942,14.677,2.464,20,17.875,8.821
P1610,-19.554,-7.832,18.006,13.034,2.316,20,20.446,9.283
P1611,-17.938,-8.302,14.837,11.761,2.074,20,22.062,10.838
P1612,-15.688,-7.79,11.271,9.037,1.802,20,24.312,14.126
P1613,-14.072,-8.263,11.285,8.533,1.803,20,25.928,13.625
P1614,-12.189,-7.91,13.234,9.718,1.952,20,27.811,12.007
P1615,-9.67,-8.383,18.001,13.366,2.316,20,30.33,9.263
P1616,-8.323,-7.871,20.129,14.171,2.478,20,31.677,8.493
P1617,-5.804,-8.341,19.978,14.77,2.467,20,31.659,7.683
P1618,-4.09,-7.674,17.841,13.422,2.304,20,32.326,7.933
P1619,-1.571,-8.146,13.029,9.925,1.936,20,31.854,9.052
P1620,0.415,-8.192,10.732,8.802,1.761,20,31.808,9.534
P1622,4.281,-8.154,15.067,11.669,2.092,20,31.846,7.847
P1623,5.762,-7.681,18.011,12.802,2.317,20,32.319,7.529
P1624,8.146,-8.111,20.374,14.422,2.497,20,31.854,7.433
P1625,9.628,-7.642,19.927,14.658,2.463,20,30.372,8.125
P1626,12.012,-8.072,15.802,11.766,2.148,20,27.988,9.742
P1627,14.397,-7.603,11.429,9.568,1.814,20,25.603,13.244
P1628,16.048,-8.351,10.901,8.417,1.774,20,23.952,14.171
P1629,18.432,-7.878,12.876,10.155,1.925,20,21.568,12.053
P1630,20.383,-7.649,16.582,12.387,2.208,20,19.617,10.311
P1631,21.998,-8.122,19.192,13.492,2.407,20,18.002,9.041
P1632,23.614,-7.688,20.516,14.647,2.508,20,16.386,8.47
P1633,26.132,-8.161,17.957,12.548,2.313,20,13.868,9.096
P1634,28.115,-7.571,14.114,11.214,2.019,20,11.885,11.525
P1635,29.73,-8.041,11.543,9.107,1.823,20,10.27,13.462
P1636,32.249,-7.61,10.704,8.921,1.759,20,7.751,14.69
P1637,33.864,-8.079,13.029,9.85,1.936,20,6.136,12.032
P1638,36.016,-7.808,17.241,12.306,2.258,20,3.984,8.95
P1639,37.631,-8.277,19.515,14.408,2.431,20,2.369,7.189
P1640,39.4,-8.009,20.735,14.599,2.525,20,0.6,5.465
P1700,-39.4,-6.041,19.559,14.439,2.435,20,0.6,6.232
P1701,-37.606,-5.606,20.558,14.546,2.511,20,2.394,7.48
P1702,-35.991,-6.079,19.708,14.353,2.446,20,4.009,8.356
P1703,-34.376,-5.645,16.851,12.069,2.228,20,5.624,10.112
P1704,-32.394,-5.959,12.983,10.005,1.933,20,7.606,12.993
P1705,-29.875,-6.432,10.557,7.988,1.748,20,10.125,16.013
P1706,-28.259,-5.998,11.944,9.182,1.853,20,11.741,13.195
P1707,-25.741,-5.568,16.607,12.764,2.209,20,14.259,10.04
P1708,-23.589,-6.196,20.271,14.392,2.489,20,16.411,8.398
P1709,-21.974,-5.765,20.682,15.338,2.521,20,18.026,8.432
P1710,-20.094,-5.681,19.092,14.192,2.399,20,19.906,9.159
P1711,-17.709,-6.111,14.496,10.651,2.048,20,22.291,11.148
P1712,-16.228,-5.638,12.226,10.114,1.875,20,23.772,13.99
P1713,-13.843,-6.072,11.292,8.843,1.804,20,26.157,14.176
P1714,-12.362,-5.599,13.335,9.776,1.96,20,27.638,12.761
P1715,-9.977,-6.034,17.895,13.116,2.308,20,30.023,9.146
P1716,-7.592,-5.561,20.788,14.576,2.529,20,32.408,8.291
P1717,-6.111,-5.991,20.854,15.129,2.534,20,33.889,8.051
P1718,-3.557,-5.836,15.577,11.298,2.131,20,34.164,9.275
P1719,-2.076,-6.27,12.54,9.928,1.899,20,33.73,10.447
P1720,-0.062,-6.221,9.89,7.757,1.697,20,33.779,11.014
P1723,6.323,-5.751,18.166,13.76,2.328,20,33.677,7.467
P1724,8.206,-6.302,19.964,14.361,2.466,20,31.794,7.676
P1725,9.822,-5.868,18.869,13.17,2.382,20,30.178,8.596
P1726,12.072,-6.263,14.942,11.426,2.082,20,27.928,10.454
P1727,13.688,-5.829,11.857,9.001,1.847,20,26.312,12.854
P1728,16.305,-6.065,9.843,8.444,1.693,20,23.695,15.745
P1729,17.921,-5.631,11.505,8.961,1.82,20,22.079,13.647
P1730,19.97,-5.861,15.528,11.295,2.127,20,20.03,10.862
P1731,22.355,-6.295,19.676,14.38,2.444,20,17.645,8.525
P1732,24.104,-5.899,20.149,13.982,2.48,20,15.896,8.718
P1733,25.585,-6.334,18.862,13.697,2.382,20,14.415,8.876
P1734,27.702,-5.783,14.798,11.201,2.071,20,12.298,10.866
P1735,30.086,-6.214,10.723,9.187,1.76,20,9.914,14.419
P1736,31.836,-5.822,10.42,8.307,1.737,20,8.164,15.109
P1737,34.221,-6.252,13.353,10.639,1.961,20,5.779,11.741
P1738,36.337,-5.702,17.445,13.2,2.273,20,3.663,8.506
P1739,37.818,-6.136,19.695,13.903,2.445,20,2.182,7.066
P1740,39.4,-5.772,20.463,14.115,2.504,20,0.6,5.658
P1800,-39.4,-3.758,18.064,12.613,2.321,20,0.6,6.762
P1801,-37.808,-4.189,19.33,13.912,2.417,20,2.192,7.643
P1802,-36.326,-3.716,18.269,12.92,2.336,20,3.674,8.983
P1803,-33.942,-4.15,16.153,12.121,2.175,20,6.058,10.136
P1804,-31.924,-3.836,13.996,10.449,2.01,20,8.076,11.973
P1805,-30.443,-4.266,12.599,10.096,1.903,20,9.557,13.208
P1806,-28.058,-3.797,14.016,10.64,2.012,20,11.942,11.294
P1807,-25.674,-4.228,16.623,12.77,2.211,20,14.326,9.991
P1808,-23.656,-3.914,18.603,13.663,2.362,20,16.344,9.162
P1809,-22.175,-4.348,19.609,13.595,2.439,20,17.825,8.889
P1810,-19.772,-4.302,17.362,12.588,2.267,20,20.228,9.967
P1811,-18.157,-3.871,15.232,11.959,2.104,20,21.843,11.044
P1812,-15.638,-4.341,12.387,9.324,1.887,20,24.362,12.864
P1813,-14.023,-3.91,12.81,10.279,1.92,20,25.977,12.75
P1814,-12.408,-4.383,13.431,9.793,1.967,20,27.592,12.96
P1815,-9.889,-3.949,16.727,12.529,2.219,20,30.111,9.87
P1816,-8.274,-4.422,18.757,14.121,2.374,20,31.726,9.287
P1817,-5.755,-3.988,18.274,13.309,2.337,20,34.245,9.041
P1818,-4.139,-3.557,16.623,12.619,2.211,20,35.861,9.021
P1819,-1.621,-4.03,13.853,10.389,1.999,20,35.97,9.143
P1820,-0.129,-3.938,12.281,9.998,1.879,20,36.062,9.593
P1823,6.39,-4.411,17.657,12.46,2.29,20,33.61,7.648
P1824,8.139,-4.019,18.158,12.795,2.328,20,31.861,7.936
P1825,9.621,-4.45,18.226,13.349,2.333,20,30.379,8.45
P1826,12.274,-4.058,14.935,11.822,2.082,20,27.726,10.725
P1827,13.755,-3.585,13.584,10.292,1.979,20,26.245,12.025
P1828,16.238,-3.783,12.3,9.294,1.881,20,23.762,12.77
P1829,17.719,-4.214,12.48,9.919,1.894,20,22.281,12.857
P1830,19.839,-4.298,15.043,11.668,2.09,20,20.161,10.571
P1831,22.358,-3.868,17.503,12.68,2.278,20,17.642,9.435
P1832,23.705,-4.259,18.416,13.938,2.348,20,16.295,9.185
P1833,26.224,-3.829,16.389,12.168,2.193,20,13.776,9.754
P1834,27.571,-4.221,14.917,10.743,2.08,20,12.429,11.091
P1835,30.09,-3.79,12.629,10.016,1.906,20,9.91,12.422
P1836,32.341,-4.182,11.999,9.113,1.858,20,7.659,13.22
P1837,33.956,-3.748,13.775,10.905,1.993,20,6.044,11.468
P1838,36.376,-3.554,16.107,11.612,2.171,20,3.624,8.993
P1839,37.991,-4.026,17.807,13.358,2.301,20,2.009,7.713
P1840,39.4,-3.935,17.943,13.311,2.311,20,0.6,6.263
P1900,-39.4,-2.411,16.113,12.256,2.172,20,0.6,7.498
P1901,-38.051,-1.981,15.5,11.363,2.125,20,1.949,8.862
P1902,-35.801,-2.372,16.033,12.385,2.166,20,4.199,10.306
P1903,-34.185,-1.938,15.677,11.651,2.138,20,5.815,10.689
P1904,-32.302,-1.585,16.24,11.488,2.181,20,7.698,10.476
P1905,-29.783,-2.058,15.816,11.917,2.149,20,10.217,10.065
P1906,-28.436,-2.45,15.222,11.035,2.104,20,11.564,10.876
P1907,-25.917,-2.019,15.672,12.006,2.138,20,14.083,10.241
P1908,-24.203,-2.252,15.828,11.364,2.15,20,15.797,10.518
P1909,-21.684,-1.822,15.17,11.648,2.1,20,18.316,10.701
P1910,-19.635,-2.051,15.796,12.102,2.148,20,20.365,10.611
P1911,-18.154,-1.578,15.974,11.521,2.161,20,21.846,10.823
P1912,-16.404,-2.09,15.91,11.993,2.156,20,23.596,10.447
P1913,-14.019,-1.617,16.704,11.794,2.217,20,25.981,9.824
P1914,-11.903,-1.97,15.998,11.38,2.163,20,28.097,10.602
P1915,-10.422,-2.404,15.96,11.869,2.16,20,29.578,10.525
P1916,-7.769,-2.012,15.723,12.235,2.142,20,32.231,10.345
P1917,-6.288,-2.443,16.43,11.982,2.196,20,33.712,9.893
P1918,-4.171,-1.892,15.761,11.365,2.145,20,35.829,9.035
P1919,-1.786,-2.326,15.72,11.852,2.142,20,37.674,7.663
P1920,-0.182,-2.415,14.763,11.503,2.069,20,37.585,7.771
P1923,5.568,-2.023,15.196,11.08,2.102,20,34.432,7.688
P1924,7.55,-2.334,15.629,11.683,2.135,20,32.45,8.605
P1925,10.069,-1.903,14.999,10.78,2.087,20,29.931,9.859
P1926,11.684,-2.376,15.38,11.35,2.116,20,28.316,10.096
P1927,14.203,-1.942,15.536,12.138,2.128,20,25.797,10.062
P1928,16.355,-1.67,15.949,11.523,2.159,20,23.645,10.401
P1929,17.97,-2.139,15.161,11.727,2.099,20,22.03,10.788
P1930,20.302,-1.868,15.252,12,2.106,20,19.698,10.497
P1931,21.783,-2.302,15.557,11.497,2.129,20,18.217,10.267
P1932,24.168,-1.829,14.825,10.709,2.073,20,15.832,10.871
P1933,25.649,-2.259,15.477,11.627,2.123,20,14.351,10.419
P1934,28.034,-1.79,15.503,11.309,2.125,20,11.966,10.134
P1935,30.418,-2.221,15.203,11.635,2.102,20,9.582,10.679
P1936,31.899,-1.751,15.981,11.783,2.162,20,8.101,10.236
P1937,34.284,-2.182,15.311,11.881,2.111,20,5.716,10.23
P1938,35.935,-2.026,15.217,11.489,2.103,20,4.065,9.535
P1939,38.319,-1.554,14.313,11.441,2.034,20,1.681,8.987
P1940,39.4,-1.959,15.058,11.922,2.091,20,0.6,7.233
P2000,-39.4,0.097,12.702,9.84,1.911,20,0.6,7.982
P2001,-38.15,-0.376,12.555,9.236,1.9,20,1.85,10.28
P2002,-35.899,0.136,12.651,9.987,1.907,20,4.101,11.696
P2003,-34.284,-0.337,14.8,10.806,2.071,20,5.716,11.003
P2004,-32.034,0.175,17.824,13.373,2.302,20,7.966,9.491
P2005,-30.418,-0.295,18.353,13.188,2.343,20,9.582,9.117
P2006,-28.168,0.214,18.078,13.71,2.322,20,11.832,8.761
P2007,-25.649,-0.256,14.757,11.137,2.068,20,14.351,10.999
P2008,-24.132,-0.062,12.844,10.417,1.922,20,15.868,12.7
P2009,-21.614,0.372,11.596,9.131,1.827,20,18.386,14.292
P2010,-19.734,-0.446,14.409,10.941,2.042,20,20.266,11.893
P2011,-18.252,0.026,16.09,12.496,2.17,20,21.748,10.545
P2012,-15.599,0.418,19.414,13.865,2.424,20,24.401,8.839
P2013,-14.118,-0.016,19.061,14.159,2.397,20,25.882,9.155
P2014,-12.369,0.379,18.006,13.529,2.316,20,27.631,9.509
P2015,-9.984,-0.055,14.578,10.711,2.055,20,30.016,10.904
P2016,-8.235,0.341,12.386,9.865,1.887,20,31.765,12.842
P2017,-5.85,-0.094,12.814,9.439,1.92,20,34.15,11.171
P2018,-4.27,-0.288,14.379,11.412,2.039,20,35.73,9.192
P2019,-1.885,0.182,17.509,12.66,2.278,20,38.115,6.665
P2020,-0.281,0.094,19.24,13.978,2.41,20,39.719,5.114
P2022,3.854,0.055,16.89,12.343,2.231,20,36.146,5.963
P2023,6.372,-0.418,14.04,11.267,2.013,20,33.628,9.102
P2024,7.988,0.016,12.55,9.473,1.9,20,32.012,10.656
P2025,9.603,0.446,12.524,10.148,1.898,20,30.397,12.08
P2026,12.122,-0.023,15.913,11.379,2.156,20,27.878,9.778
P2027,13.737,0.408,18.331,13.57,2.341,20,26.263,8.899
P2028,16.256,-0.065,19.337,14.528,2.418,20,23.744,8.433
P2029,17.871,0.369,18.819,13.694,2.378,20,22.129,8.691
P2030,19.751,-0.45,15.043,11.569,2.09,20,20.249,10.744
P2031,22.136,0.023,12.167,9.094,1.87,20,17.864,12.845
P2032,23.617,-0.411,12.128,9.94,1.867,20,16.383,13.289
P2033,26.002,0.062,12.96,9.765,1.931,20,13.998,11.69
P2034,28.019,0.376,15.786,12.387,2.147,20,11.981,10.314
P2035,30.404,-0.058,18.022,13.082,2.317,20,9.596,8.926
P2036,31.885,0.415,18.729,13.186,2.371,20,8.115,8.866
P2037,34.27,-0.016,16.09,12.063,2.17,20,5.73,9.605
P2038,36.288,0.298,13.325,10.014,1.959,20,3.712,10.053
P2039,37.769,-0.136,12.196,9.827,1.873,20,2.231,10.1
P2040,39.4,-0.355,12.898,10.282,1.926,20,0.6,7.738
P2100,-39.4,1.949,11.897,9.694,1.85,20,0.6,8.518
P2101,-38.132,2.418,10.602,8.199,1.751,20,1.868,10.942
P2102,-35.748,1.988,12.093,9.994,1.865,20,4.252,12.201
P2103,-34.266,1.554,14.85,11.012,2.075,20,5.734,11.209
P2104,-31.882,2.026,19.501,13.561,2.43,20,8.118,8.595
P2105,-30.401,1.596,20.701,14.818,2.522,20,9.599,8.147
P2106,-28.016,2.065,19.371,13.66,2.42,20,11.984,8.409
P2107,-25.631,1.635,14.714,11.285,2.065,20,14.369,10.71
P2108,-24.15,2.104,12.032,9.288,1.86,20,15.85,12.773
P2109,-21.765,1.674,10.953,9.132,1.778,20,18.235,14.566
P2110,-20.097,2.305,12.177,9.072,1.871,20,19.903,13.488
P2111,-17.578,1.832,17.261,12.916,2.259,20,22.422,9.887
P2112,-15.963,2.266,19.913,14.894,2.462,20,24.037,8.855
P2113,-14.348,1.794,20.44,14.708,2.502,20,25.652,8.671
P2114,-12.365,2.383,18.507,13.844,2.355,20,27.635,9.233
P2115,-9.846,1.914,13.405,10.168,1.965,20,30.154,12.25
P2116,-8.231,2.344,10.831,8.906,1.768,20,31.769,14.184
P2117,-5.712,1.875,11.026,8.514,1.783,20,34.288,11.907
P2118,-3.73,1.561,14.325,10.893,2.035,20,36.27,8.327
P2119,-2.115,1.991,17.623,12.425,2.287,20,37.885,5.84
P2122,4.245,2.358,15.71,11.644,2.141,20,35.755,6.862
P2123,5.726,1.924,12.682,10.279,1.91,20,34.274,9.615
P2124,7.843,1.571,10.337,8.849,1.731,20,32.157,13.783
P2125,10.228,2.044,11.511,8.885,1.82,20,29.772,13.734
P2126,11.977,2.436,14.832,11.457,2.074,20,28.023,10.805
P2127,14.362,2.005,19.268,13.516,2.413,20,25.638,8.535
P2128,15.744,2.238,20.302,15.159,2.492,20,24.256,8.241
P2129,18.129,1.808,18.328,13.244,2.341,20,21.871,8.959
P2130,20.079,2.037,14.212,10.852,2.027,20,19.921,11.082
P2131,21.695,1.564,11.33,8.552,1.807,20,18.305,13.783
P2132,23.945,2.076,11.001,9.04,1.781,20,16.055,13.609
P2133,25.561,1.603,11.239,8.674,1.8,20,14.439,14.252
P2134,28.348,1.956,17.929,13.514,2.31,20,11.652,8.975
P2135,29.963,2.39,20.623,14.671,2.516,20,10.037,7.856
P2136,32.214,1.995,20.929,15.552,2.539,20,7.786,7.441
P2137,33.829,2.429,18.826,13.735,2.379,20,6.171,7.878
P2138,35.712,1.878,13.651,10.993,1.984,20,4.288,9.507
P2139,38.231,2.309,9.838,8.116,1.693,20,1.769,9.525
P2140,39.4,2.125,10.528,8.412,1.745,20,0.6,7.518
P2200,-39.4,3.91,11.998,9.959,1.858,20,0.6,8.298
P2201,-38.228,4.344,11.3,9.013,1.804,20,1.772,9.949
P2202,-35.709,3.871,12.26,9.942,1.878,20,4.291,11.71
P2203,-34.094,4.302,15.156,11.225,2.099,20,5.906,10.397
P2204,-32.111,3.991,18.739,13.291,2.372,20,7.889,8.577
P2205,-29.592,4.422,20.011,14.771,2.469,20,10.408,8.022
P2206,-27.977,3.949,18.938,13.236,2.387,20,12.023,8.427
P2207,-26.362,4.383,16.063,12.145,2.168,20,13.638,9.526
P2208,-24.21,3.755,12.035,9.267,1.86,20,15.79,12.336
P2209,-21.691,4.185,11.122,9.392,1.791,20,18.309,14.035
P2210,-19.811,4.27,13.699,11.056,1.987,20,20.189,12.031
P2211,-18.33,3.839,16.349,12.007,2.19,20,21.67,9.973
P2212,-15.945,4.312,19.899,13.874,2.461,20,24.055,8.403
P2213,-13.561,3.878,20.358,14.672,2.496,20,26.439,8.437
P2214,-12.079,4.351,18.242,13.515,2.334,20,27.921,9.305
P2215,-9.695,3.917,13.886,10.122,2.002,20,30.305,10.979
P2216,-8.214,4.39,12.157,9.921,1.87,20,31.786,11.673
P2217,-5.829,3.959,11.793,9.003,1.842,20,34.171,10.364
P2218,-4.178,4.115,14.085,10.58,2.017,20,35.822,7.141
P2222,4.086,3.769,15.817,11.216,2.149,20,35.914,6.565
P2223,5.702,4.199,12.825,10.053,1.921,20,34.298,9.401
P2224,7.585,3.649,10.224,8.416,1.722,20,32.415,12.896
P2225,10.104,4.083,11.5,8.695,1.82,20,29.896,13.327
P2226,12.355,3.688,15.378,11.791,2.116,20,27.645,10.824
P2227,13.97,4.122,18.136,12.988,2.326,20,26.03,9.241
P2228,15.684,3.885,19.755,14.194,2.45,20,24.316,8.534
P2229,18.203,4.319,17.719,12.419,2.294,20,21.797,9.179
P2230,19.801,4.274,14.871,11.698,2.077,20,20.199,10.71
P2231,22.185,3.843,10.814,8.49,1.767,20,17.815,14.032
P2232,23.935,4.235,10.326,8.701,1.73,20,16.065,14.932
P2233,26.319,3.804,12.61,9.425,1.904,20,13.681,12.151
P2234,28.436,4.355,16.58,12.4,2.207,20,11.564,9.744
P2235,29.917,3.921,18.918,13.157,2.386,20,10.083,8.633
P2236,31.666,4.312,19.341,13.932,2.418,20,8.334,7.699
P2237,34.051,3.882,16.978,12.98,2.238,20,5.949,8.416
P2301,-38.21,6.235,12.868,10.31,1.924,20,1.79,9.178
P2302,-35.557,5.723,13.009,9.706,1.935,20,4.443,11.448
P2303,-34.076,6.192,14.598,11.204,2.056,20,5.924,11.053
P2304,-31.959,5.839,16.634,12.49,2.212,20,8.041,9.457
P2305,-29.575,6.312,16.656,11.811,2.213,20,10.425,9.343
P2306,-27.825,5.801,16.534,12.249,2.204,20,12.175,9.367
P2307,-26.344,6.274,14.993,11.806,2.086,20,13.656,10.451
P2308,-24.228,5.921,13.112,10.664,1.943,20,15.772,11.067
P2309,-21.843,6.39,13.173,10.009,1.947,20,18.157,12.257
P2310,-19.723,6.305,15.186,11.192,2.101,20,20.277,10.849
P2311,-18.108,5.832,16.507,12.703,2.202,20,21.892,9.737
P2312,-15.857,6.344,17.658,12.903,2.29,20,24.143,9.531
P2313,-14.242,5.871,18.589,12.968,2.361,20,25.758,9.202
P2314,-12.358,6.224,17.219,12.81,2.256,20,27.642,9.318
P2315,-9.839,5.755,14.979,10.908,2.085,20,30.161,9.746
P2316,-7.589,6.266,14.162,11.093,2.023,20,32.411,8.459
P2317,-5.974,5.794,13.608,10.237,1.98,20,34.026,7.82
P2318,-4.259,5.561,16.217,12.546,2.18,20,34.439,5.356
P2321,2.178,6.231,19.093,14.254,2.399,20,33.769,4.197
P2322,3.659,5.797,16.863,12.538,2.229,20,34.203,6.241
P2323,6.044,6.27,14.821,11.785,2.073,20,33.73,8.186
P2324,8.429,5.836,13.422,10.583,1.966,20,31.571,10.922
P2325,9.91,6.309,14.537,10.582,2.051,20,30.09,10.7
P2326,12.295,5.878,16.153,12.455,2.175,20,27.705,9.775
P2327,13.776,6.348,17.106,12.354,2.248,20,26.224,9.18
P2328,16.33,5.599,18.845,14.077,2.38,20,23.67,8.86
P2329,17.811,6.072,17.552,12.583,2.282,20,22.189,9.426
P2330,19.762,6.302,15.638,11.556,2.135,20,20.238,9.97
P2331,22.281,5.829,13.39,10.854,1.964,20,17.719,11.896
P2332,23.896,6.263,13.69,10.17,1.987,20,16.104,11.546
P2333,26.415,5.79,14.492,11.359,2.048,20,13.585,10.961
P2334,28.397,6.379,16.271,11.591,2.184,20,11.603,9.428
P2335,30.012,5.91,17.785,13.222,2.299,20,9.988,9.019
P2336,31.628,6.341,17.438,13.341,2.273,20,8.372,8.334
P2337,34.146,5.871,16.668,12.35,2.214,20,5.854,7.472
P2338,36.298,6.143,14.556,11.601,2.053,20,3.702,7.343
P2339,37.914,5.674,14.453,11.024,2.045,20,2.086,6.517
P2340,39.4,5.942,15.177,12,2.1,20,0.6,4.69
P2400,-39.4,7.578,16.298,11.524,2.186,20,0.6,6.413
P2401,-38.192,8.009,17.101,12.713,2.247,20,1.808,7.174
P2402,-35.942,7.617,16.336,11.726,2.189,20,4.058,8.812
P2403,-34.326,8.051,16.287,12.387,2.185,20,5.674,9.704
P2404,-32.443,8.404,15.108,11.633,2.095,20,7.557,10.406
P2405,-29.924,7.931,15.114,11.124,2.095,20,10.076,9.689
P2406,-27.674,8.443,14.973,11.728,2.085,20,12.326,9.731
P2407,-26.058,7.97,16.06,11.889,2.168,20,13.942,9.007
P2408,-24.175,8.323,17.146,12.539,2.251,20,15.825,8.146
P2409,-21.656,7.854,16.762,12.993,2.221,20,18.344,9.458
P2410,-19.776,7.938,16.352,11.599,2.19,20,20.224,10.002
P2411,-18.295,8.411,15.732,11.728,2.143,20,21.705,9.909
P2412,-15.642,7.899,15.101,11.85,2.094,20,24.358,10.679
P2413,-14.161,8.372,14.26,10.636,2.03,20,25.839,11.306
P2414,-12.044,8.019,15.406,11.86,2.118,20,27.956,9.596
P2415,-9.659,7.585,16.059,11.573,2.168,20,30.341,8.097
P2416,-7.91,7.977,16.868,12.587,2.229,20,32.023,6.574
P2422,4.15,7.808,15.193,10.895,2.101,20,32.192,6.464
P2423,5.765,8.242,16.024,12.102,2.165,20,31.758,6.955
P2424,7.748,7.928,16.201,12.056,2.178,20,32.072,8.156
P2425,10.266,8.358,16.467,11.708,2.199,20,29.734,8.916
P2426,11.882,7.885,15.421,11.394,2.119,20,28.118,9.895
P2427,14.401,8.319,14.077,11.253,2.016,20,25.599,10.192
P2428,16.383,8.005,14.17,11.155,2.023,20,23.617,10.524
P2429,17.998,8.436,14.013,10.544,2.011,20,22.002,10.291
P2430,20.048,8.206,15.8,11.493,2.148,20,19.952,9.077
P2431,22.432,7.776,16.236,12.276,2.181,20,17.568,9.205
P2432,23.914,8.249,17.105,12.48,2.247,20,16.086,8.681
P2433,26.298,7.815,15.979,12.295,2.162,20,13.702,9.154
P2434,27.779,8.288,15.516,12.163,2.126,20,12.221,9.426
P2435,30.164,7.854,14.991,11.146,2.086,20,9.836,9.253
P2500,-39.4,10.334,18.226,13.674,2.333,20,0.6,5.851
P2501,-38.175,9.899,18.728,13.294,2.371,20,1.825,6.527
P2502,-35.79,10.372,18.1,13.775,2.323,20,4.21,7.858
P2503,-34.309,9.938,15.701,11.596,2.14,20,5.691,9.546
P2504,-32.291,10.252,12.407,9.709,1.889,20,7.709,11.756
P2505,-29.906,9.822,11.119,9.423,1.79,20,10.094,12.022
P2506,-28.425,10.295,11.439,9.287,1.815,20,11.575,11.991
P2509,-21.808,10.058,18.976,14.163,2.39,20,18.192,7.663
P2510,-20.139,9.786,18.288,13.67,2.338,20,19.861,8.023
P2511,-17.621,10.217,14.475,10.793,2.047,20,22.379,10.177
P2512,-16.005,9.748,12.819,10.101,1.92,20,23.995,11.567
P2513,-14.39,10.178,11.813,8.964,1.843,20,25.61,12.511
P2514,-11.871,9.709,14.412,10.42,2.042,20,28.129,9.196
P2515,-10.256,10.139,16.899,12.654,2.232,20,29.744,7.152
P2516,-7.737,9.666,19.366,14.517,2.42,20,30.334,4.888
P2522,4.203,9.839,15.003,11.262,2.087,20,30.161,6.034
P2523,5.684,10.309,17.476,13.308,2.276,20,29.691,6.058
P2524,8.337,9.801,19.162,13.661,2.404,20,30.199,6.483
P2525,9.818,10.27,18.899,14.012,2.384,20,29.73,6.743
P2526,11.568,9.758,16.302,11.709,2.186,20,28.432,8.166
P2527,13.952,10.231,12.555,9.899,1.9,20,26.048,10.051
P2528,15.702,9.719,11.732,8.697,1.837,20,24.298,11.065
P2529,18.086,10.192,12.618,9.76,1.905,20,21.914,9.912
P2530,20.376,9.79,15.894,11.951,2.155,20,19.624,8.373
P2531,21.991,10.221,18.347,12.959,2.342,20,18.009,7.127
P2532,24.242,9.829,18.707,13.874,2.37,20,15.758,7.064
P2533,25.857,10.259,17.672,12.719,2.291,20,14.143,7.326
P2534,28.108,9.868,14.097,10.479,2.018,20,11.892,9.338
P2535,29.723,10.302,11.649,9.653,1.831,20,10.277,10.64
P2536,31.974,9.906,11.315,8.933,1.805,20,8.026,10.574
P2537,33.589,10.341,12.477,9.141,1.894,20,6.411,8.807
P2538,35.839,9.949,16.085,12.558,2.17,20,4.161,5.513
P2539,38.358,10.379,19.239,14.001,2.41,20,1.642,4.21
P2540,39.4,9.882,20.643,14.853,2.518,20,0.6,3.164
P2600,-39.4,12.284,19.198,14.479,2.407,20,0.6,5.721
P2601,-38.157,11.811,20.363,14.688,2.496,20,1.843,6.103
P2602,-35.638,12.245,18.817,14.064,2.378,20,4.362,7.328
P2603,-34.023,11.772,15.681,11.607,2.139,20,5.977,9.159
P2604,-32.408,12.203,12.297,9.843,1.88,20,7.592,11.496
P2605,-29.889,11.734,9.971,7.888,1.703,20,10.111,12.48
P2606,-28.274,12.164,11.177,8.97,1.795,20,11.726,11.305
P2607,-25.755,11.695,16.071,11.491,2.169,20,14.245,7.719
P2608,-24.139,12.125,19.04,13.666,2.395,20,15.861,6.63
P2609,-21.621,11.652,20.15,15.046,2.48,20,18.379,7.095
P2610,-20.192,11.924,18.989,13.338,2.391,20,19.808,7.517
P2611,-17.808,12.397,14.141,10.845,2.021,20,22.192,10.402
P2612,-16.326,11.966,11.505,8.877,1.82,20,23.674,12.541
P2613,-13.942,12.436,10.56,8.804,1.748,20,26.058,13.029
P2614,-11.924,11.846,13.309,10.174,1.958,20,28.076,9.522
P2615,-10.443,12.319,16.412,12.611,2.195,20,27.681,7.236
P2616,-8.058,11.885,20.336,14.71,2.494,20,28.115,4.571
P2623,6.224,11.854,18.852,13.846,2.381,20,28.146,5.445
P2624,7.571,12.365,20.489,14.348,2.506,20,27.635,4.833
P2625,10.09,11.892,19.417,14.375,2.424,20,28.108,5.589
P2626,12.341,12.404,15.05,11.155,2.091,20,27.596,7.053
P2627,13.956,11.935,11.915,9.903,1.851,20,26.044,9.13
P2628,16.376,12.129,10.292,8.157,1.727,20,23.624,10.435
P2629,17.991,11.656,11.969,9.889,1.855,20,22.009,9.73
P2630,19.871,11.744,15.946,12.421,2.159,20,20.129,6.957
P2631,22.256,12.214,20.263,14.406,2.489,20,17.744,5.332
P2632,24.005,11.705,21.011,15.382,2.546,20,15.995,5.376
P2633,26.39,12.175,18.118,12.896,2.325,20,13.61,6.013
P2634,28.139,11.663,14.401,10.616,2.041,20,11.861,7.873
P2635,29.621,12.136,11.723,9.468,1.837,20,10.379,8.844
P2636,32.274,11.624,11.014,8.337,1.782,20,7.726,9.26
P2637,33.755,12.097,12.961,10.057,1.931,20,6.245,7.324
P2638,36.238,11.899,18.185,13.093,2.33,20,3.762,4.737
P2639,37.719,12.372,20.476,15.027,2.505,20,2.281,3.894
P2640,39.4,12.104,22.041,15.357,2.624,20,0.6,2.878
P2700,-39.4,14.132,20.17,14.832,2.481,20,0.6,4.796
P2701,-38.139,13.702,20.014,14.044,2.47,20,1.861,5.935
P2702,-36.39,14.094,19.206,14.056,2.408,20,3.61,6.465
P2703,-34.005,13.663,15.864,11.292,2.153,20,5.995,8.333
P2704,-32.256,14.055,12.909,9.973,1.927,20,7.744,10.044
P2705,-29.871,13.624,10.792,9.173,1.765,20,10.129,11.086
P2706,-28.122,14.016,12.373,9.462,1.886,20,11.878,9.784
P2707,-25.737,13.582,16.287,12.401,2.185,20,14.263,7.549
P2708,-24.157,14.291,18.517,13.318,2.355,20,15.843,6.362
P2709,-21.772,13.861,19.918,14.7,2.462,20,18.228,6.419
P2710,-19.652,13.772,17.188,12.941,2.254,20,20.348,7.741
P2711,-18.037,14.206,14.349,10.668,2.037,20,21.963,9.701
P2712,-15.786,13.811,11.048,9.313,1.785,20,24.214,12.246
P2812,-15.966,16.291,14.968,11.748,2.084,20,23.709,9.07
P2813,-13.582,15.861,14.262,10.619,2.03,20,24.139,9.73
P2814,-11.832,16.252,15.392,11.343,2.117,20,23.748,8.855
P2815,-10.351,15.822,16.209,12.363,2.179,20,24.178,7.813
P2816,-7.698,16.214,17.036,12.184,2.242,20,23.786,6.891
P2817,-6.217,15.779,17.699,13.107,2.293,20,24.221,6.28
P2818,-3.564,16.175,16.16,12.177,2.175,20,23.825,6.902
P2819,-2.083,15.741,15.082,10.817,2.093,20,24.259,6.522
P2820,-0.309,16.238,14.193,10.284,2.025,20,23.762,7.633
P2821,2.21,15.769,13.711,10.677,1.988,20,24.231,6.358
P2901,-38.048,18.108,14.049,10.223,2.014,20,1.952,6.89
P2902,-35.663,17.677,15.136,11.768,2.097,20,4.337,7.828
P2903,-34.182,18.146,15.717,11.436,2.141,20,5.818,8.647
P2904,-31.797,17.716,17.097,13.163,2.247,20,8.203,7.841
P2905,-30.316,18.185,18.2,13.154,2.331,20,9.684,7.742
P2906,-27.931,17.755,17.023,12.091,2.241,20,12.069,7.463
P2907,-26.45,18.228,16.323,12.169,2.188,20,13.55,8.006
P2908,-23.896,18.383,14.018,10.181,2.012,20,16.104,9.387
P2909,-22.415,17.949,14.213,10.815,2.027,20,17.585,9.015
P2910,-19.561,18.178,15.052,11.495,2.091,20,20.439,9.53
P2911,-17.945,17.709,16.267,11.735,2.183,20,22.055,8.791
P2912,-16.33,18.139,17.577,12.881,2.284,20,21.861,8.678
P2913,-13.811,17.666,17.191,12.129,2.254,20,22.334,8.531
P2914,-11.829,18.259,16.886,12.274,2.231,20,21.741,9.244
P2915,-10.214,17.786,15.622,12.182,2.134,20,22.214,9.047
P2916,-7.695,18.217,13.9,10.244,2.003,20,21.783,10.023
P2917,-6.079,17.748,14.689,11.425,2.063,20,22.252,9.161
P2918,-3.928,18.019,15.312,11.167,2.111,20,21.981,8.521
P2919,-2.312,17.55,16.27,12.452,2.184,20,22.45,7.619
P2920,0.083,17.638,16.37,12.269,2.191,20,22.362,7.821
P2921,1.564,18.111,17.041,11.994,2.243,20,21.889,7.689
P2922,4.217,17.599,15.312,11.434,2.111,20,22.401,7.324
P2923,5.698,18.072,14.24,11.283,2.029,20,21.928,8.231
P2924,7.815,17.719,13.848,11.063,1.999,20,22.281,7.585
P2925,10.199,18.189,13.645,10.246,1.983,20,21.811,8.482
P2926,11.949,17.677,15.104,11.663,2.095,20,22.323,7.172
P2927,14.334,18.15,16.832,12.043,2.227,20,21.85,6.978
P2928,16.45,17.797,16.713,11.993,2.218,20,22.203,6.904
P2929,17.931,18.27,16.813,12.567,2.225,20,21.73,6.946
P2930,20.051,18.182,14.839,11.278,2.074,20,19.949,7.276
P2931,21.666,17.709,14.116,10.317,2.019,20,18.334,7.332
P2932,23.917,18.221,12.841,10.218,1.922,20,16.083,8.232
P2933,26.436,17.751,14.441,10.697,2.044,20,13.564,7.261
P2934,28.319,18.104,15.69,12.163,2.139,20,11.681,7.193
P2935,29.935,17.631,16.058,11.878,2.167,20,10.065,6.727
P2936,32.185,18.143,16.936,11.909,2.235,20,7.815,7.219
P2937,33.801,17.67,15.678,11.821,2.138,20,6.199,7.309
P2938,36.418,18.341,13.781,10.133,1.994,20,3.582,7.57
P2939,38.034,17.868,13.476,10.635,1.97,20,1.966,6.391
P2940,39.4,18.086,15.198,11.345,2.102,20,0.6,4.664
P3000,-39.4,19.638,12.722,9.481,1.913,20,0.6,6.083
P3001,-37.772,20.111,11.242,9.076,1.8,20,2.228,9.482
P3002,-36.023,19.599,12.644,9.253,1.907,20,3.977,9.362
P3003,-33.638,20.072,16.182,11.96,2.177,20,6.362,8.783
P3004,-31.889,19.561,18.676,13.53,2.367,20,8.111,7.715
P3005,-30.408,20.03,20.242,15.014,2.487,20,9.592,7.204
P3006,-27.755,20.425,18.76,13.403,2.374,20,12.245,7.826
P3007,-26.274,19.991,16.02,12.217,2.165,20,13.726,8.679
P3008,-23.621,20.383,11.758,9.598,1.839,20,16.379,12.355
P3009,-22.139,19.952,11.461,8.722,1.817,20,17.861,11.788
P3010,-19.85,19.55,13.315,9.806,1.958,20,20.15,10.872
P3011,-18.235,19.984,15.926,12.117,2.157,20,20.016,9.142
P3012,-15.984,19.589,18.914,13.456,2.386,20,20.411,8.389
P3013,-14.369,20.023,19.909,14.765,2.462,20,19.977,7.7
P3014,-12.118,19.628,17.544,12.786,2.281,20,20.372,8.898
P3015,-9.599,20.062,13.28,10.834,1.955,20,19.938,11.5
P3016,-8.252,19.67,11.83,9.422,1.845,20,20.33,12.282
P3017,-5.734,20.101,11.491,8.699,1.819,20,19.899,12.957
P3018,-4.386,19.709,13.499,10.636,1.972,20,20.291,11.112
P3019,-1.868,20.139,17.867,12.83,2.306,20,19.861,8.587
P3020,0.118,20.094,19.783,14.545,2.452,20,19.906,7.541
P3021,1.599,19.663,19.163,13.469,2.405,20,20.337,7.618
P3022,3.984,20.132,16.256,12.538,2.183,20,19.868,8.273
P3023,6.369,19.702,12.376,9.44,1.886,20,20.298,10.408
P3024,8.386,20.016,10.784,8.119,1.765,20,19.984,11.579
P3025,9.868,19.582,12.002,9.387,1.858,20,20.418,10.478
P3026,12.252,20.055,15.453,11.192,2.121,20,19.945,8.475
P3027,13.734,19.621,17.74,13.123,2.296,20,20.379,7.735
P3028,15.582,20.252,19.894,13.899,2.46,20,19.748,6.879
P3029,17.966,19.818,18.213,13.369,2.332,20,20.182,7.284
P3030,19.635,20.45,15.587,11.299,2.132,20,19.55,8.741
P3031,22.154,19.981,11.575,9.504,1.825,20,17.846,10.331
P3032,23.769,20.411,10.424,7.919,1.737,20,16.231,12.31
P3033,26.288,19.942,13.17,10.314,1.947,20,13.712,9.587
P3034,27.903,20.372,16.021,12.415,2.165,20,12.097,8.468
P3035,30.422,19.899,19.307,13.94,2.416,20,9.578,7.222
P3036,32.037,20.334,19.766,14.559,2.451,20,7.963,7.423
P3037,33.652,19.861,17.715,12.774,2.294,20,6.348,7.544
P3038,36.002,19.705,13.706,10.848,1.988,20,3.998,8.793
P3039,37.617,20.136,11.249,8.812,1.8,20,2.383,9.249
P3040,39.4,20.362,10.116,8.637,1.714,20,0.6,8.109
P3100,-39.4,22.062,11.602,8.885,1.827,20,0.6,7.404
P3101,-38.355,21.589,10.499,8.893,1.743,20,1.645,9.909
P3102,-35.836,22.019,11.709,8.773,1.835,20,4.164,10.558
P3103,-34.221,21.55,14.715,11.328,2.065,20,5.779,9.747
P3104,-31.702,21.981,19.527,14.156,2.432,20,8.298,7.96
P3105,-30.086,22.415,20.646,14.337,2.518,20,9.914,7.5
P3106,-27.568,21.942,18.407,13.283,2.347,20,12.432,8.526
P3107,-25.952,22.372,15.109,11.93,2.095,20,14.048,10.069
P3108,-23.603,22.217,10.98,8.989,1.78,20,16.397,13.475
P3109,-21.988,21.748,10.263,8.031,1.725,20,18.012,14.114
P3110,-19.938,22.422,13.089,10.451,1.941,20,17.578,11.183
P3111,-17.554,21.988,17.915,12.752,2.309,20,18.012,8.778
P3112,-16.072,21.557,20.348,15.131,2.495,20,18.443,7.953
P3113,-13.688,22.03,20.748,14.688,2.526,20,17.97,7.698
P3114,-11.67,22.341,17.644,12.918,2.289,20,17.659,9.387
P3115,-10.189,21.91,14.527,11.498,2.051,20,18.09,10.966
P3116,-7.804,22.383,11.03,8.996,1.784,20,17.617,14.249
P3117,-6.323,21.949,10.828,8.179,1.768,20,18.051,14.226
P3118,-3.571,21.674,15.013,10.929,2.088,20,18.326,10.686
P3119,-2.09,22.146,18.104,13.359,2.324,20,17.854,9.181
P3120,-0.358,22.062,20.553,14.35,2.511,20,17.938,8.052
P3121,2.161,21.592,20.084,14.751,2.475,20,18.408,7.847
P3122,4.411,22.104,15.92,11.657,2.157,20,17.896,9.461
P3123,6.026,21.631,12.649,10.32,1.907,20,18.369,10.959
P3124,8.277,22.143,10.582,9.015,1.749,20,17.857,13.262
P3125,9.892,21.67,11.584,9.123,1.826,20,18.33,11.706
P3126,12.143,22.182,15.758,11.198,2.145,20,17.818,9.42
P3127,13.758,21.709,19.018,13.911,2.394,20,18.291,7.939
P3128,16.009,22.221,21.029,15.361,2.547,20,17.779,7.712
P3129,17.624,21.751,19.974,14.193,2.466,20,18.249,7.793
P3130,20.238,22.15,15.262,11.112,2.107,20,17.85,10.152
P3131,21.719,21.719,12.437,9.873,1.891,20,18.281,11.544
P3132,24.372,22.111,9.779,7.533,1.688,20,15.628,15.233
P3133,25.854,21.681,11.504,9.116,1.82,20,14.146,12.458
P3134,27.603,22.072,16.391,12.659,2.193,20,12.397,9.234
P3135,29.988,21.642,20.638,14.6,2.517,20,10.012,7.193
P3136,31.737,22.034,21.305,15.527,2.568,20,8.263,7.293
P3137,34.122,21.603,18.276,12.957,2.337,20,5.878,7.482
P3138,35.871,21.995,13.28,10.598,1.955,20,4.129,9.093
P3139,38.256,21.561,9.769,7.73,1.687,20,1.744,9.951
P3140,39.4,21.61,10.475,9.071,1.741,20,0.6,7.881
P3200,-39.4,23.825,12.242,9.079,1.876,20,0.6,6.756
P3201,-37.695,24.295,11.825,9.334,1.844,20,2.305,9.528
P3202,-36.214,23.864,11.952,9.078,1.854,20,3.786,10.051
P3203,-33.829,24.337,15.227,11.622,2.104,20,6.171,9.541
P3204,-31.811,23.744,18.239,13.155,2.334,20,8.189,8.764
P3205,-30.33,24.217,18.721,13.967,2.371,20,9.67,8.454
P3206,-27.945,23.786,17.925,13.139,2.31,20,12.055,8.718
P3207,-25.561,24.256,14.36,11.442,2.038,20,14.439,11.104
P3208,-24.446,23.666,12.633,10.037,1.906,20,15.554,12.612
P3209,-22.062,24.139,11.714,8.776,1.836,20,15.861,12.992
P3210,-20.111,24.369,13.119,10.033,1.943,20,15.631,11.884
P3211,-17.592,23.896,16.6,12.882,2.209,20,16.104,9.991
P3212,-15.977,24.326,18.097,12.94,2.323,20,15.674,9.076
P3213,-14.362,23.857,19.138,14.277,2.403,20,16.143,8.722
P3214,-11.843,24.288,16.519,11.783,2.203,20,15.712,9.603
P3215,-10.228,23.818,14.156,11.01,2.022,20,16.182,11.45
P3216,-7.709,24.249,11.805,9.886,1.843,20,15.751,13.435
P3217,-6.094,23.776,11.374,9.106,1.81,20,16.224,13.877
P3218,-3.575,24.21,14.654,11.474,2.06,20,15.79,11.062
P3219,-1.959,23.737,17.204,12.542,2.255,20,16.263,9.881
P3220,0.436,23.829,20.042,14.282,2.472,20,16.171,8.216
P3221,1.917,24.298,19.026,14.166,2.394,20,15.702,8.449
P3222,3.666,23.786,17.415,12.475,2.271,20,16.214,8.981
P3223,6.051,24.259,13.986,10.862,2.009,20,15.741,10.719
P3224,7.801,23.748,12.016,9.664,1.859,20,16.252,11.954
P3225,10.185,24.221,13.461,9.868,1.969,20,15.779,11.109
P3226,11.935,23.709,15.664,11.747,2.137,20,16.291,9.622
P3227,14.319,24.182,18.803,14.206,2.377,20,15.818,8.446
P3228,15.899,23.984,19.806,14.626,2.454,20,16.016,8.249
P3229,18.284,23.554,18.504,13.126,2.354,20,16.446,8.751
P3230,19.952,24.185,15.46,12.002,2.122,20,15.815,10.711
P3231,21.568,23.712,12.947,9.931,1.93,20,16.288,12.249
P3232,23.818,24.224,12.126,10.113,1.867,20,15.776,13.362
P3233,26.337,23.755,13.805,10.642,1.996,20,13.663,11.51
P3234,27.684,24.263,15.985,11.48,2.162,20,12.316,10.307
P3235,30.203,23.794,19.338,14.251,2.418,20,9.797,8.15
P3236,31.55,24.305,19.077,13.576,2.398,20,8.45,8.343
P3237,34.069,23.832,17.388,13.221,2.269,20,5.931,8.386
P3238,35.585,24.026,14.907,10.944,2.08,20,4.415,8.894
P3239,38.104,23.557,11.57,9.567,1.825,20,1.896,8.789
P3240,39.4,23.645,11.819,9.589,1.844,20,0.6,6.974
P3300,-39.4,26.394,14.933,10.997,2.082,20,0.6,6.112
P3301,-38.39,25.921,14.144,11.2,2.021,20,1.61,7.562
P3302,-36.139,26.432,14.966,11.197,2.084,20,3.861,8.083
P3303,-33.621,25.959,15.052,10.737,2.091,20,6.379,9.399
P3304,-31.737,26.312,15.124,11.473,2.096,20,8.263,9.636
P3305,-30.122,25.843,15.997,11.501,2.163,20,9.878,9.222
P3306,-27.871,26.355,15.036,11.597,2.089,20,12.129,9.627
P3307,-26.256,25.882,14.988,11.055,2.086,20,13.744,10.032
P3308,-23.638,25.649,13.755,10.756,1.992,20,14.351,11.156
P3309,-22.023,26.079,14.313,10.589,2.034,20,13.921,10.551
P3310,-20.425,26.037,14.317,10.658,2.035,20,13.963,10.641
P3311,-18.041,25.603,15.071,11.638,2.092,20,14.397,10.413
P3312,-16.291,25.995,15.436,11.173,2.12,20,14.005,10.111
P3313,-13.906,25.564,16.253,12.192,2.182,20,14.436,9.95
P3314,-11.79,26.115,15.063,11.478,2.092,20,13.885,10.791
P3315,-10.309,25.681,14.56,10.474,2.053,20,14.319,11.364
P3316,-7.656,26.076,14.257,10.799,2.03,20,13.924,11.307
P3317,-6.175,25.642,13.562,10.881,1.977,20,14.358,11.727
P3318,-4.058,26.192,14.729,11.403,2.066,20,13.808,10.986
P3319,-1.674,25.762,15.547,11.218,2.129,20,14.238,10.503
P3320,-0.069,25.674,16.865,12.882,2.229,20,14.326,9.893
P3321,2.45,26.104,16.045,11.861,2.167,20,13.896,9.84
P3322,4.065,25.631,15.864,12.083,2.153,20,14.369,10.366
P3323,5.681,26.065,15.327,11.237,2.112,20,13.935,10.245
P3324,7.663,25.751,14.495,11.055,2.048,20,14.249,10.422
P3325,10.182,26.182,15.324,11.056,2.112,20,13.818,9.645
P3326,11.797,25.712,15.474,11.483,2.123,20,14.288,9.739
P3327,14.316,26.143,16.064,12.541,2.168,20,13.857,10.072
P3328,15.564,26.418,15.571,11.365,2.13,20,13.582,10.667
P3329,18.083,25.945,16.103,12.386,2.171,20,14.055,10.081
P3330,19.963,26.034,15.956,11.909,2.16,20,13.966,10.195
P3331,22.348,25.599,14.747,11.672,2.067,20,14.401,11.308
P3332,23.829,26.072,15.346,11.71,2.113,20,13.928,10.754
P3333,26.214,25.638,15.289,10.983,2.109,20,13.786,10.858
P3334,27.695,26.111,16.083,12.346,2.169,20,12.305,10.062
P3335,30.079,25.681,17.169,12.327,2.252,20,9.921,9.292
P3336,31.561,26.15,16.516,12.793,2.202,20,8.439,9.222
P3337,33.945,25.719,16.592,12.148,2.208,20,6.055,8.733
P3338,35.596,25.875,15.749,11.291,2.144,20,4.404,8.2
P3339,37.981,26.348,15.776,11.821,2.146,20,2.019,6.495
P3340,39.4,25.942,14.848,11.265,2.075,20,0.6,5.376
P3400,-39.4,28.157,17.272,12.207,2.26,20,0.6,4.941
P3401,-37.73,27.726,17.301,12.738,2.262,20,2.27,6.149
P3402,-35.981,28.118,17.303,13.252,2.263,20,4.019,6.686
P3403,-33.596,27.684,14.948,11.101,2.083,20,6.404,8.768
P3404,-32.383,28.235,13.529,10.734,1.974,20,7.617,9.498
P3405,-29.998,27.804,12.86,9.627,1.923,20,10.002,10.479
P3406,-28.249,28.196,12.998,10.226,1.934,20,11.751,10.397
P3407,-25.864,27.765,15.446,11.052,2.121,20,12.235,9.025
P3408,-23.578,27.998,17.467,13.044,2.275,20,12.002,8.23
P3409,-22.097,27.568,17.107,12.129,2.248,20,12.432,8.594
P3410,-20.146,27.797,16.448,12.257,2.197,20,12.203,8.54
P3411,-17.628,28.228,14,10.226,2.01,20,11.772,10.363
P3412,-16.281,27.836,13.146,10.388,1.945,20,12.164,11.215
P3413,-13.762,28.266,12.214,9.298,1.874,20,11.734,12.314
P3414,-11.878,27.719,14.081,10.431,2.017,20,12.281,11.194
P3415,-10.263,28.15,15.644,12.092,2.136,20,11.85,10.192
P3416,-8.012,27.758,17.002,12.421,2.24,20,12.242,9.355
P3417,-6.397,28.189,17.767,13.587,2.298,20,11.811,9.298
P3418,-3.61,27.638,15.311,11.062,2.11,20,12.362,10.275
P3419,-1.995,28.072,13.698,10.754,1.987,20,11.928,11.836
P3420,0.161,27.709,13.917,10.212,2.004,20,12.291,11.652
P3421,1.642,28.178,13.374,10.389,1.963,20,11.822,11.479
P3422,4.026,27.748,15.585,11.425,2.131,20,12.252,9.724
P3423,6.411,28.221,18.07,13.479,2.321,20,11.779,8.335
P3426,11.758,27.825,16.415,11.582,2.195,20,12.175,8.978
P3427,14.143,28.298,13.816,10.484,1.996,20,11.702,11.439
P3428,15.624,27.868,13.58,10.493,1.978,20,12.132,11.372
P3429,18.009,28.337,13.854,11.175,1.999,20,11.663,11.701
P3430,19.677,28.065,15.771,11.319,2.146,20,11.935,10.476
P3431,22.196,27.596,17.563,13.122,2.282,20,12.404,9.365
P3432,23.811,28.026,18.578,14.086,2.36,20,11.974,8.684
P3433,26.33,27.554,16.813,12.478,2.225,20,12.446,9.782
P3434,28.312,28.146,15.015,11.208,2.088,20,11.688,10.468
P3435,29.928,27.674,14.203,11.397,2.026,20,10.072,10.882
P3505,-29.677,30.185,9.947,8.249,1.701,20,9.815,11.865
P3506,-28.062,29.716,11.623,9.623,1.829,20,10.284,11.102
P3507,-26.446,30.146,14.325,10.785,2.035,20,9.854,8.731
P3508,-23.561,29.832,18.939,13.98,2.387,20,10.168,6.924
P3509,-21.945,30.266,19.761,13.976,2.45,20,9.734,6.429
P3510,-19.896,30.037,17.904,13.042,2.308,20,9.963,7.378
P3511,-18.415,29.603,15.084,11.806,2.093,20,10.397,9.143
P3512,-16.03,30.076,11.057,8.975,1.786,20,9.924,12.647
P3513,-13.645,29.642,11.016,8.258,1.783,20,10.358,14.128
P3514,-12.164,30.115,12.712,10.18,1.912,20,9.885,12.202
P3515,-9.779,29.684,17.211,12.278,2.256,20,10.316,9.756
P3516,-8.298,30.154,19.545,14.596,2.434,20,9.846,8.389
P3517,-5.914,29.723,19.462,13.852,2.427,20,10.277,8.623
P3518,-4.432,30.192,17.644,12.391,2.289,20,9.808,9.027
P3519,-2.048,29.762,13.08,10.074,1.94,20,10.238,12.141
P3520,0.249,30.309,10.358,8.086,1.732,20,9.691,14.708
P3521,1.864,29.839,11.159,9.274,1.793,20,10.161,13.568
P3522,4.115,30.348,14.542,10.858,2.052,20,9.652,10.461
P3523,5.73,29.878,17.659,13.483,2.29,20,10.122,8.971
P3524,7.614,30.231,20.108,14.488,2.477,20,9.769,7.596
P3525,10.132,29.758,18.775,13.149,2.375,20,10.242,7.725
P3526,12.383,30.27,14.817,11.387,2.073,20,9.73,10.221
P3527,13.998,29.797,12.055,9.161,1.862,20,10.203,13.06
P3528,15.882,30.15,10.309,8.544,1.729,20,9.85,14.483
P3529,18.401,29.681,12.74,9.539,1.914,20,10.319,12.936
P3530,20.281,29.765,16.348,11.841,2.19,20,10.235,10.072
P3531,21.762,30.238,19.04,14.024,2.395,20,9.762,8.775
P3532,24.415,29.726,19.916,13.875,2.462,20,10.274,8.353
P3533,25.896,30.199,18.487,13.502,2.353,20,9.801,9.036
P3534,28.012,29.846,14.46,11.029,2.046,20,10.154,10.796
P3535,30.397,30.316,10.777,9.258,1.764,20,9.603,13.901
P3536,32.146,29.808,11.053,8.737,1.785,20,7.854,13.058
P3537,33.628,30.277,12.572,10.192,1.901,20,6.372,11.209
P3538,35.914,29.61,16.951,12.705,2.236,20,4.086,6.878
P3539,38.298,30.079,20.256,14.062,2.488,20,1.702,5.442
P3540,39.4,29.854,20.548,14.206,2.51,20,0.6,4.473
P3600,-39.4,32.355,18.686,13.131,2.368,20,0.6,4.813
P3601,-37.765,31.924,20.107,14.525,2.477,20,2.235,5.219
P3602,-36.284,32.394,19.103,13.569,2.4,20,3.716,6.151
P3603,-33.899,31.963,15.132,11.619,2.097,20,6.101,7.798
P3612,-15.596,31.769,11.202,9.475,1.797,20,8.231,12.267
P3613,-13.981,32.203,11.226,8.977,1.799,20,7.797,12.36
P3614,-11.998,31.889,13.668,10.335,1.985,20,8.111,11.066
P3615,-10.383,32.319,16.945,13.059,2.235,20,7.681,8.99
P3616,-7.864,31.85,20.889,14.634,2.536,20,8.15,7.622
P3617,-6.249,32.281,20.771,15.252,2.527,20,7.719,7.701
P3618,-4.097,31.652,18.002,13.38,2.316,20,8.348,8.597
P3619,-1.578,32.083,13.003,9.768,1.934,20,7.917,11.18
P3620,-0.086,32.175,10.706,8.551,1.759,20,7.825,13.649
P3621,2.298,31.741,11.405,9.497,1.812,20,8.259,12.349
P3622,4.048,32.132,14.588,10.779,2.055,20,7.868,9.444
P3623,6.432,31.702,19.21,14.157,2.408,20,8.298,7.934
P3624,7.645,32.252,20.29,14.135,2.491,20,7.748,7.344
P3625,10.03,31.822,19.461,14.134,2.427,20,8.178,7.452
P3626,11.779,32.214,16.297,12.685,2.186,20,7.786,8.592
P3627,14.164,31.779,11.721,9.156,1.836,20,8.221,12.136
P3628,16.281,32.33,10.533,8.933,1.746,20,7.67,13.628
P3629,17.762,31.899,11.569,8.883,1.825,20,8.101,12.826
P3630,19.882,31.811,15.524,12.098,2.127,20,8.189,10.176
P3631,22.401,32.245,19.727,14.191,2.448,20,7.755,8.286
P3632,23.748,31.854,20.522,14.17,2.508,20,8.146,8.229
P3633,26.266,32.284,17.735,13.135,2.296,20,7.716,9.069
P3634,28.15,31.734,13.939,10.758,2.006,20,8.266,10.887
P3635,29.765,32.168,11.32,8.621,1.806,20,7.832,13.262
P3636,32.016,31.772,10.364,8.72,1.733,20,7.984,14.52
P3637,33.631,32.206,12.446,9.498,1.892,20,6.369,11.801
P3638,36.249,31.97,17.696,12.729,2.293,20,3.751,7.528
P3639,37.864,32.404,19.837,14.748,2.456,20,2.136,6.278
P3640,39.4,31.719,19.992,14.826,2.468,20,0.6,5.029
P3700,-39.4,34.009,18.081,13.005,2.322,20,0.6,5.423
P3701,-38.348,34.439,18.136,13.731,2.326,20,1.652,5.744
P3702,-36.097,34.048,18.177,13.244,2.329,20,3.903,6.51
P3703,-33.578,33.575,15.313,10.955,2.111,20,6.422,8.313
P3704,-32.231,34.086,13.872,10.038,2.001,20,5.914,8.484
P3705,-29.712,33.617,12.073,9.615,1.863,20,6.383,9.281
P3706,-28.365,34.125,13.348,9.892,1.961,20,5.875,8.498
P3707,-25.846,33.656,16.182,12.341,2.177,20,6.344,6.78
P3708,-23.596,34.164,18.181,13.557,2.33,20,5.836,6.364
P3709,-21.981,33.695,19.184,13.666,2.406,20,6.305,6.187
P3710,-19.818,34.281,17.221,12.515,2.256,20,5.719,6.726
P3711,-18.337,33.85,15.56,11.998,2.129,20,6.15,7.583
P3712,-15.684,34.242,13.216,9.852,1.951,20,5.758,9.79
P3713,-14.203,33.811,12.422,9.873,1.89,20,6.189,10.323
P3714,-11.55,34.203,14.916,10.728,2.08,20,5.797,9.436
P3715,-10.069,33.772,16.82,12.422,2.226,20,6.228,8.636
P3716,-8.319,34.164,18.299,13.851,2.339,20,5.836,7.925
P3717,-5.935,33.73,18.971,13.576,2.39,20,6.27,7.788
P3718,-4.185,34.125,16.933,12.825,2.234,20,5.875,8.128
P3719,-1.801,33.691,13.797,10.19,1.995,20,6.309,9.603
P3720,-0.026,34.189,12.108,9.537,1.866,20,5.811,10.442
P3721,1.589,33.719,11.611,8.717,1.828,20,6.281,11.104
P3722,4.108,34.15,14.456,10.815,2.045,20,5.85,8.19
P3723,5.723,33.681,16.674,12.882,2.215,20,6.319,7.738
P3724,8.242,34.111,17.892,13.481,2.308,20,5.889,6.989
P3725,9.857,33.638,17.838,12.935,2.303,20,6.362,7.047
P3726,12.376,34.072,14.608,11.266,2.057,20,5.928,8.38
P3727,13.991,33.599,12.36,9.36,1.885,20,6.401,10.496
P3728,16.341,34.348,12.325,9.183,1.883,20,5.652,10.528
P3729,17.956,33.878,12.669,10.088,1.909,20,6.122,10.462
P3730,20.005,33.649,15.58,11.733,2.131,20,6.351,9.239
P3731,22.39,34.118,17.911,13.691,2.309,20,5.882,8.391
P3732,23.871,33.688,18.863,13.947,2.382,20,6.312,8.276
P3733,26.256,34.157,16.694,11.91,2.216,20,5.843,8.753
P3734,28.274,33.568,14.065,10.435,2.015,20,6.432,10.157
P3735,29.755,34.041,12.746,10.131,1.915,20,5.959,11.01
P3736,32.139,33.606,11.759,9.185,1.839,20,6.394,12.024
P3737,33.621,34.079,13.446,10.744,1.968,20,5.921,10.573
P3738,36.372,33.804,17.033,12.144,2.242,20,3.628,7.689
P3739,37.854,34.277,17.853,13.165,2.305,20,2.146,6.782
P3740,39.4,33.741,19.565,14.359,2.435,20,0.6,5.155
P3800,-39.4,35.949,16.122,12.53,2.172,20,0.6,5.246
P3801,-37.857,36.422,15.299,11.328,2.11,20,2.143,6.035
P3802,-36.108,35.91,16.195,12.396,2.178,20,3.892,6.347
P3803,-33.723,36.383,16.147,11.675,2.174,20,3.617,6.364
P3804,-31.974,35.871,15.97,11.588,2.161,20,4.129,6.748
P3805,-29.589,36.344,16.727,12.57,2.219,20,3.656,5.815
P3806,-27.839,35.832,15.952,11.398,2.159,20,4.168,6.35
P3807,-26.358,36.302,16.132,12.023,2.173,20,3.698,6.219
P3808,-23.875,36.108,15.831,11.634,2.15,20,3.892,6.383
P3809,-22.394,35.677,16.521,12.575,2.203,20,4.323,6.609
P3810,-19.822,36.309,15.4,12.04,2.117,20,3.691,6.679
P3811,-18.206,35.836,15.698,11.712,2.14,20,4.164,6.887
P3812,-15.956,36.348,16.281,11.56,2.185,20,3.652,6.908
P3813,-14.341,35.875,15.561,11.806,2.13,20,4.125,7.268
P3814,-12.09,36.386,16.115,11.636,2.172,20,3.614,6.999
P3815,-9.571,35.914,15.797,12.131,2.148,20,4.086,8.04
P3816,-8.224,36.425,15.022,11.137,2.088,20,3.575,8.078
P3817,-5.705,35.956,15.745,12.277,2.144,20,4.044,7.783
P3818,-4.189,36.15,15.511,11.393,2.126,20,3.85,7.297
P3819,-1.67,35.677,15.372,11.999,2.115,20,4.323,7.189
P3820,0.146,35.949,15.304,11.053,2.11,20,4.051,6.536
P3821,1.628,36.418,16.048,12.027,2.167,20,3.582,5.596
P3822,4.012,35.988,15.314,11.238,2.111,20,4.012,5.83
P3823,6.397,35.554,15.791,12.047,2.147,20,4.446,6.61
P3824,8.415,35.868,15.445,11.498,2.121,20,4.132,6.646
P3825,9.896,36.341,14.748,11.579,2.067,20,3.659,6.116
P3826,12.281,35.906,15.265,11.565,2.107,20,4.094,6.415
P3827,13.762,36.379,15.708,11.149,2.141,20,3.621,5.829
P3828,15.779,35.79,15.097,11.64,2.094,20,4.21,7.062
P3829,18.164,36.259,15.709,11.328,2.141,20,3.741,7.123
P3830,20.115,35.585,15.304,12.065,2.11,20,4.415,8.347
P3831,21.73,36.019,15.159,11.462,2.099,20,3.981,8.064
P3832,24.249,36.45,14.416,11.335,2.042,20,3.55,8.855
P3833,25.864,35.981,15.227,11.326,2.104,20,4.019,8.457
P3834,28.383,36.411,15.475,11.813,2.123,20,3.589,8.297
P3835,29.998,35.938,15.169,11.11,2.1,20,4.062,8.615
P3836,31.614,36.372,15.921,11.911,2.157,20,3.628,8.202
P3837,34.132,35.899,15.175,10.936,2.1,20,4.101,8.382
P3838,35.748,36.334,15.134,11.244,2.097,20,3.666,8.418
P3839,38.266,35.861,15.466,12.142,2.122,20,1.734,7.096
P3840,39.4,36.401,14.076,10.376,2.016,20,0.6,6.688
P3900,-39.4,38.418,13.875,10.935,2.001,20,0.6,5.454
P3929,18.274,37.606,17.308,12.804,2.263,20,2.394,5.177
P3930,20.154,37.695,15.753,11.905,2.144,20,2.305,5.906
P3931,21.635,38.164,13.756,9.976,1.992,20,1.836,6.454
P3932,24.288,37.656,12.055,9.434,1.862,20,2.344,9.42
P3933,25.769,38.125,13.922,11.105,2.004,20,1.875,6.996
P3934,28.422,37.614,17.146,12.412,2.251,20,2.386,6.673
P3935,29.903,38.086,18.962,14.051,2.389,20,1.914,5.257
P3936,31.652,37.575,18.787,13.251,2.376,20,2.425,6.289
P3937,34.037,38.048,17.59,13.021,2.285,20,1.952,5.803
P3938,35.617,37.85,15.48,11.021,2.123,20,2.15,7.078
P3939,38.002,38.323,12.646,9.777,1.907,20,1.677,7.111
P3940,39.4,38.238,12.108,9.519,1.866,20,0.6,5.904
P4000,-39.4,39.4,13.829,10.718,1.997,20,0.6,4.809
P4001,-38.03,39.4,12.717,9.515,1.912,20,0.6,6.116
P4002,-36.415,39.4,13.271,10.192,1.955,20,0.6,5.861
P4003,-33.896,39.4,17.316,12.188,2.264,20,0.6,4.693
P4004,-31.914,39.4,20.847,15.426,2.533,20,0.6,3.792
P4005,-30.298,39.4,22.231,15.772,2.639,20,0.6,3.343
P4006,-27.779,39.4,20.444,14.998,2.502,20,0.6,3.522
P4007,-26.164,39.4,17.511,12.666,2.278,20,0.6,4.181
P4008,-24.182,39.4,13.901,10.047,2.003,20,0.6,5.205
P4009,-21.663,39.4,12.767,10.035,1.916,20,0.6,5.614
P4010,-20.065,39.4,13.56,10.593,1.977,20,0.6,5.394
P4011,-17.681,39.4,17.994,12.651,2.315,20,0.6,4.227
P4012,-16.199,39.4,20.286,14.942,2.49,20,0.6,3.687
P4013,-13.815,39.4,20.907,14.635,2.538,20,0.6,4.032
P4014,-12.334,39.4,19.23,13.751,2.41,20,0.6,3.997
P4015,-9.949,39.4,14.76,11.493,2.068,20,0.6,5.406
P4016,-7.564,39.4,11.789,9.316,1.842,20,0.6,6.334
P4017,-6.083,39.4,11.989,9.953,1.857,20,0.6,6.437
P4018,-3.698,39.4,15.336,10.979,2.112,20,0.6,4.374
P4019,-2.217,39.4,18.18,13.255,2.33,20,0.6,3.18
P4038,36.196,39.4,14.71,10.732,2.065,20,0.6,5.708
P4039,37.677,39.4,12.579,9.924,1.902,20,0.6,6.388
