treatment,year,cell,species,light,seed_arrival_relative,subthreshold_arrival,density_before,light_loss,browse_loss,infill_requested,infill_accepted,infill_contraction,infill_unsourced,threshold_loss,establishment_requested,establishment_accepted,establishment_rejected,establishment_contraction,merged_into_older,inherited_age,inherited_height,age_initialised_zero_accepted,density_before_promotion,exported_relative,exact_trees_created,density_after,height_before,height_after,establish_year_before,establish_year_after,origin,identity_residual
ct_control,16,12,sitka-spruce,0.265049875,8.932571,0,1.5,0,0,0.05,0,0,0,0,0.142952338,0,0.142952338,0,0,-1,0,0,1.5,0,0,1.5,2.88838744,3.07041073,1,1,Natural,0
ct_control,17,12,sitka-spruce,0.263816,8.994326,0,1.5,0,0,0.05,0,0,0,0,0.144662559,0,0.144662559,0,0,-1,0,0,1.5,0,0,1.5,3.07041073,3.25185823,1,1,Natural,0
ct_control,18,12,sitka-spruce,0.262245476,22.6621857,0,1.5,0,0,0.05,0,0,0,0,0.21974583,0,0.21974583,0,0,-1,0,0,1.5,0,0,1.5,3.25185823,3.43257284,1,1,Natural,0
ct_control,19,12,sitka-spruce,0.260297775,9.141367,0,1.5,0,0,0.05,0,0,0,0,0.147337765,0,0.147337765,0,0,-1,0,0,1.5,1.5,1,0,3.43257284,0,1,-1,Natural,0
ct_control,20,12,sitka-spruce,0.166859269,9.22164249,0,0,0,0,0,0,0,0,0,0.06785709,0.06785709,0,0,0,-1,0,0,0.06785709,0,0,0.06785709,0,0.15,-1,20,Natural,0
ct_control,21,12,sitka-spruce,0.156874716,23.2683563,0,0.06785709,0,8.14273953E-05,0.05,0.0500000045,0,0,0,0.09352418,0.09352417,7.450581E-09,0,1,1,0.222792372,0,0.211299837,0,0,0.211299837,0.15,0.222792372,20,20,Natural,0
ct_control,22,12,sitka-spruce,0.147042572,35.64236,0,0.211299837,0,0.000253558159,0.05,0.0500000119,0,0,0,0.09189982,0.09189981,7.450581E-09,0,1,2,0.288888067,0,0.3529461,0,0,0.3529461,0.222792372,0.288888067,20,20,Natural,0
ct_control,23,12,sitka-spruce,0.1373676,24.2414856,0,0.3529461,0,0.0004235208,0.05,0.0500000119,0,0,0,0.0779384449,0.07793844,7.450581E-09,0,1,3,0.348394156,0,0.480461031,0,0,0.480461031,0.288888067,0.348394156,20,20,Natural,0
ct_control,24,12,sitka-spruce,0.127860487,24.7147,0,0.480461031,0,0.0005765557,0.05,0.0499999821,0,0,0,0.0700192451,0.0700192451,0,0,1,4,0.401424944,0,0.5999037,0,0,0.5999037,0.348394156,0.401424944,20,20,Natural,0
ct_control,25,12,sitka-spruce,0.118927121,37.77962,0,0.5999037,0.119980752,0.0005759001,0,0,0,0,0,0.0663548037,0.06635481,-7.450581E-09,0,1,5,0.4483712,0,0.545701861,0,0,0.545701861,0.401424944,0.4483712,20,20,Natural,0
ct_clear_cell,16,12,sitka-spruce,0.265049875,8.932571,0,0,0,0,0,0,0,0,0,0.142952338,0.142952338,0,0,0,-1,0,0,0.142952338,0,0,0.142952338,0,0.15,-1,16,Natural,0
ct_clear_cell,17,12,sitka-spruce,0.263816,8.994326,0,0.142952338,0,0.000171542168,0.05,0.049999997,0,0,0,0.144662559,0.144662559,0,0,1,1,0.3265484,0,0.337443352,0,0,0.337443352,0.15,0.3265484,16,16,Natural,0
ct_clear_cell,18,12,sitka-spruce,0.262245476,22.6621857,0,0.337443352,0,0.000404924154,0.05,0.0500000119,0,0,0,0.21974583,0.219745845,-1.49011612E-08,0,1,2,0.502383649,0,0.6067843,0,0,0.6067843,0.3265484,0.502383649,16,16,Natural,0
ct_clear_cell,19,12,sitka-spruce,0.260297775,9.141367,0,0.6067843,0,0.0007223487,0.05,0.0500000119,0,0,0,0.147337765,0.147337735,2.98023224E-08,0,1,3,0.6773731,0,0.8033997,0,0,0.8033997,0.502383649,0.6773731,16,16,Natural,0
ct_clear_cell,20,12,sitka-spruce,0.257411718,9.223523,0,0.8033997,0,0.0003940463,0.05,0.0500000119,0,0,0,0.148055956,0.148055911,4.47034836E-08,0,1,4,0.853862345,0,1.00106156,0,0,1.00106156,0.6773731,0.853862345,16,16,Natural,0
ct_clear_cell,21,12,sitka-spruce,0.2531107,23.2772751,0,1.00106156,0,0,0.05,0.0499999523,0,0,0,0.22060661,0.220606565,4.47034836E-08,0,1,5,1.030314,0,1.27166808,0,0,1.27166808,0.853862345,1.030314,16,16,Natural,0
ct_clear_cell,22,12,sitka-spruce,0.248451054,35.626194,0,1.27166808,0,0,0.05,0.0499999523,0,0,0,0.233806551,0.178331971,0.05547458,0,1,6,1.20314538,0,1.5,0,0,1.5,1.030314,1.20314538,16,16,Natural,0
ct_clear_cell,23,12,sitka-spruce,0.243468225,24.2153149,0,1.5,0,0,0.05,0,0,0,0,0.211311221,0,0.211311221,0,0,-1,0,0,1.5,0,0,1.5,1.20314538,1.36900091,16,16,Natural,0
ct_clear_cell,24,12,sitka-spruce,0.238201141,24.67635,0,1.5,0,0,0.05,0,0,0,0,0.2035294,0,0.2035294,0,0,-1,0,0,1.5,0,0,1.5,1.36900091,1.52748251,16,16,Natural,0
ct_clear_cell,25,12,sitka-spruce,0.233506262,37.7073174,0,1.5,0,0,0.05,0,0,0,0,0.208878264,0,0.208878264,0,0,-1,0,0,1.5,0,0,1.5,1.52748251,1.67939126,16,16,Natural,0
ct_cover_only,16,12,sitka-spruce,0.265049875,8.932571,0,1.5,0,0,0.05,0,0,0,0,0.142952338,0,0.142952338,0,0,-1,0,0,1.5,0,0,1.5,2.88838744,3.07041073,1,1,Natural,0
ct_cover_only,17,12,sitka-spruce,0.263816,8.994326,0,1.5,0,0,0.05,0,0,0,0,0.144662559,0,0.144662559,0,0,-1,0,0,1.5,0,0,1.5,3.07041073,3.25185823,1,1,Natural,0
ct_cover_only,18,12,sitka-spruce,0.262245476,22.6621857,0,1.5,0,0,0.05,0,0,0,0,0.21974583,0,0.21974583,0,0,-1,0,0,1.5,0,0,1.5,3.25185823,3.43257284,1,1,Natural,0
ct_cover_only,19,12,sitka-spruce,0.260297775,9.141367,0,1.5,0,0,0.05,0,0,0,0,0.147337765,0,0.147337765,0,0,-1,0,0,1.5,1.5,1,0,3.43257284,0,1,-1,Natural,0
ct_cover_only,20,12,sitka-spruce,0.166859269,9.22164249,0,0,0,0,0,0,0,0,0,0.06785709,0.06785709,0,0,0,-1,0,0,0.06785709,0,0,0.06785709,0,0.15,-1,20,Natural,0
ct_cover_only,21,12,sitka-spruce,0.156874716,23.2683563,0,0.06785709,0,8.14273953E-05,0.05,0.0500000045,0,0,0,0.09352418,0.09352417,7.450581E-09,0,1,1,0.222792372,0,0.211299837,0,0,0.211299837,0.15,0.222792372,20,20,Natural,0
ct_cover_only,22,12,sitka-spruce,0.147042572,35.64236,0,0.211299837,0,0.000253558159,0.05,0.0500000119,0,0,0,0.09189982,0.09189981,7.450581E-09,0,1,2,0.288888067,0,0.3529461,0,0,0.3529461,0.222792372,0.288888067,20,20,Natural,0
ct_cover_only,23,12,sitka-spruce,0.1373676,24.2414856,0,0.3529461,0,0.0004235208,0.05,0.0500000119,0,0,0,0.0779384449,0.07793844,7.450581E-09,0,1,3,0.348394156,0,0.480461031,0,0,0.480461031,0.288888067,0.348394156,20,20,Natural,0
ct_cover_only,24,12,sitka-spruce,0.127860487,24.7147,0,0.480461031,0,0.0005765557,0.05,0.0499999821,0,0,0,0.0700192451,0.0700192451,0,0,1,4,0.401424944,0,0.5999037,0,0,0.5999037,0.348394156,0.401424944,20,20,Natural,0
ct_cover_only,25,12,sitka-spruce,0.118927121,37.77962,0,0.5999037,0.119980752,0.0005759001,0,0,0,0,0,0.0663548037,0.06635481,-7.450581E-09,0,1,5,0.4483712,0,0.545701861,0,0,0.545701861,0.401424944,0.4483712,20,20,Natural,0
