treatment,horizon,species,seed_arrival_relative_sum,establishment_requested,establishment_accepted,establishment_rejected,establishment_events,rejection_events,light_loss,browse_loss,infill_accepted,infill_unsourced,capacity_contraction,threshold_loss,exported_relative,exact_trees_created,merges_into_older,mean_inherited_age,age_initialised_zero_accepted,standing_relative_abundance,occupied_cells,recruited_trees_alive,living_trees,max_identity_residual
unthinned,10,sitka-spruce,11451.566275596619,21.949386813212186,12.990051579196006,8.95933523401618,211,65,0.688767293933779,0.018986860755831003,2.999260775744915,0,0,0.27125217719003558,0,0,116,3.91,0,15.010306023061275,28,0,336,1.862645149230957E-09
unthinned,25,sitka-spruce,40692.316733360291,67.198762993328273,28.146995292045176,39.0517677012831,734,260,4.4592018174007535,0.047937039285898209,5.1399799212813377,0,0,1.5029923040419817,12,8,300,8.15,0,15.27684405259788,37,8,344,1.862645149230957E-09
unthinned,50,sitka-spruce,92014.141324996948,109.17881866358221,47.030338450800627,62.148480212781578,1499,559,19.192299594637007,0.081283362116664648,7.2509648650884628,0,0,2.9213894284330308,24,16,665,19.32,0,8.0863309307023883,27,16,352,1.862645149230957E-09
unthinned,100,sitka-spruce,234632.89640522003,132.51820317935199,68.777414745651186,63.7407884337008,2502,937,46.648211591411382,0.10211674217134714,7.7009647116065025,0,0,3.3683255682699382,25.11589190363884,21,1567,36.89,0,1.2438336536288261,15,21,357,1.862645149230957E-09
remove_smallest_20,10,sitka-spruce,9998.00342130661,32.640593907330185,19.948351392988116,12.69224251434207,294,99,0.72134015802294016,0.026544599328190088,5.5748673975467682,0,0,0.3753248187713325,0,0,167,3.93,0,24.400009212549776,35,0,269,1.862645149230957E-09
remove_smallest_20,25,sitka-spruce,37286.214288234711,101.91161756683141,41.964829158969223,59.946788407862186,902,399,6.044914988335222,0.065208070911467075,8.55019511282444,0,0,1.2530271988362074,18,12,426,7.65,0,25.1518740109168,41,12,281,1.862645149230957E-09
remove_smallest_20,50,sitka-spruce,86778.16435956955,169.44476771587506,71.132529379799962,98.3122383360751,1796,820,27.26462143054232,0.11507859919220209,11.530061438679695,0,0,1.9583214819431305,41.236529469490051,29,984,17.99,0,12.088039834517986,34,29,298,1.862645149230957E-09
remove_smallest_20,100,sitka-spruce,225879.18706655502,212.07152892556041,98.982940401881933,113.08858852367848,3194,1411,57.91789866052568,0.15095177665352821,12.380061283707619,0,0,2.1985699287615716,49.259205773472786,38,2238,34.96,0,1.8363755461759865,23,38,307,3.7252902984619141E-09
remove_smallest_60,10,sitka-spruce,6083.614617228508,51.669764632359147,37.102537454105914,14.567227178253233,516,206,1.2072788868099451,0.040805319789797068,12.316616125404835,0,0,0.33797231456264853,0,0,355,4.04,0,47.833097062073648,54,0,134,1.862645149230957E-09
remove_smallest_60,25,sitka-spruce,25218.567153811455,167.55466777877882,80.217787274159491,87.33688050461933,1351,715,12.990409632679075,0.11361660016700625,21.252371460199356,0,0,0.49675023276358843,42,28,834,7.94,0,45.869382272474468,54,28,162,1.862645149230957E-09
remove_smallest_60,50,sitka-spruce,63397.404487490654,272.05016730586067,127.93738663895056,144.11278066691011,2703,1464,57.217640961520374,0.18194934073835611,26.755861271172762,0,0,0.52654301701113582,77.300732672214508,52,1806,18.09,0,19.466381933540106,53,52,186,1.4901161193847656E-08
remove_smallest_60,100,sitka-spruce,176189.29780757427,338.449294609949,180.68650720501319,157.76278740493581,5179,2551,119.94440126884729,0.2262349808588624,28.92132219299674,0,0,0.59843800356611609,85.247597649693489,60,4170,38.22,0,3.5911575118079782,46,60,194,1.4901161193847656E-08
