treatment,regeneration_model,horizon,species,seed_arrival,establishment_requested,establishment_accepted,capacity_rejected,legacy_infill,capacity_contraction,light_loss,browse_loss,threshold_extinction,promotion_exported,exact_trees_created,bands_created,band_merges,remaining_abundance,remaining_bands,occupied_cells,recruited_trees_alive,living_trees,sub_threshold_recruitment,threshold_crossings,accumulators_now,accumulator_abundance_now
unthinned,0,10,sitka-spruce,11451.567,21.9494,12.9901,8.9593,2.9993,0,0.6888,0.019,0.2713,0,0,0,0,15.0103,28,28,0,336,0,0,8,0.05411
unthinned,0,25,sitka-spruce,40692.318,67.1988,28.147,39.0518,5.14,0,4.4592,0.0479,1.503,12,8,0,0,15.2768,37,37,8,344,0,0,13,0.09498
unthinned,0,50,sitka-spruce,92014.145,109.1788,47.0303,62.1485,7.251,0,19.1923,0.0813,2.9214,24,16,0,0,8.0863,27,27,16,352,0,0,6,0.0401
unthinned,0,100,sitka-spruce,234632.905,132.5182,68.7774,63.7408,7.701,0,46.6482,0.1021,3.3683,25.1159,21,0,0,1.2438,15,15,21,357,0,0,1,0.00505
unthinned,1,10,sitka-spruce,11451.567,21.9494,14.956,6.9934,0,0,0.8083,0.0409,0,0,0,176,58,14.1067,97,28,0,336,0.29865,38,14,0.07566
unthinned,1,25,sitka-spruce,40651.547,62.0679,31.6876,30.3804,0,0,5.9879,0.1285,0,8.9447,20,524,209,16.6265,137,37,20,356,1.59446,246,21,0.08287
unthinned,1,50,sitka-spruce,92399.919,85.1285,47.5502,37.5783,0,0,31.2827,0.2147,0,12.5884,30,1091,520,3.4644,112,37,30,366,3.56968,621,22,0.08469
unthinned,1,100,sitka-spruce,236076.184,99.5445,61.9663,37.5783,0,0,48.279,0.2921,0,12.6175,32,1840,847,0.7777,70,37,32,368,6.29514,1212,30,0.05351
remove_smallest_20,0,10,sitka-spruce,9998.004,32.6406,19.9484,12.6922,5.5749,0,0.7213,0.0265,0.3753,0,0,0,0,24.4,35,35,0,269,0,0,6,0.04513
remove_smallest_20,0,25,sitka-spruce,37286.215,101.9116,41.9648,59.9468,8.5502,0,6.0449,0.0652,1.253,18,12,0,0,25.1519,41,41,12,281,0,0,9,0.0603
remove_smallest_20,0,50,sitka-spruce,86778.164,169.4448,71.1325,98.3122,11.5301,0,27.2646,0.1151,1.9583,41.2365,29,0,0,12.088,34,34,29,298,0,0,3,0.01883
remove_smallest_20,0,100,sitka-spruce,225879.187,212.0715,98.9829,113.0886,12.3801,0,57.9179,0.151,2.1986,49.2592,38,0,0,1.8364,23,23,38,307,0,0,1,0.00514
remove_smallest_20,1,10,sitka-spruce,9998.004,32.6406,23.4755,9.1651,0,0,0.8766,0.065,0,0,0,255,89,22.534,138,36,0,269,0.41125,51,17,0.06127
remove_smallest_20,1,25,sitka-spruce,37220.234,92.224,48.1538,44.0702,0,0,8.0623,0.1794,0,16.1623,33,671,290,23.7499,174,46,33,302,1.33539,230,33,0.16035
remove_smallest_20,1,50,sitka-spruce,87097.378,129.3744,68.016,61.3584,0,0,38.7956,0.2912,0,21.351,49,1341,705,7.5782,155,46,49,318,2.62049,550,30,0.09734
remove_smallest_20,1,100,sitka-spruce,226731.398,153.409,90.2694,63.1396,0,0,66.8306,0.4073,0,21.6931,51,2478,1233,1.3384,100,46,51,320,6.47796,1383,36,0.10373
remove_smallest_60,0,10,sitka-spruce,6083.615,51.6698,37.1025,14.5672,12.3166,0,1.2073,0.0408,0.338,0,0,0,0,47.8331,54,54,0,134,0,0,2,0.01521
remove_smallest_60,0,25,sitka-spruce,25218.568,167.5547,80.2178,87.3369,21.2524,0,12.9904,0.1136,0.4968,42,28,0,0,45.8694,54,54,28,162,0,0,2,0.01171
remove_smallest_60,0,50,sitka-spruce,63397.406,272.0502,127.9374,144.1128,26.7559,0,57.2176,0.1819,0.5265,77.3007,52,0,0,19.4664,53,53,52,186,0,0,0,0
remove_smallest_60,0,100,sitka-spruce,176189.299,338.4493,180.6865,157.7628,28.9213,0,119.9444,0.2262,0.5984,85.2476,60,0,0,3.5912,46,46,60,194,0,0,0,0
remove_smallest_60,1,10,sitka-spruce,6083.615,51.6698,45.0349,6.6349,0,0,1.4045,0.1188,0,0,0,484,201,43.5116,235,55,0,134,0.3891,58,24,0.1072
remove_smallest_60,1,25,sitka-spruce,25122.687,151.1943,87.8069,63.3874,0,0,14.1878,0.3236,0,29.1911,75,1095,615,44.1044,259,58,75,209,0.69657,157,43,0.12574
remove_smallest_60,1,50,sitka-spruce,65049.196,201.7281,124.397,77.3312,0,0,79.6925,0.5321,0,35.0875,94,2285,1520,9.0848,239,58,94,228,1.23285,440,32,0.16247
remove_smallest_60,1,100,sitka-spruce,182619.089,239.235,161.9038,77.3312,0,0,123.7584,0.7322,0,35.2967,96,4344,2501,2.1166,158,58,96,230,6.67943,1843,35,0.16692
