treatment,pipeline,year,state_hash
unthinned,traced,10,E3E660907CED4934
unthinned,traced,25,2E7E4D7E8A59C6D8
unthinned,traced,50,019D00ECB7509ED5
unthinned,traced,100,C5FCE8C50D63D6E1
unthinned,ordinary,10,E3E660907CED4934
unthinned,ordinary,25,2E7E4D7E8A59C6D8
unthinned,ordinary,50,019D00ECB7509ED5
unthinned,ordinary,100,C5FCE8C50D63D6E1
remove_smallest_20,traced,10,16B2F59B0449B540
remove_smallest_20,traced,25,FDD4539DD94C2945
remove_smallest_20,traced,50,39FF9E41F003EC54
remove_smallest_20,traced,100,F52360D3213C2D8F
remove_smallest_20,ordinary,10,16B2F59B0449B540
remove_smallest_20,ordinary,25,FDD4539DD94C2945
remove_smallest_20,ordinary,50,39FF9E41F003EC54
remove_smallest_20,ordinary,100,F52360D3213C2D8F
remove_smallest_60,traced,10,256E57E40EC6F049
remove_smallest_60,traced,25,7A07F573E26FD0CC
remove_smallest_60,traced,50,AC1A9854C6E606D5
remove_smallest_60,traced,100,21E19EB6F886A401
remove_smallest_60,ordinary,10,256E57E40EC6F049
remove_smallest_60,ordinary,25,7A07F573E26FD0CC
remove_smallest_60,ordinary,50,AC1A9854C6E606D5
remove_smallest_60,ordinary,100,21E19EB6F886A401
