species,authoritative_height_m,refresh,natural_world_height_m,planted_world_height_m
sitka-spruce,0.15,0,0.15,
sitka-spruce,0.15,1,0.15,
sitka-spruce,0.15,2,0.15,
sitka-spruce,0.4,0,0.4,
sitka-spruce,0.4,1,0.4,
sitka-spruce,0.4,2,0.4,
sitka-spruce,0.6,0,0.6,
sitka-spruce,0.6,1,0.6,
sitka-spruce,0.6,2,0.6,
sitka-spruce,1.2,0,1.2,
sitka-spruce,1.2,1,1.2,
sitka-spruce,1.2,2,1.2,
sitka-spruce,2,0,2,
sitka-spruce,2,1,2,
sitka-spruce,2,2,2,
sessile-oak,0.15,0,0.150000021,0.150000021
sessile-oak,0.15,1,0.150000021,0.150000021
sessile-oak,0.15,2,0.150000021,0.150000021
sessile-oak,0.4,0,0.400000036,0.400000036
sessile-oak,0.4,1,0.400000036,0.400000036
sessile-oak,0.4,2,0.400000036,0.400000036
sessile-oak,0.6,0,0.6000001,0.6000001
sessile-oak,0.6,1,0.6000001,0.6000001
sessile-oak,0.6,2,0.6000001,0.6000001
sessile-oak,1.2,0,1.20000017,1.20000017
sessile-oak,1.2,1,1.20000017,1.20000017
sessile-oak,1.2,2,1.20000017,1.20000017
sessile-oak,2,0,2,2
sessile-oak,2,1,2,2
sessile-oak,2,2,2,2
beech,0.15,0,0.15,0.15
beech,0.15,1,0.15,0.15
beech,0.15,2,0.15,0.15
beech,0.4,0,0.4,0.4
beech,0.4,1,0.4,0.4
beech,0.4,2,0.4,0.4
beech,0.6,0,0.6,0.6
beech,0.6,1,0.6,0.6
beech,0.6,2,0.6,0.6
beech,1.2,0,1.2,1.2
beech,1.2,1,1.2,1.2
beech,1.2,2,1.2,1.2
beech,2,0,2,2
beech,2,1,2,2
beech,2,2,2,2
