run,year,rd_before,living,deaths,planted_living,planted_deaths,recruit_living,recruit_deaths
RD_onset0.6_m0.08/unthinned,7,0.612,336,0,336,0,0,0
RD_onset0.6_m0.08/unthinned,8,0.640,336,0,336,0,0,0
RD_onset0.6_m0.08/unthinned,9,0.668,336,1,336,1,0,0
RD_onset0.6_m0.08/unthinned,10,0.694,335,1,335,1,0,0
RD_onset0.6_m0.08/unthinned,11,0.721,334,2,334,2,0,0
RD_onset0.6_m0.08/unthinned,12,0.748,332,3,332,3,0,0
RD_onset0.6_m0.08/unthinned,13,0.771,332,8,329,8,3,0
RD_onset0.6_m0.08/unthinned,14,0.780,326,8,321,8,5,0
RD_onset0.6_m0.08/unthinned,15,0.790,321,6,313,6,8,0
RD_onset0.6_m0.08/unthinned,16,0.808,317,7,307,7,10,0
RD_onset0.6_m0.08/unthinned,17,0.820,312,9,300,9,12,0
RD_onset0.6_m0.08/unthinned,18,0.832,305,5,291,4,14,1
RD_onset0.6_m0.08/unthinned,19,0.853,302,13,287,13,15,0
RD_onset0.6_m0.08/unthinned,20,0.851,290,12,274,11,16,1
RD_onset0.6_m0.08/unthinned,21,0.852,279,9,263,7,16,2
RD_onset0.6_m0.08/unthinned,22,0.863,270,8,256,7,14,1
RD_onset0.6_m0.08/unthinned,23,0.872,263,6,249,6,14,0
RD_onset0.6_m0.08/unthinned,24,0.887,257,11,243,11,14,0
RD_onset0.6_m0.08/unthinned,25,0.882,247,7,232,7,15,0
RD_onset0.6_m0.08/unthinned,26,0.888,242,8,225,6,17,2
RD_onset0.6_m0.08/unthinned,27,0.896,236,10,219,9,17,1
RD_onset0.6_m0.08/unthinned,28,0.888,226,5,210,4,16,1
RD_onset0.6_m0.08/unthinned,29,0.903,223,3,206,3,17,0
RD_onset0.6_m0.08/unthinned,30,0.926,222,10,203,8,19,2
RD_onset0.6_m0.08/unthinned,31,0.924,214,6,195,4,19,2
RD_onset0.6_m0.08/unthinned,32,0.938,211,13,191,12,20,1
RD_onset0.6_m0.08/unthinned,33,0.911,201,5,179,2,22,3
RD_onset0.6_m0.08/unthinned,34,0.934,198,13,177,9,21,4
RD_onset0.6_m0.08/unthinned,35,0.924,188,11,168,9,20,2
RD_onset0.6_m0.08/unthinned,36,0.904,180,12,159,10,21,2
RD_onset0.6_m0.08/unthinned,37,0.886,170,6,149,4,21,2
RD_onset0.6_m0.08/unthinned,38,0.890,165,10,145,7,20,3
RD_onset0.6_m0.08/unthinned,39,0.881,157,7,138,4,19,3
RD_onset0.6_m0.08/unthinned,40,0.887,152,10,134,6,18,4
RD_onset0.6_m0.08/unthinned,41,0.886,142,2,128,2,14,0
RD_onset0.6_m0.08/unthinned,42,0.900,142,8,126,6,16,2
RD_onset0.6_m0.08/unthinned,43,0.887,137,5,120,4,17,1
RD_onset0.6_m0.08/unthinned,44,0.887,136,3,116,3,20,0
RD_onset0.6_m0.08/unthinned,45,0.894,137,5,113,2,24,3
RD_onset0.6_m0.08/unthinned,46,0.903,135,7,111,5,24,2
RD_onset0.6_m0.08/unthinned,47,0.889,135,3,106,1,29,2
RD_onset0.6_m0.08/unthinned,48,0.907,134,5,105,4,29,1
RD_onset0.6_m0.08/unthinned,49,0.904,132,5,101,1,31,4
RD_onset0.6_m0.08/unthinned,50,0.924,130,9,100,4,30,5
RD_onset0.6_m0.08/unthinned,51,0.916,124,6,96,1,28,5
RD_onset0.6_m0.08/unthinned,52,0.932,122,6,95,3,27,3
RD_onset0.6_m0.08/unthinned,53,0.925,119,4,92,2,27,2
RD_onset0.6_m0.08/unthinned,54,0.934,121,6,90,2,31,4
RD_onset0.6_m0.08/unthinned,55,0.941,119,10,88,2,31,8
RD_onset0.6_m0.08/unthinned,56,0.945,111,6,86,3,25,3
RD_onset0.6_m0.08/unthinned,57,0.941,107,5,83,3,24,2
RD_onset0.6_m0.08/unthinned,58,0.932,104,4,80,1,24,3
RD_onset0.6_m0.08/unthinned,59,0.940,104,9,79,1,25,8
RD_onset0.6_m0.08/unthinned,60,0.954,100,6,78,4,22,2
RD_onset0.6_m0.08/unthinned,61,0.934,95,11,74,7,21,4
RD_onset0.6_m0.08/unthinned,62,0.874,88,2,67,0,21,2
RD_onset0.6_m0.08/unthinned,63,0.896,90,5,67,2,23,3
RD_onset0.6_m0.08/unthinned,64,0.892,86,6,65,1,21,5
RD_onset0.6_m0.08/unthinned,65,0.901,82,3,64,1,18,2
RD_onset0.6_m0.08/unthinned,66,0.913,82,2,63,2,19,0
RD_onset0.6_m0.08/unthinned,67,0.904,87,3,61,1,26,2
RD_onset0.6_m0.08/unthinned,68,0.911,89,2,60,0,29,2
RD_onset0.6_m0.08/unthinned,69,0.931,95,8,60,3,35,5
RD_onset0.6_m0.08/unthinned,70,0.905,92,6,57,0,35,6
RD_onset0.6_m0.08/unthinned,71,0.925,89,9,57,1,32,8
RD_onset0.6_m0.08/unthinned,72,0.931,84,3,56,1,28,2
RD_onset0.6_m0.08/unthinned,73,0.931,87,9,55,3,32,6
RD_onset0.6_m0.08/unthinned,74,0.900,87,1,52,0,35,1
RD_onset0.6_m0.08/unthinned,75,0.919,88,2,52,0,36,2
RD_onset0.6_m0.08/unthinned,76,0.939,86,5,52,0,34,5
RD_onset0.6_m0.08/unthinned,77,0.958,85,6,52,0,33,6
RD_onset0.6_m0.08/unthinned,78,0.977,85,5,52,0,33,5
RD_onset0.6_m0.08/unthinned,79,0.996,81,9,52,1,29,8
RD_onset0.6_m0.08/unthinned,80,0.996,77,6,51,1,26,5
RD_onset0.6_m0.08/unthinned,81,0.995,73,4,50,0,23,4
RD_onset0.6_m0.08/unthinned,82,1.013,77,9,50,2,27,7
RD_onset0.6_m0.08/unthinned,83,0.990,73,5,48,0,25,5
RD_onset0.6_m0.08/unthinned,84,1.008,70,20,48,1,22,19
RD_onset0.6_m0.08/unthinned,85,1.007,54,3,47,1,7,2
RD_onset0.6_m0.08/unthinned,86,0.999,59,2,46,0,13,2
RD_onset0.6_m0.08/unthinned,87,1.017,59,4,46,2,13,2
RD_onset0.6_m0.08/unthinned,88,0.993,61,3,44,0,17,3
RD_onset0.6_m0.08/unthinned,89,1.010,63,14,44,1,19,13
RD_onset0.6_m0.08/unthinned,90,1.007,55,2,43,0,12,2
RD_onset0.6_m0.08/unthinned,91,1.006,56,7,43,1,13,6
RD_onset0.6_m0.08/unthinned,92,1.000,55,8,42,1,13,7
RD_onset0.6_m0.08/unthinned,93,0.992,50,3,41,1,9,2
RD_onset0.6_m0.08/unthinned,94,0.981,54,3,40,0,14,3
RD_onset0.6_m0.08/unthinned,95,0.994,58,2,40,0,18,2
RD_onset0.6_m0.08/unthinned,96,1.009,61,17,40,1,21,16
RD_onset0.6_m0.08/unthinned,97,1.007,51,6,39,1,12,5
RD_onset0.6_m0.08/unthinned,98,0.996,51,6,38,0,13,6
RD_onset0.6_m0.08/unthinned,99,1.010,52,8,38,1,14,7
RD_onset0.6_m0.08/unthinned,100,1.002,50,8,37,1,13,7
RD_onset0.6_m0.08/light_below,10,0.626,269,0,269,0,0,0
RD_onset0.6_m0.08/light_below,11,0.654,269,0,269,0,0,0
RD_onset0.6_m0.08/light_below,12,0.683,269,1,269,1,0,0
RD_onset0.6_m0.08/light_below,13,0.708,270,6,268,6,2,0
RD_onset0.6_m0.08/light_below,14,0.719,267,2,262,2,5,0
RD_onset0.6_m0.08/light_below,15,0.742,268,3,260,3,8,0
RD_onset0.6_m0.08/light_below,16,0.763,267,4,257,4,10,0
RD_onset0.6_m0.08/light_below,17,0.782,266,5,253,5,13,0
RD_onset0.6_m0.08/light_below,18,0.800,266,2,248,2,18,0
RD_onset0.6_m0.08/light_below,19,0.826,270,6,246,6,24,0
RD_onset0.6_m0.08/light_below,20,0.838,266,12,240,9,26,3
RD_onset0.6_m0.08/light_below,21,0.765,208,2,203,2,5,0
RD_onset0.6_m0.08/light_below,22,0.787,209,5,201,4,8,1
RD_onset0.6_m0.08/light_below,23,0.801,204,3,197,2,7,1
RD_onset0.6_m0.08/light_below,24,0.825,203,3,195,3,8,0
RD_onset0.6_m0.08/light_below,25,0.844,200,5,192,3,8,2
RD_onset0.6_m0.08/light_below,26,0.861,196,8,189,7,7,1
RD_onset0.6_m0.08/light_below,27,0.862,188,11,182,9,6,2
RD_onset0.6_m0.08/light_below,28,0.847,181,7,173,7,8,0
RD_onset0.6_m0.08/light_below,29,0.843,178,2,166,1,12,1
RD_onset0.6_m0.08/light_below,30,0.869,179,10,165,6,14,4
RD_onset0.6_m0.08/light_below,31,0.871,174,4,159,3,15,1
RD_onset0.6_m0.08/light_below,32,0.884,175,9,156,8,19,1
RD_onset0.6_m0.08/light_below,33,0.871,172,8,148,2,24,6
RD_onset0.6_m0.08/light_below,34,0.891,167,8,146,4,21,4
RD_onset0.6_m0.08/light_below,35,0.898,162,9,142,7,20,2
RD_onset0.6_m0.08/light_below,36,0.884,155,5,135,4,20,1
RD_onset0.6_m0.08/light_below,37,0.889,154,8,131,6,23,2
RD_onset0.6_m0.08/light_below,38,0.880,150,6,125,4,25,2
RD_onset0.6_m0.08/light_below,39,0.881,147,6,121,3,26,3
RD_onset0.6_m0.08/light_below,40,0.887,145,5,118,1,27,4
RD_onset0.6_m0.08/light_below,41,0.909,142,6,117,3,25,3
RD_onset0.6_m0.08/light_below,42,0.913,138,9,114,7,24,2
RD_onset0.6_m0.08/light_below,43,0.882,133,7,107,4,26,3
RD_onset0.6_m0.08/light_below,44,0.877,131,3,103,1,28,2
RD_onset0.6_m0.08/light_below,45,0.897,131,5,102,4,29,1
RD_onset0.6_m0.08/light_below,46,0.887,131,6,98,3,33,3
RD_onset0.6_m0.08/light_below,47,0.887,129,5,95,1,34,4
RD_onset0.6_m0.08/light_below,48,0.903,127,4,94,3,33,1
RD_onset0.6_m0.08/light_below,49,0.901,127,6,91,1,36,5
RD_onset0.6_m0.08/light_below,50,0.919,123,4,90,3,33,1
RD_onset0.6_m0.08/light_below,51,0.918,122,8,87,2,35,6
RD_onset0.6_m0.08/light_below,52,0.920,114,6,85,2,29,4
RD_onset0.6_m0.08/light_below,53,0.921,110,4,83,0,27,4
RD_onset0.6_m0.08/light_below,54,0.946,109,3,83,2,26,1
RD_onset0.6_m0.08/light_below,55,0.950,108,7,81,2,27,5
RD_onset0.6_m0.08/light_below,56,0.953,102,7,79,3,23,4
RD_onset0.6_m0.08/light_below,57,0.946,100,7,76,4,24,3
RD_onset0.6_m0.08/light_below,58,0.921,97,5,72,2,25,3
RD_onset0.6_m0.08/light_below,59,0.913,97,5,70,1,27,4
RD_onset0.6_m0.08/light_below,60,0.924,97,10,69,1,28,9
RD_onset0.6_m0.08/light_below,61,0.931,94,9,68,7,26,2
RD_onset0.6_m0.08/light_below,62,0.865,90,5,61,0,29,5
RD_onset0.6_m0.08/light_below,63,0.884,90,5,61,2,29,3
RD_onset0.6_m0.08/light_below,64,0.878,93,4,59,0,34,4
RD_onset0.6_m0.08/light_below,65,0.898,91,5,59,0,32,5
RD_onset0.6_m0.08/light_below,66,0.919,91,4,59,1,32,3
RD_onset0.6_m0.08/light_below,67,0.925,90,5,58,0,32,5
RD_onset0.6_m0.08/light_below,68,0.946,86,6,58,0,28,6
RD_onset0.6_m0.08/light_below,69,0.967,83,7,58,2,25,5
RD_onset0.6_m0.08/light_below,70,0.954,78,4,56,0,22,4
RD_onset0.6_m0.08/light_below,71,0.974,78,6,56,1,22,5
RD_onset0.6_m0.08/light_below,72,0.981,74,3,55,1,19,2
RD_onset0.6_m0.08/light_below,73,0.981,77,4,54,1,23,3
RD_onset0.6_m0.08/light_below,74,0.973,77,8,53,1,24,7
RD_onset0.6_m0.08/light_below,75,0.976,73,5,52,1,21,4
RD_onset0.6_m0.08/light_below,76,0.977,68,4,51,0,17,4
RD_onset0.6_m0.08/light_below,77,0.995,71,6,51,2,20,4
RD_onset0.6_m0.08/light_below,78,0.975,70,5,49,0,21,5
RD_onset0.6_m0.08/light_below,79,0.993,73,7,49,2,24,5
RD_onset0.6_m0.08/light_below,80,0.973,69,4,47,1,22,3
RD_onset0.6_m0.08/light_below,81,0.971,73,3,46,0,27,3
RD_onset0.6_m0.08/light_below,82,0.989,75,7,46,0,29,7
RD_onset0.6_m0.08/light_below,83,1.007,74,20,46,1,28,19
RD_onset0.6_m0.08/light_below,84,1.010,56,4,45,1,11,3
RD_onset0.6_m0.08/light_below,85,1.006,57,4,44,1,13,3
RD_onset0.6_m0.08/light_below,86,1.003,55,3,43,1,12,2
RD_onset0.6_m0.08/light_below,87,0.994,56,5,42,1,14,4
RD_onset0.6_m0.08/light_below,88,0.990,52,4,41,1,11,3
RD_onset0.6_m0.08/light_below,89,0.983,54,1,40,0,14,1
RD_onset0.6_m0.08/light_below,90,0.999,56,7,40,1,16,6
RD_onset0.6_m0.08/light_below,91,0.989,55,2,39,1,16,1
RD_onset0.6_m0.08/light_below,92,0.980,57,4,38,0,19,4
RD_onset0.6_m0.08/light_below,93,0.984,58,2,38,0,20,2
RD_onset0.6_m0.08/light_below,94,0.997,64,7,38,1,26,6
RD_onset0.6_m0.08/light_below,95,0.989,61,2,37,0,24,2
RD_onset0.6_m0.08/light_below,96,1.003,65,7,37,1,28,6
RD_onset0.6_m0.08/light_below,97,0.987,68,3,36,0,32,3
RD_onset0.6_m0.08/light_below,98,1.002,69,27,36,1,33,26
RD_onset0.6_m0.08/light_below,99,0.996,46,0,35,0,11,0
RD_onset0.6_m0.08/light_below,100,1.010,50,9,35,1,15,8
RD_onset0.6_m0.08/moderate_below,11,0.602,235,0,235,0,0,0
RD_onset0.6_m0.08/moderate_below,12,0.629,235,0,235,0,0,0
RD_onset0.6_m0.08/moderate_below,13,0.657,237,2,235,2,2,0
RD_onset0.6_m0.08/moderate_below,14,0.678,238,1,233,1,5,0
RD_onset0.6_m0.08/moderate_below,15,0.703,240,2,232,2,8,0
RD_onset0.6_m0.08/moderate_below,16,0.726,241,1,230,1,11,0
RD_onset0.6_m0.08/moderate_below,17,0.752,242,1,229,1,13,0
RD_onset0.6_m0.08/moderate_below,18,0.779,247,1,228,1,19,0
RD_onset0.6_m0.08/moderate_below,19,0.807,250,5,227,4,23,1
RD_onset0.6_m0.08/moderate_below,20,0.823,251,6,223,4,28,2
RD_onset0.6_m0.08/moderate_below,21,0.693,174,0,171,0,3,0
RD_onset0.6_m0.08/moderate_below,22,0.721,179,2,171,2,8,0
RD_onset0.6_m0.08/moderate_below,23,0.741,177,1,169,0,8,1
RD_onset0.6_m0.08/moderate_below,24,0.770,177,3,169,3,8,0
RD_onset0.6_m0.08/moderate_below,25,0.786,174,5,166,3,8,2
RD_onset0.6_m0.08/moderate_below,26,0.802,170,3,163,2,7,1
RD_onset0.6_m0.08/moderate_below,27,0.820,168,6,161,5,7,1
RD_onset0.6_m0.08/moderate_below,28,0.822,165,4,156,4,9,0
RD_onset0.6_m0.08/moderate_below,29,0.831,164,2,152,1,12,1
RD_onset0.6_m0.08/moderate_below,30,0.854,163,3,151,2,12,1
RD_onset0.6_m0.08/moderate_below,31,0.873,166,5,149,4,17,1
RD_onset0.6_m0.08/moderate_below,32,0.878,168,9,145,7,23,2
RD_onset0.6_m0.08/moderate_below,33,0.867,166,5,138,1,28,4
RD_onset0.6_m0.08/moderate_below,34,0.890,167,8,137,3,30,5
RD_onset0.6_m0.08/moderate_below,35,0.899,164,6,134,3,30,3
RD_onset0.6_m0.08/moderate_below,36,0.790,116,3,111,3,5,0
RD_onset0.6_m0.08/moderate_below,37,0.795,116,2,108,2,8,0
RD_onset0.6_m0.08/moderate_below,38,0.808,117,2,106,1,11,1
RD_onset0.6_m0.08/moderate_below,39,0.827,117,1,105,1,12,0
RD_onset0.6_m0.08/moderate_below,40,0.846,118,4,104,1,14,3
RD_onset0.6_m0.08/moderate_below,41,0.863,116,6,103,4,13,2
RD_onset0.6_m0.08/moderate_below,42,0.858,118,7,99,6,19,1
RD_onset0.6_m0.08/moderate_below,43,0.832,112,3,93,2,19,1
RD_onset0.6_m0.08/moderate_below,44,0.842,113,1,91,0,22,1
RD_onset0.6_m0.08/moderate_below,45,0.866,119,7,91,4,28,3
RD_onset0.6_m0.08/moderate_below,46,0.853,114,2,87,1,27,1
RD_onset0.6_m0.08/moderate_below,47,0.869,121,4,86,1,35,3
RD_onset0.6_m0.08/moderate_below,48,0.884,125,4,85,2,40,2
RD_onset0.6_m0.08/moderate_below,49,0.889,125,2,83,0,42,2
RD_onset0.6_m0.08/moderate_below,50,0.913,126,5,83,1,43,4
RD_onset0.6_m0.08/moderate_below,51,0.926,92,5,82,4,10,1
RD_onset0.6_m0.08/moderate_below,52,0.907,93,7,78,3,15,4
RD_onset0.6_m0.08/moderate_below,53,0.895,93,1,75,0,18,1
RD_onset0.6_m0.08/moderate_below,54,0.918,94,3,75,0,19,3
RD_onset0.6_m0.08/moderate_below,55,0.941,96,6,75,4,21,2
RD_onset0.6_m0.08/moderate_below,56,0.913,93,2,71,1,22,1
RD_onset0.6_m0.08/moderate_below,57,0.922,94,6,70,3,24,3
RD_onset0.6_m0.08/moderate_below,58,0.904,94,7,67,3,27,4
RD_onset0.6_m0.08/moderate_below,59,0.884,88,2,64,0,24,2
RD_onset0.6_m0.08/moderate_below,60,0.906,90,3,64,1,26,2
RD_onset0.6_m0.08/moderate_below,61,0.912,92,9,63,3,29,6
RD_onset0.6_m0.08/moderate_below,62,0.893,88,2,60,0,28,2
RD_onset0.6_m0.08/moderate_below,63,0.913,90,5,60,2,30,3
RD_onset0.6_m0.08/moderate_below,64,0.905,90,7,58,3,32,4
RD_onset0.6_m0.08/moderate_below,65,0.877,89,3,55,0,34,3
RD_onset0.6_m0.08/moderate_below,66,0.897,90,5,55,0,35,5
RD_onset0.6_m0.08/moderate_below,67,0.915,89,2,55,0,34,2
RD_onset0.6_m0.08/moderate_below,68,0.934,96,5,55,0,41,5
RD_onset0.6_m0.08/moderate_below,69,0.955,96,7,55,2,41,5
RD_onset0.6_m0.08/moderate_below,70,0.937,97,5,53,1,44,4
RD_onset0.6_m0.08/moderate_below,71,0.938,97,3,52,0,45,3
RD_onset0.6_m0.08/moderate_below,72,0.957,98,7,52,1,46,6
RD_onset0.6_m0.08/moderate_below,73,0.956,96,4,51,0,45,4
RD_onset0.6_m0.08/moderate_below,74,0.976,95,7,51,0,44,7
RD_onset0.6_m0.08/moderate_below,75,0.994,94,5,51,2,43,3
RD_onset0.6_m0.08/moderate_below,76,0.976,93,7,49,0,44,7
RD_onset0.6_m0.08/moderate_below,77,0.994,92,5,49,0,43,5
RD_onset0.6_m0.08/moderate_below,78,1.012,90,37,49,1,41,36
RD_onset0.6_m0.08/moderate_below,79,1.009,57,4,48,1,9,3
RD_onset0.6_m0.08/moderate_below,80,1.006,58,3,47,1,11,2
RD_onset0.6_m0.08/moderate_below,81,1.005,56,8,46,1,10,7
RD_onset0.6_m0.08/moderate_below,82,1.002,56,3,45,3,11,0
RD_onset0.6_m0.08/moderate_below,83,0.949,61,2,42,0,19,2
RD_onset0.6_m0.08/moderate_below,84,0.964,66,4,42,0,24,4
RD_onset0.6_m0.08/moderate_below,85,0.981,64,1,42,0,22,1
RD_onset0.6_m0.08/moderate_below,86,0.996,69,6,42,0,27,6
RD_onset0.6_m0.08/moderate_below,87,1.013,67,20,42,1,25,19
RD_onset0.6_m0.08/moderate_below,88,1.007,53,5,41,1,12,4
RD_onset0.6_m0.08/moderate_below,89,0.999,57,3,40,0,17,3
RD_onset0.6_m0.08/moderate_below,90,1.014,58,8,40,1,18,7
RD_onset0.6_m0.08/moderate_below,91,1.003,56,6,39,1,17,5
RD_onset0.6_m0.08/moderate_below,92,0.993,57,3,38,0,19,3
RD_onset0.6_m0.08/moderate_below,93,1.007,61,7,38,1,23,6
RD_onset0.6_m0.08/moderate_below,94,0.997,60,1,37,0,23,1
RD_onset0.6_m0.08/moderate_below,95,1.010,67,5,37,1,30,4
RD_onset0.6_m0.08/moderate_below,96,0.999,65,25,36,1,29,24
RD_onset0.6_m0.08/moderate_below,97,0.992,46,1,35,0,11,1
RD_onset0.6_m0.08/moderate_below,98,1.003,54,9,35,1,19,8
RD_onset0.6_m0.08/moderate_below,99,0.992,48,5,34,0,14,5
RD_onset0.6_m0.08/moderate_below,100,1.006,48,8,34,1,14,7
RD_onset0.6_m0.08/heavy_selective,13,0.609,221,0,218,0,3,0
RD_onset0.6_m0.08/heavy_selective,14,0.636,222,0,218,0,4,0
RD_onset0.6_m0.08/heavy_selective,15,0.665,226,1,218,1,8,0
RD_onset0.6_m0.08/heavy_selective,16,0.690,228,2,217,2,11,0
RD_onset0.6_m0.08/heavy_selective,17,0.714,228,0,215,0,13,0
RD_onset0.6_m0.08/heavy_selective,18,0.744,237,2,215,1,22,1
RD_onset0.6_m0.08/heavy_selective,19,0.771,240,6,214,5,26,1
RD_onset0.6_m0.08/heavy_selective,20,0.784,242,6,209,4,33,2
RD_onset0.6_m0.08/heavy_selective,21,0.630,159,0,153,0,6,0
RD_onset0.6_m0.08/heavy_selective,22,0.657,168,1,153,1,15,0
RD_onset0.6_m0.08/heavy_selective,23,0.680,169,1,152,1,17,0
RD_onset0.6_m0.08/heavy_selective,24,0.704,168,0,151,0,17,0
RD_onset0.6_m0.08/heavy_selective,25,0.731,170,3,151,2,19,1
RD_onset0.6_m0.08/heavy_selective,26,0.750,171,1,149,1,22,0
RD_onset0.6_m0.08/heavy_selective,27,0.775,171,2,148,2,23,0
RD_onset0.6_m0.08/heavy_selective,28,0.792,172,1,146,1,26,0
RD_onset0.6_m0.08/heavy_selective,29,0.816,174,2,145,1,29,1
RD_onset0.6_m0.08/heavy_selective,30,0.837,173,6,144,4,29,2
RD_onset0.6_m0.08/heavy_selective,31,0.846,171,6,140,2,31,4
RD_onset0.6_m0.08/heavy_selective,32,0.863,170,5,138,3,32,2
RD_onset0.6_m0.08/heavy_selective,33,0.873,176,5,135,2,41,3
RD_onset0.6_m0.08/heavy_selective,34,0.891,178,7,133,2,45,5
RD_onset0.6_m0.08/heavy_selective,35,0.905,177,8,131,4,46,4
RD_onset0.6_m0.08/heavy_selective,36,0.793,119,4,110,4,9,0
RD_onset0.6_m0.08/heavy_selective,37,0.792,123,1,106,1,17,0
RD_onset0.6_m0.08/heavy_selective,38,0.812,125,6,105,1,20,5
RD_onset0.6_m0.08/heavy_selective,39,0.831,122,5,104,2,18,3
RD_onset0.6_m0.08/heavy_selective,40,0.844,120,5,102,2,18,3
RD_onset0.6_m0.08/heavy_selective,41,0.854,119,5,100,1,19,4
RD_onset0.6_m0.08/heavy_selective,42,0.872,115,12,99,7,16,5
RD_onset0.6_m0.08/heavy_selective,43,0.832,106,2,92,2,14,0
RD_onset0.6_m0.08/heavy_selective,44,0.840,106,4,90,2,16,2
RD_onset0.6_m0.08/heavy_selective,45,0.847,105,5,88,3,17,2
RD_onset0.6_m0.08/heavy_selective,46,0.842,108,6,85,2,23,4
RD_onset0.6_m0.08/heavy_selective,47,0.846,106,3,83,1,23,2
RD_onset0.6_m0.08/heavy_selective,48,0.861,107,4,82,2,25,2
RD_onset0.6_m0.08/heavy_selective,49,0.863,109,5,80,0,29,5
RD_onset0.6_m0.08/heavy_selective,50,0.887,110,1,80,0,30,1
RD_onset0.6_m0.08/heavy_selective,51,0.813,83,0,71,0,12,0
RD_onset0.6_m0.08/heavy_selective,52,0.834,88,5,71,2,17,3
RD_onset0.6_m0.08/heavy_selective,53,0.831,92,2,69,1,23,1
RD_onset0.6_m0.08/heavy_selective,54,0.843,91,1,68,0,23,1
RD_onset0.6_m0.08/heavy_selective,55,0.865,96,4,68,3,28,1
RD_onset0.6_m0.08/heavy_selective,56,0.847,96,3,65,1,31,2
RD_onset0.6_m0.08/heavy_selective,57,0.855,98,5,64,4,34,1
RD_onset0.6_m0.08/heavy_selective,58,0.823,95,1,60,1,35,0
RD_onset0.6_m0.08/heavy_selective,59,0.829,100,0,59,0,41,0
RD_onset0.6_m0.08/heavy_selective,60,0.850,104,4,59,0,45,4
RD_onset0.6_m0.08/heavy_selective,61,0.870,107,4,59,2,48,2
RD_onset0.6_m0.08/heavy_selective,62,0.861,108,6,57,2,51,4
RD_onset0.6_m0.08/heavy_selective,63,0.855,104,3,55,0,49,3
RD_onset0.6_m0.08/heavy_selective,64,0.875,107,3,55,1,52,2
RD_onset0.6_m0.08/heavy_selective,65,0.878,108,3,54,0,54,3
RD_onset0.6_m0.08/heavy_selective,66,0.898,109,2,54,0,55,2
RD_onset0.6_m0.08/heavy_selective,67,0.918,112,5,54,0,58,5
RD_onset0.6_m0.08/heavy_selective,68,0.938,110,8,54,0,56,8
RD_onset0.6_m0.08/heavy_selective,69,0.958,104,10,54,2,50,8
RD_onset0.6_m0.08/heavy_selective,70,0.941,95,6,52,0,43,6
RD_onset0.6_m0.08/heavy_selective,71,0.959,94,9,52,1,42,8
RD_onset0.6_m0.08/heavy_selective,72,0.961,91,7,51,2,40,5
RD_onset0.6_m0.08/heavy_selective,73,0.941,88,9,49,1,39,8
RD_onset0.6_m0.08/heavy_selective,74,0.938,84,5,48,1,36,4
RD_onset0.6_m0.08/heavy_selective,75,0.940,82,4,47,0,35,4
RD_onset0.6_m0.08/heavy_selective,76,0.959,79,8,47,0,32,8
RD_onset0.6_m0.08/heavy_selective,77,0.975,74,10,47,3,27,7
RD_onset0.6_m0.08/heavy_selective,78,0.930,69,3,44,0,25,3
RD_onset0.6_m0.08/heavy_selective,79,0.944,73,5,44,2,29,3
RD_onset0.6_m0.08/heavy_selective,80,0.922,73,2,42,0,31,2
RD_onset0.6_m0.08/heavy_selective,81,0.936,76,3,42,0,34,3
RD_onset0.6_m0.08/heavy_selective,82,0.953,79,5,42,0,37,5
RD_onset0.6_m0.08/heavy_selective,83,0.970,80,4,42,0,38,4
RD_onset0.6_m0.08/heavy_selective,84,0.988,80,2,42,0,38,2
RD_onset0.6_m0.08/heavy_selective,85,1.004,83,32,42,0,41,32
RD_onset0.6_m0.08/heavy_selective,86,1.013,57,2,42,1,15,1
RD_onset0.6_m0.08/heavy_selective,87,1.004,63,6,41,1,22,5
RD_onset0.6_m0.08/heavy_selective,88,0.993,61,6,40,0,21,6
RD_onset0.6_m0.08/heavy_selective,89,1.010,60,14,40,1,20,13
RD_onset0.6_m0.08/heavy_selective,90,0.999,56,8,39,2,17,6
RD_onset0.6_m0.08/heavy_selective,91,0.958,54,6,37,1,17,5
RD_onset0.6_m0.08/heavy_selective,92,0.946,57,1,36,0,21,1
RD_onset0.6_m0.08/heavy_selective,93,0.959,61,3,36,0,25,3
RD_onset0.6_m0.08/heavy_selective,94,0.973,63,5,36,1,27,4
RD_onset0.6_m0.08/heavy_selective,95,0.960,64,3,35,0,29,3
RD_onset0.6_m0.08/heavy_selective,96,0.974,64,8,35,1,29,7
RD_onset0.6_m0.08/heavy_selective,97,0.959,63,3,34,0,29,3
RD_onset0.6_m0.08/heavy_selective,98,0.972,65,8,34,1,31,7
RD_onset0.6_m0.08/heavy_selective,99,0.959,62,4,33,0,29,4
RD_onset0.6_m0.08/heavy_selective,100,0.971,66,7,33,0,33,7
