run,age,trees,stems_ha,recruits,top_height_m,dominant_height_m,mean_height_m,h_p10,h_p50,h_p90,mean_dbh_cm,dq_cm,dbh_p10,dbh_p50,dbh_p90,basal_area_m2_ha,sdi_ha,volume_m3_ha,hd_mean,hd_p90,hd_top,ci_mean,ci_p90,cumulative_deaths,cumulative_deadwood_m3_ha,relative_density_comeau
RD_onset0.5_m0.02/unthinned,20,336,2100,0,14.63,14.75,11.65,9.50,11.64,13.60,15.59,15.79,12.02,15.49,19.02,41.10,1004,249.2,75.1,79.7,71.9,8.24,11.47,0,0.0,0.435
RD_onset0.5_m0.02/unthinned,30,335,2094,0,17.05,17.21,14.48,12.59,14.50,16.20,19.60,19.82,15.48,19.71,23.39,64.61,1443,480.2,74.6,81.8,67.3,8.19,11.30,1,1.3,0.694
RD_onset0.5_m0.02/unthinned,40,314,1963,15,18.62,19.37,16.44,14.93,16.94,18.46,22.81,23.32,18.05,23.57,27.62,83.85,1756,723.7,73.1,82.1,61.4,7.73,10.52,39,69.4,0.910
RD_onset0.5_m0.02/unthinned,50,227,1419,6,20.39,21.21,19.03,17.76,19.38,20.60,28.16,28.54,23.69,28.58,32.69,90.76,1755,885.8,68.2,75.1,56.8,5.06,6.26,137,274.5,0.998
RD_onset0.5_m0.02/unthinned,60,153,956,3,22.18,22.80,21.24,20.22,21.36,22.55,34.34,34.58,30.04,34.18,38.54,89.83,1610,964.6,62.3,67.6,53.7,2.97,3.58,238,577.6,1.000
RD_onset0.5_m0.02/unthinned,80,83,519,2,25.02,25.44,24.34,23.65,24.47,25.47,46.15,46.32,42.69,46.10,49.87,87.42,1396,1070.3,52.9,56.1,48.6,1.30,1.69,356,1191.1,0.991
RD_onset0.5_m0.02/unthinned,100,54,338,4,27.31,27.49,25.88,26.17,26.87,27.57,56.04,57.04,53.73,57.81,61.35,86.24,1268,1157.3,47.0,48.8,44.1,1.06,0.98,455,1699.0,0.991
RD_onset0.5_m0.02/unthinned,120,46,288,10,28.93,29.06,23.81,3.97,28.63,29.05,56.45,61.81,5.69,68.04,70.29,86.28,1229,1236.1,46.9,67.6,40.7,2.06,6.05,550,2096.9,0.996
RD_onset0.5_m0.02/light_below,20,336,2100,0,14.63,14.75,11.65,9.50,11.64,13.60,15.59,15.79,12.02,15.49,19.02,41.10,1004,249.2,75.1,79.7,71.9,8.24,11.47,0,0.0,0.435
RD_onset0.5_m0.02/light_below,30,269,1681,0,17.05,17.21,14.98,13.75,14.84,16.57,20.87,20.97,18.30,20.53,23.75,58.07,1268,440.4,72.0,76.2,67.0,6.37,8.22,0,0.0,0.626
RD_onset0.5_m0.02/light_below,40,270,1688,24,18.64,19.37,16.30,15.89,17.17,18.67,23.64,24.36,21.18,24.66,28.34,78.65,1619,687.6,69.7,74.9,61.0,7.07,8.19,25,52.6,0.856
RD_onset0.5_m0.02/light_below,50,211,1319,17,20.21,21.23,18.53,18.40,19.52,20.83,28.73,29.58,27.24,29.83,33.61,90.59,1727,893.1,65.6,69.5,55.7,5.52,6.15,52,131.6,0.999
RD_onset0.5_m0.02/light_below,60,140,875,4,22.05,22.81,21.10,20.56,21.52,22.63,35.56,36.01,33.35,35.61,39.76,89.10,1572,963.6,59.7,63.4,52.8,3.00,3.26,156,434.5,0.994
RD_onset0.5_m0.02/light_below,80,81,506,4,25.01,25.46,23.68,23.78,24.47,25.50,46.17,47.01,44.71,47.19,52.20,87.86,1395,1079.8,51.9,54.0,47.7,1.76,1.76,293,1014.5,0.997
RD_onset0.5_m0.02/light_below,100,60,375,11,27.25,27.56,23.04,3.99,26.87,27.67,50.47,54.40,5.72,58.21,63.23,87.16,1306,1173.7,49.1,66.7,43.3,2.07,8.35,400,1500.0,0.998
RD_onset0.5_m0.02/light_below,120,40,250,6,28.97,29.12,25.56,3.75,28.63,29.34,61.91,65.47,5.63,69.34,72.68,84.16,1172,1206.6,44.2,66.7,40.1,1.24,5.03,504,1929.8,0.975
RD_onset0.5_m0.02/moderate_below,20,336,2100,0,14.63,14.75,11.65,9.50,11.64,13.60,15.59,15.79,12.02,15.49,19.02,41.10,1004,249.2,75.1,79.7,71.9,8.24,11.47,0,0.0,0.435
RD_onset0.5_m0.02/moderate_below,30,235,1469,0,17.05,17.21,15.17,14.06,15.01,16.65,21.40,21.49,19.11,21.22,23.95,53.26,1152,408.1,71.1,74.8,66.8,5.60,7.16,0,0.0,0.575
RD_onset0.5_m0.02/moderate_below,40,251,1569,27,18.70,19.37,16.19,6.34,17.29,18.81,23.92,24.78,8.39,25.33,28.80,75.66,1547,665.4,68.5,73.0,60.8,6.87,7.87,13,29.0,0.825
RD_onset0.5_m0.02/moderate_below,50,179,1119,15,20.26,21.26,18.68,18.64,19.75,20.95,29.85,30.73,29.11,31.22,34.51,82.99,1558,825.3,64.0,67.1,55.3,4.84,5.38,28,77.0,0.917
RD_onset0.5_m0.02/moderate_below,60,124,775,15,22.13,22.86,19.75,5.16,21.70,22.69,34.44,36.06,6.52,37.68,40.48,79.17,1395,863.1,59.2,66.7,52.4,3.86,11.23,80,152.4,0.884
RD_onset0.5_m0.02/moderate_below,80,114,713,49,24.95,25.61,16.56,4.40,24.25,25.50,32.02,38.51,6.19,48.59,51.41,82.98,1425,1020.3,59.7,76.7,47.0,4.63,10.13,163,362.3,0.930
RD_onset0.5_m0.02/moderate_below,100,50,313,4,27.28,27.68,25.28,26.24,27.09,27.76,56.98,59.02,58.57,60.91,62.44,85.48,1240,1161.1,46.0,46.4,43.1,1.47,1.06,334,757.0,0.984
RD_onset0.5_m0.02/moderate_below,120,47,294,13,29.06,29.29,22.10,3.68,28.72,29.38,53.67,61.11,5.53,70.84,72.41,86.15,1233,1244.4,47.4,66.7,39.8,2.05,6.70,458,1110.5,0.994
RD_onset0.5_m0.02/heavy_selective,20,336,2100,0,14.63,14.75,11.65,9.50,11.64,13.60,15.59,15.79,12.02,15.49,19.02,41.10,1004,249.2,75.1,79.7,71.9,8.24,11.47,0,0.0,0.435
RD_onset0.5_m0.02/heavy_selective,30,218,1363,0,17.09,17.21,14.97,13.44,14.89,16.69,21.27,21.40,18.33,21.26,24.29,48.99,1061,372.9,70.7,74.2,66.7,4.92,6.61,0,0.0,0.529
RD_onset0.5_m0.02/heavy_selective,40,245,1531,33,19.06,19.37,15.69,5.12,17.09,18.86,23.50,24.61,6.39,25.75,29.25,72.82,1493,636.9,67.8,73.2,61.3,6.67,14.63,8,14.6,0.793
RD_onset0.5_m0.02/heavy_selective,50,179,1119,31,20.95,21.23,17.28,6.42,19.44,20.87,28.02,29.73,7.49,31.59,34.83,77.68,1478,765.3,64.4,78.4,56.8,5.29,13.25,24,55.8,0.856
RD_onset0.5_m0.02/heavy_selective,60,138,863,17,22.49,22.88,19.52,5.24,21.40,22.65,34.26,35.91,6.91,37.62,40.66,87.35,1542,944.6,58.9,70.3,52.9,3.81,10.44,48,128.6,0.975
RD_onset0.5_m0.02/heavy_selective,80,113,706,49,25.35,25.51,16.41,4.41,23.88,25.38,31.65,38.18,6.03,47.46,51.71,80.84,1393,985.8,60.8,80.4,47.2,5.19,12.79,135,389.3,0.905
RD_onset0.5_m0.02/heavy_selective,100,48,300,2,27.48,27.60,26.10,26.33,27.02,27.67,59.38,60.49,58.50,61.39,64.46,86.20,1239,1167.6,44.9,45.6,42.7,0.93,0.83,287,754.5,0.994
RD_onset0.5_m0.02/heavy_selective,120,38,238,5,29.14,29.22,25.68,3.60,28.75,29.34,63.59,67.24,5.40,71.57,74.04,84.33,1162,1216.6,43.1,45.2,39.6,1.16,0.47,395,1143.1,0.979
RD_onset0.5_m0.04/unthinned,20,336,2100,0,14.63,14.75,11.65,9.50,11.64,13.60,15.59,15.79,12.02,15.49,19.02,41.10,1004,249.2,75.1,79.7,71.9,8.24,11.47,0,0.0,0.435
RD_onset0.5_m0.04/unthinned,30,328,2050,0,17.01,17.18,14.50,12.62,14.50,16.20,19.65,19.86,15.70,19.72,23.39,63.48,1416,471.9,74.4,81.7,67.4,7.97,10.96,8,9.0,0.682
RD_onset0.5_m0.04/unthinned,40,290,1813,15,18.55,19.32,16.42,14.89,16.96,18.46,22.97,23.50,18.15,23.74,27.86,78.61,1641,678.7,72.5,80.6,61.5,7.05,9.38,63,107.4,0.854
RD_onset0.5_m0.04/unthinned,50,230,1438,17,20.32,21.14,18.34,17.09,19.19,20.46,26.97,27.70,21.41,28.13,32.67,86.61,1694,837.9,69.6,78.7,56.8,5.57,7.25,131,300.0,0.951
RD_onset0.5_m0.04/unthinned,60,169,1056,21,22.17,22.71,19.60,11.37,21.12,22.25,31.07,32.36,13.51,33.72,38.45,86.89,1598,924.1,65.5,76.2,53.9,4.39,5.84,213,582.2,0.963
RD_onset0.5_m0.04/unthinned,80,88,550,8,24.95,25.41,22.78,23.01,24.29,25.42,42.38,43.87,37.20,45.75,49.71,83.14,1356,1015.7,55.4,61.6,48.9,2.24,2.16,339,1188.9,0.939
RD_onset0.5_m0.04/unthinned,100,58,363,5,27.17,27.49,25.15,25.74,26.73,27.64,53.57,55.30,49.23,57.05,60.65,87.06,1296,1167.3,48.4,51.5,44.1,1.91,1.15,448,1619.5,0.998
RD_onset0.5_m0.04/unthinned,120,46,288,9,28.96,29.14,23.96,3.94,28.61,29.32,56.48,61.79,5.68,67.97,70.90,86.22,1229,1240.0,47.1,66.7,40.6,1.85,6.71,550,2023.2,0.995
RD_onset0.5_m0.04/light_below,20,336,2100,0,14.63,14.75,11.65,9.50,11.64,13.60,15.59,15.79,12.02,15.49,19.02,41.10,1004,249.2,75.1,79.7,71.9,8.24,11.47,0,0.0,0.435
RD_onset0.5_m0.04/light_below,30,267,1669,0,17.05,17.21,14.98,13.76,14.84,16.57,20.89,20.99,18.34,20.60,23.75,57.76,1261,438.3,72.0,76.1,67.0,6.31,8.20,2,1.8,0.623
RD_onset0.5_m0.04/light_below,40,260,1625,24,18.67,19.34,16.26,15.85,17.18,18.61,23.65,24.40,21.29,24.75,28.42,75.96,1562,664.2,69.5,74.6,61.1,6.78,7.84,35,71.8,0.827
RD_onset0.5_m0.04/light_below,50,185,1156,12,20.28,21.17,18.73,18.42,19.53,20.65,29.35,30.07,27.76,30.30,33.73,82.09,1555,809.2,64.7,68.7,55.9,4.63,5.16,79,201.8,0.906
RD_onset0.5_m0.04/light_below,60,154,963,19,22.07,22.79,19.68,7.53,21.39,22.40,32.89,34.32,9.83,35.39,39.69,89.05,1601,958.7,62.0,70.5,52.6,4.18,6.36,141,408.2,0.991
RD_onset0.5_m0.04/light_below,80,88,550,15,24.99,25.43,21.28,4.76,24.38,25.42,41.07,43.92,6.40,46.29,51.23,83.33,1359,1021.8,54.7,68.5,47.6,2.90,7.50,277,1019.0,0.942
RD_onset0.5_m0.04/light_below,100,67,419,18,27.26,27.47,21.05,3.97,26.73,27.37,45.63,51.26,5.75,57.45,61.97,86.41,1326,1159.1,51.3,69.1,43.4,2.87,8.47,383,1442.5,0.986
RD_onset0.5_m0.04/light_below,120,42,263,7,28.97,29.10,25.05,3.61,28.67,29.11,60.42,64.55,5.42,68.72,71.82,85.90,1203,1232.2,44.9,66.7,40.2,1.55,5.83,505,1824.9,0.994
RD_onset0.5_m0.04/moderate_below,20,336,2100,0,14.63,14.75,11.65,9.50,11.64,13.60,15.59,15.79,12.02,15.49,19.02,41.10,1004,249.2,75.1,79.7,71.9,8.24,11.47,0,0.0,0.435
RD_onset0.5_m0.04/moderate_below,30,234,1463,0,17.05,17.21,15.18,14.06,15.01,16.65,21.42,21.50,19.12,21.23,23.95,53.11,1148,407.1,71.1,74.8,66.8,5.58,7.16,1,0.5,0.574
RD_onset0.5_m0.04/moderate_below,40,242,1513,26,18.74,19.37,16.20,6.34,17.31,18.81,23.98,24.84,8.52,25.48,28.80,73.31,1497,645.1,68.3,72.8,61.0,6.56,7.32,22,46.1,0.799
RD_onset0.5_m0.04/moderate_below,50,168,1050,13,20.33,21.23,18.76,18.68,19.76,20.94,30.17,31.01,29.27,31.43,34.64,79.28,1483,788.6,63.4,66.7,55.5,4.45,5.10,41,103.5,0.876
RD_onset0.5_m0.04/moderate_below,60,123,769,10,22.11,22.84,20.40,20.66,21.69,22.65,35.58,36.71,35.28,37.48,40.69,81.36,1424,886.4,58.7,61.5,52.2,3.56,3.35,77,227.4,0.909
RD_onset0.5_m0.04/moderate_below,80,103,644,34,24.84,25.56,18.30,4.52,24.38,25.47,35.60,40.99,5.84,47.87,51.40,84.94,1423,1046.3,58.0,77.5,46.7,4.52,12.39,146,655.8,0.956
RD_onset0.5_m0.04/moderate_below,100,54,338,7,27.26,27.60,24.06,3.65,27.00,27.64,53.80,57.00,5.48,59.85,63.65,86.14,1267,1167.1,47.4,66.7,42.8,1.80,6.67,309,1076.3,0.989
RD_onset0.5_m0.04/moderate_below,120,51,319,17,28.94,29.20,20.84,3.97,28.59,29.32,49.97,58.42,5.75,69.66,72.97,85.44,1245,1228.7,49.2,68.9,39.7,2.67,7.73,423,1454.9,0.983
RD_onset0.5_m0.04/heavy_selective,20,336,2100,0,14.63,14.75,11.65,9.50,11.64,13.60,15.59,15.79,12.02,15.49,19.02,41.10,1004,249.2,75.1,79.7,71.9,8.24,11.47,0,0.0,0.435
RD_onset0.5_m0.04/heavy_selective,30,218,1363,0,17.09,17.21,14.98,13.44,14.89,16.69,21.28,21.41,18.34,21.27,24.35,49.05,1062,373.6,70.7,74.2,66.7,4.92,6.62,1,0.5,0.530
RD_onset0.5_m0.04/heavy_selective,40,232,1450,29,19.00,19.37,15.83,5.64,17.10,18.86,23.74,24.77,6.83,25.83,29.28,69.88,1429,611.9,67.7,72.7,61.5,6.12,10.78,19,38.6,0.762
RD_onset0.5_m0.04/heavy_selective,50,168,1050,30,20.95,21.23,17.29,6.72,19.47,20.92,28.08,29.79,7.70,31.74,34.98,73.20,1391,721.5,64.5,82.8,57.0,4.94,11.67,36,87.6,0.807
RD_onset0.5_m0.04/heavy_selective,60,130,813,19,22.41,22.83,19.16,5.10,21.41,22.63,33.78,35.70,6.59,37.69,41.00,81.34,1439,879.2,59.0,72.5,52.8,3.77,9.86,68,182.2,0.907
RD_onset0.5_m0.04/heavy_selective,80,108,675,42,25.22,25.51,17.25,4.72,24.02,25.38,33.49,39.43,6.26,47.64,51.50,82.44,1403,1007.3,59.1,79.5,47.3,4.22,11.68,142,532.8,0.925
RD_onset0.5_m0.04/heavy_selective,100,77,481,31,27.45,27.59,18.92,4.34,26.55,27.57,40.72,47.91,6.13,58.74,63.02,86.75,1367,1156.1,54.1,72.9,43.0,3.19,9.18,249,923.2,0.986
RD_onset0.5_m0.04/heavy_selective,120,40,250,7,29.11,29.22,25.15,3.63,28.83,29.34,61.44,65.46,5.44,70.62,73.44,84.14,1172,1208.5,44.0,66.7,39.8,1.36,7.16,398,1317.4,0.975
RD_onset0.5_m0.08/unthinned,20,336,2100,0,14.63,14.75,11.65,9.50,11.64,13.60,15.59,15.79,12.02,15.49,19.02,41.10,1004,249.2,75.1,79.7,71.9,8.24,11.47,0,0.0,0.435
RD_onset0.5_m0.08/unthinned,30,325,2031,0,17.01,17.18,14.51,12.62,14.52,16.20,19.68,19.89,15.78,19.76,23.39,63.08,1407,469.3,74.4,81.6,67.4,7.90,10.81,11,11.4,0.678
RD_onset0.5_m0.08/unthinned,40,261,1631,15,18.53,19.32,16.43,15.03,17.02,18.59,23.18,23.74,18.42,24.10,28.13,72.22,1502,625.5,71.8,79.7,61.3,6.31,8.28,92,153.0,0.785
RD_onset0.5_m0.08/unthinned,50,201,1256,20,20.37,21.14,18.07,16.60,19.21,20.59,27.10,28.04,19.80,28.88,33.26,77.55,1510,752.2,68.3,76.4,56.7,5.03,6.50,168,356.3,0.852
RD_onset0.5_m0.08/unthinned,60,143,894,19,22.12,22.64,19.41,11.35,21.12,22.25,31.61,33.01,14.83,34.35,39.65,76.50,1396,813.1,63.4,71.3,53.2,3.85,4.54,246,633.1,0.849
RD_onset0.5_m0.08/unthinned,80,94,588,25,24.91,25.37,19.59,4.33,24.14,25.14,36.72,40.71,5.91,45.54,50.55,76.48,1285,929.7,58.3,76.0,48.2,4.10,10.73,360,1149.9,0.860
RD_onset0.5_m0.08/unthinned,100,54,338,3,27.08,27.36,25.83,25.94,26.73,27.37,56.20,57.22,51.90,58.60,61.30,86.77,1275,1161.3,46.8,49.8,43.6,1.06,1.11,486,1460.4,0.997
RD_onset0.5_m0.08/unthinned,120,45,281,11,28.79,28.94,23.05,3.72,28.53,28.98,54.91,60.97,5.58,68.12,71.28,82.11,1176,1172.2,47.2,66.7,40.2,1.86,6.65,597,1912.4,0.947
RD_onset0.5_m0.08/light_below,20,336,2100,0,14.63,14.75,11.65,9.50,11.64,13.60,15.59,15.79,12.02,15.49,19.02,41.10,1004,249.2,75.1,79.7,71.9,8.24,11.47,0,0.0,0.435
RD_onset0.5_m0.08/light_below,30,265,1656,0,17.05,17.21,14.99,13.78,14.85,16.57,20.91,21.01,18.41,20.60,23.75,57.42,1253,435.9,72.0,76.1,67.0,6.25,7.97,4,3.8,0.619
RD_onset0.5_m0.08/light_below,40,240,1500,22,18.67,19.34,16.31,15.94,17.19,18.71,23.82,24.57,21.43,24.88,28.58,71.10,1458,622.8,69.2,74.5,61.1,6.09,7.50,54,108.4,0.775
RD_onset0.5_m0.08/light_below,50,166,1038,15,20.28,21.17,18.38,18.27,19.50,20.82,29.11,30.07,27.51,30.60,34.34,73.69,1396,726.6,64.5,68.4,55.6,4.35,5.42,103,266.3,0.813
RD_onset0.5_m0.08/light_below,60,134,838,20,22.07,22.72,19.24,6.63,21.33,22.35,32.70,34.43,9.24,36.11,40.50,77.99,1400,837.8,61.3,70.6,52.3,3.77,6.69,170,482.0,0.868
RD_onset0.5_m0.08/light_below,80,95,594,27,24.93,25.36,19.42,4.40,24.27,25.05,37.49,41.69,6.04,46.88,51.28,81.05,1349,986.4,56.7,72.4,47.2,3.81,11.65,293,953.2,0.913
RD_onset0.5_m0.08/light_below,100,71,444,27,27.21,27.40,19.48,4.09,26.62,27.32,41.96,48.55,5.91,58.24,62.23,82.16,1288,1089.8,53.1,71.5,43.1,2.83,8.88,387,1380.3,0.934
RD_onset0.5_m0.08/light_below,120,50,313,16,28.96,29.03,21.51,3.55,28.61,29.07,51.63,59.21,5.32,68.93,71.95,86.05,1247,1227.3,48.3,66.7,40.0,2.53,8.36,504,1695.0,0.991
RD_onset0.5_m0.08/moderate_below,20,336,2100,0,14.63,14.75,11.65,9.50,11.64,13.60,15.59,15.79,12.02,15.49,19.02,41.10,1004,249.2,75.1,79.7,71.9,8.24,11.47,0,0.0,0.435
RD_onset0.5_m0.08/moderate_below,30,233,1456,0,17.05,17.21,15.18,14.06,15.01,16.65,21.42,21.51,19.12,21.25,23.95,52.92,1144,405.8,71.1,74.8,66.8,5.55,7.15,3,2.3,0.572
RD_onset0.5_m0.08/moderate_below,40,232,1450,26,18.73,19.34,16.14,6.05,17.31,18.71,23.98,24.88,7.74,25.62,28.83,70.48,1439,620.0,68.1,72.8,60.9,6.28,7.04,33,68.1,0.768
RD_onset0.5_m0.08/moderate_below,50,152,950,12,20.34,21.17,18.72,18.68,19.75,20.83,30.35,31.20,29.59,31.62,34.84,72.65,1356,721.7,62.9,65.9,55.5,3.96,4.34,61,162.9,0.803
RD_onset0.5_m0.08/moderate_below,60,117,731,19,22.18,22.80,18.94,4.79,21.57,22.63,33.37,35.53,6.29,37.53,41.05,72.51,1286,787.1,59.0,70.0,52.2,3.82,12.61,108,320.9,0.808
RD_onset0.5_m0.08/moderate_below,80,89,556,28,24.99,25.46,18.54,4.31,24.44,25.45,36.78,42.00,6.02,48.56,52.31,77.06,1279,947.6,56.0,72.8,46.6,3.64,10.98,191,737.7,0.868
RD_onset0.5_m0.08/moderate_below,100,60,375,14,27.22,27.54,22.03,3.58,26.87,27.63,49.41,54.27,5.37,60.15,63.75,86.73,1301,1166.4,48.5,66.7,42.5,2.39,9.11,323,1037.3,0.993
RD_onset0.5_m0.08/moderate_below,120,42,263,9,28.94,29.16,24.49,3.96,28.75,29.29,60.09,64.59,5.73,70.81,73.04,86.00,1204,1227.3,44.4,66.7,39.5,1.50,5.54,443,1418.2,0.996
RD_onset0.5_m0.08/heavy_selective,20,336,2100,0,14.63,14.75,11.65,9.50,11.64,13.60,15.59,15.79,12.02,15.49,19.02,41.10,1004,249.2,75.1,79.7,71.9,8.24,11.47,0,0.0,0.435
RD_onset0.5_m0.08/heavy_selective,30,217,1356,0,17.09,17.21,14.99,13.49,14.89,16.69,21.28,21.41,18.37,21.27,24.35,48.84,1058,372.0,70.7,74.4,66.7,4.91,6.61,2,1.0,0.527
RD_onset0.5_m0.08/heavy_selective,40,227,1419,32,19.09,19.37,15.65,4.87,17.18,18.87,23.50,24.65,6.25,25.87,29.37,67.69,1387,593.3,67.7,72.7,61.8,6.10,13.28,26,53.2,0.738
RD_onset0.5_m0.08/heavy_selective,50,158,988,28,20.87,21.19,17.31,6.71,19.44,20.92,28.27,29.96,7.85,32.01,35.05,69.62,1320,685.4,64.1,83.6,56.8,4.54,11.90,46,122.4,0.768
RD_onset0.5_m0.08/heavy_selective,60,113,706,16,22.39,22.77,19.24,4.97,21.35,22.59,34.30,36.11,6.68,37.91,41.06,72.31,1274,779.0,58.1,70.0,52.5,3.29,10.54,93,253.9,0.807
RD_onset0.5_m0.08/heavy_selective,80,94,588,37,25.18,25.39,17.17,4.39,24.01,25.11,34.04,40.08,6.07,48.47,52.15,74.14,1253,902.2,57.7,75.5,46.8,4.05,9.49,170,606.1,0.833
RD_onset0.5_m0.08/heavy_selective,100,90,563,47,27.36,27.48,16.49,4.03,13.51,27.32,34.97,43.85,5.81,22.80,63.20,84.94,1386,1122.1,57.8,76.8,42.5,4.10,10.07,271,889.1,0.960
RD_onset0.5_m0.08/heavy_selective,120,39,244,7,28.98,29.11,25.15,3.57,28.67,29.31,62.28,66.30,5.35,71.12,73.88,84.14,1166,1204.1,43.6,66.7,39.5,1.29,5.43,423,1246.2,0.976
RD_onset0.6_m0.02/unthinned,20,336,2100,0,14.63,14.75,11.65,9.50,11.64,13.60,15.59,15.79,12.02,15.49,19.02,41.10,1004,249.2,75.1,79.7,71.9,8.24,11.47,0,0.0,0.435
RD_onset0.6_m0.02/unthinned,30,336,2100,0,17.05,17.21,14.48,12.59,14.48,16.20,19.60,19.82,15.48,19.69,23.39,64.79,1447,481.5,74.5,81.8,67.3,8.20,11.30,0,0.0,0.696
RD_onset0.6_m0.02/unthinned,40,321,2006,15,18.52,19.37,16.45,15.03,16.93,18.46,22.78,23.29,18.05,23.48,27.72,85.47,1791,737.3,73.2,82.2,61.0,7.87,10.73,32,58.5,0.928
RD_onset0.6_m0.02/unthinned,50,227,1419,7,20.33,21.21,18.99,17.90,19.39,20.60,28.12,28.54,23.88,28.52,32.69,90.74,1754,886.3,68.1,75.0,56.6,5.15,6.29,138,278.9,0.998
RD_onset0.6_m0.02/unthinned,60,153,956,4,22.13,22.80,21.13,20.29,21.36,22.55,34.19,34.51,30.11,34.21,38.52,89.42,1604,960.4,62.3,67.5,53.5,3.03,3.58,239,587.6,0.995
RD_onset0.6_m0.02/unthinned,80,86,538,5,25.03,25.46,23.62,23.41,24.44,25.47,44.76,45.54,41.84,46.01,49.85,87.55,1407,1071.4,53.4,56.7,48.7,1.74,1.78,351,1195.6,0.992
RD_onset0.6_m0.02/unthinned,100,55,344,5,27.37,27.50,25.49,25.76,26.89,27.60,55.19,56.60,50.96,58.06,61.38,86.49,1276,1161.3,47.3,48.2,44.2,1.20,0.86,461,1703.9,0.993
RD_onset0.6_m0.02/unthinned,120,58,363,22,29.03,29.11,19.76,3.68,28.45,29.10,46.16,55.29,5.53,67.03,70.42,87.05,1296,1246.0,51.3,68.9,40.7,3.00,8.70,549,2095.7,0.998
RD_onset0.6_m0.02/light_below,20,336,2100,0,14.63,14.75,11.65,9.50,11.64,13.60,15.59,15.79,12.02,15.49,19.02,41.10,1004,249.2,75.1,79.7,71.9,8.24,11.47,0,0.0,0.435
RD_onset0.6_m0.02/light_below,30,269,1681,0,17.05,17.21,14.98,13.75,14.84,16.57,20.87,20.97,18.30,20.53,23.75,58.07,1268,440.4,72.0,76.2,67.0,6.37,8.22,0,0.0,0.626
RD_onset0.6_m0.02/light_below,40,275,1719,24,18.64,19.37,16.33,15.94,17.17,18.67,23.64,24.35,21.33,24.66,28.31,80.03,1647,699.9,69.8,74.9,61.0,7.23,8.29,20,41.2,0.871
RD_onset0.6_m0.02/light_below,50,197,1231,2,20.21,21.24,19.54,18.69,19.63,20.87,30.38,30.58,27.90,30.08,33.60,90.46,1702,894.4,64.6,68.6,55.7,4.54,5.72,65,132.4,0.999
RD_onset0.6_m0.02/light_below,60,141,881,4,22.01,22.81,21.09,20.64,21.50,22.63,35.48,35.93,32.97,35.58,39.80,89.36,1577,966.1,59.8,63.7,52.7,3.05,3.31,156,434.0,0.997
RD_onset0.6_m0.02/light_below,80,81,506,4,24.99,25.46,23.68,23.78,24.47,25.47,46.11,46.95,44.36,47.18,51.19,87.63,1392,1077.4,52.0,54.3,47.8,1.77,1.76,294,1017.7,0.994
RD_onset0.6_m0.02/light_below,100,62,388,13,27.23,27.52,22.35,3.62,26.81,27.57,48.89,53.41,5.42,58.22,61.88,86.81,1310,1167.2,49.6,66.7,43.5,2.29,7.63,390,1501.4,0.993
RD_onset0.6_m0.02/light_below,120,43,269,8,28.88,29.11,24.57,3.62,28.72,29.27,59.13,63.77,5.44,69.13,72.02,85.85,1208,1231.1,45.4,66.7,40.2,1.64,7.64,505,1900.3,0.993
RD_onset0.6_m0.02/moderate_below,20,336,2100,0,14.63,14.75,11.65,9.50,11.64,13.60,15.59,15.79,12.02,15.49,19.02,41.10,1004,249.2,75.1,79.7,71.9,8.24,11.47,0,0.0,0.435
RD_onset0.6_m0.02/moderate_below,30,235,1469,0,17.05,17.21,15.17,14.06,15.01,16.65,21.40,21.49,19.11,21.22,23.95,53.26,1152,408.1,71.1,74.8,66.8,5.60,7.16,0,0.0,0.575
RD_onset0.6_m0.02/moderate_below,40,256,1600,27,18.72,19.37,16.23,6.34,17.31,18.86,23.98,24.83,8.39,25.38,28.80,77.49,1583,682.2,68.5,72.8,60.4,6.97,7.93,8,15.0,0.845
RD_onset0.6_m0.02/moderate_below,50,183,1144,16,20.34,21.26,18.64,18.64,19.76,20.94,29.75,30.67,29.10,31.21,34.49,84.52,1588,841.1,64.0,67.1,55.3,4.83,5.38,23,64.8,0.934
RD_onset0.6_m0.02/moderate_below,60,124,775,14,22.08,22.84,19.91,5.28,21.72,22.69,34.71,36.22,6.86,37.72,40.33,79.87,1405,871.3,59.1,66.7,52.1,3.57,8.22,80,162.5,0.892
RD_onset0.6_m0.02/moderate_below,80,111,694,45,25.03,25.59,16.95,4.04,24.28,25.50,33.14,39.41,5.90,48.96,51.84,84.64,1440,1042.0,58.2,74.3,47.0,4.35,9.80,173,362.6,0.950
RD_onset0.6_m0.02/moderate_below,100,50,313,4,27.29,27.69,25.48,26.24,27.09,27.76,57.65,59.38,59.18,60.95,63.40,86.53,1253,1173.5,45.5,46.0,42.8,1.07,0.92,356,772.0,0.997
RD_onset0.6_m0.02/moderate_below,120,40,250,7,29.12,29.32,24.90,3.62,28.75,29.43,61.15,65.67,5.42,70.95,73.17,84.67,1178,1221.4,44.3,66.7,39.8,1.36,6.25,485,1163.9,0.981
RD_onset0.6_m0.02/heavy_selective,20,336,2100,0,14.63,14.75,11.65,9.50,11.64,13.60,15.59,15.79,12.02,15.49,19.02,41.10,1004,249.2,75.1,79.7,71.9,8.24,11.47,0,0.0,0.435
RD_onset0.6_m0.02/heavy_selective,30,218,1363,0,17.09,17.21,14.97,13.44,14.89,16.69,21.27,21.40,18.33,21.26,24.29,48.99,1061,372.9,70.7,74.2,66.7,4.92,6.61,0,0.0,0.529
RD_onset0.6_m0.02/heavy_selective,40,249,1556,35,19.06,19.37,15.62,5.09,17.09,18.87,23.38,24.52,6.25,25.59,29.25,73.50,1509,642.9,68.0,73.7,61.3,6.82,15.49,4,10.0,0.801
RD_onset0.6_m0.02/heavy_selective,50,185,1156,28,20.95,21.23,17.59,6.74,19.44,20.87,28.42,29.92,7.54,31.52,34.79,81.29,1543,800.6,64.4,73.8,56.9,5.24,12.20,15,29.8,0.897
RD_onset0.6_m0.02/heavy_selective,60,125,781,22,22.45,22.82,18.68,4.88,21.35,22.59,32.91,35.17,6.47,37.67,40.53,75.88,1351,819.6,59.4,73.4,52.8,3.99,12.02,72,77.1,0.846
RD_onset0.6_m0.02/heavy_selective,80,111,694,48,25.29,25.42,16.45,4.72,23.93,25.11,32.04,38.43,6.21,47.49,52.10,80.46,1383,977.0,59.5,78.2,47.3,4.81,11.63,144,194.8,0.902
RD_onset0.6_m0.02/heavy_selective,100,66,413,20,27.41,27.51,20.26,3.94,26.68,27.46,45.27,51.82,5.83,59.95,63.48,86.99,1329,1168.5,50.9,68.8,42.8,2.09,7.60,281,544.4,0.993
RD_onset0.6_m0.02/heavy_selective,120,40,250,7,29.07,29.11,24.89,3.62,28.67,29.18,61.25,65.57,5.43,70.26,73.12,84.41,1175,1209.7,43.9,66.7,39.8,1.24,5.03,423,942.2,0.978
RD_onset0.6_m0.04/unthinned,20,336,2100,0,14.63,14.75,11.65,9.50,11.64,13.60,15.59,15.79,12.02,15.49,19.02,41.10,1004,249.2,75.1,79.7,71.9,8.24,11.47,0,0.0,0.435
RD_onset0.6_m0.04/unthinned,30,335,2094,0,17.05,17.21,14.48,12.59,14.50,16.20,19.60,19.82,15.48,19.71,23.39,64.61,1443,480.2,74.6,81.8,67.3,8.19,11.30,1,1.3,0.694
RD_onset0.6_m0.04/unthinned,40,301,1881,15,18.62,19.34,16.43,14.92,16.99,18.46,22.86,23.39,18.07,23.70,27.75,80.82,1690,697.8,72.9,81.9,61.4,7.38,10.03,52,92.9,0.878
RD_onset0.6_m0.04/unthinned,50,239,1494,18,20.39,21.17,18.32,17.09,19.19,20.46,26.74,27.49,21.27,27.88,32.67,88.67,1740,858.3,70.1,79.5,56.8,5.89,7.93,123,288.5,0.973
RD_onset0.6_m0.04/unthinned,60,167,1044,16,22.19,22.68,20.01,19.38,21.15,22.23,31.58,32.62,25.78,33.43,38.59,87.25,1600,929.5,65.5,73.7,53.6,4.23,5.33,212,589.5,0.968
RD_onset0.6_m0.04/unthinned,80,106,663,21,25.02,25.42,21.02,6.32,24.19,25.11,38.35,41.20,7.52,44.14,49.61,88.30,1477,1074.3,58.6,77.1,48.6,3.35,9.56,314,1148.5,0.994
RD_onset0.6_m0.04/unthinned,100,58,363,5,27.21,27.41,25.10,25.74,26.70,27.37,53.25,54.98,48.62,56.32,60.38,86.05,1284,1151.5,48.5,51.9,44.3,1.39,1.25,428,1660.8,0.986
RD_onset0.6_m0.04/unthinned,120,45,281,8,28.94,29.09,24.33,3.98,28.61,29.29,57.16,62.04,5.71,67.76,70.53,85.01,1209,1221.1,46.7,66.7,40.8,1.75,6.17,533,2070.2,0.982
RD_onset0.6_m0.04/light_below,20,336,2100,0,14.63,14.75,11.65,9.50,11.64,13.60,15.59,15.79,12.02,15.49,19.02,41.10,1004,249.2,75.1,79.7,71.9,8.24,11.47,0,0.0,0.435
RD_onset0.6_m0.04/light_below,30,269,1681,0,17.05,17.21,14.98,13.75,14.84,16.57,20.87,20.97,18.30,20.53,23.75,58.07,1268,440.4,72.0,76.2,67.0,6.37,8.22,0,0.0,0.626
RD_onset0.6_m0.04/light_below,40,269,1681,24,18.64,19.37,16.30,15.89,17.18,18.67,23.64,24.36,21.18,24.68,28.34,78.37,1613,685.4,69.7,74.9,61.0,7.06,8.19,26,54.8,0.853
RD_onset0.6_m0.04/light_below,50,194,1213,14,20.21,21.20,18.63,18.41,19.53,20.82,29.03,29.80,27.38,29.93,33.71,84.59,1608,834.1,65.2,69.0,55.7,4.95,5.52,69,184.5,0.933
RD_onset0.6_m0.04/light_below,60,161,1006,24,22.01,22.80,19.25,7.03,21.36,22.40,31.95,33.67,7.75,35.14,39.86,89.57,1622,963.1,62.8,76.1,52.6,4.67,12.23,136,416.4,0.995
RD_onset0.6_m0.04/light_below,80,97,606,20,24.99,25.44,20.74,4.77,24.39,25.42,39.51,42.76,6.26,46.09,50.70,87.05,1435,1066.6,56.0,70.1,47.6,3.55,10.74,259,993.0,0.982
RD_onset0.6_m0.04/light_below,100,58,363,8,27.16,27.46,24.32,4.07,26.86,27.60,52.74,55.31,6.05,57.42,62.53,87.11,1297,1169.2,48.3,54.8,43.4,1.43,1.36,390,1452.1,0.999
RD_onset0.6_m0.04/light_below,120,40,250,5,28.93,29.06,26.11,3.76,28.72,29.11,62.73,65.67,5.64,67.83,72.53,84.68,1178,1214.3,44.0,43.4,40.2,0.95,0.56,510,1874.3,0.981
RD_onset0.6_m0.04/moderate_below,20,336,2100,0,14.63,14.75,11.65,9.50,11.64,13.60,15.59,15.79,12.02,15.49,19.02,41.10,1004,249.2,75.1,79.7,71.9,8.24,11.47,0,0.0,0.435
RD_onset0.6_m0.04/moderate_below,30,235,1469,0,17.05,17.21,15.17,14.06,15.01,16.65,21.40,21.49,19.11,21.22,23.95,53.26,1152,408.1,71.1,74.8,66.8,5.60,7.16,0,0.0,0.575
RD_onset0.6_m0.04/moderate_below,40,249,1556,27,18.72,19.37,16.20,6.05,17.33,18.87,23.97,24.85,7.74,25.46,28.85,75.46,1541,664.8,68.4,72.8,60.4,6.78,7.66,15,31.2,0.823
RD_onset0.6_m0.04/moderate_below,50,177,1106,15,20.34,21.24,18.68,18.67,19.77,20.94,29.92,30.83,29.09,31.35,34.74,82.56,1548,821.9,63.8,67.1,55.3,4.68,5.22,31,82.0,0.912
RD_onset0.6_m0.04/moderate_below,60,131,819,15,22.08,22.85,19.85,5.34,21.67,22.69,34.44,35.97,6.85,37.21,40.33,83.22,1468,906.3,59.4,66.7,52.1,4.07,10.72,68,217.7,0.929
RD_onset0.6_m0.04/moderate_below,80,96,600,25,24.81,25.49,19.75,5.14,24.47,25.45,38.59,42.84,6.55,48.01,51.49,86.50,1424,1064.7,56.3,76.4,47.0,3.55,10.59,146,668.1,0.976
RD_onset0.6_m0.04/moderate_below,100,59,369,12,27.15,27.47,22.65,3.63,26.92,27.60,50.29,54.58,5.44,59.54,62.76,86.27,1291,1160.6,48.5,66.7,42.8,2.18,8.56,282,1117.6,0.988
RD_onset0.6_m0.04/moderate_below,120,44,275,10,28.89,29.12,23.47,3.67,28.72,29.29,57.01,62.89,5.51,70.00,72.53,85.42,1209,1226.8,46.1,66.7,39.7,2.34,6.61,400,1498.5,0.987
RD_onset0.6_m0.04/heavy_selective,20,336,2100,0,14.63,14.75,11.65,9.50,11.64,13.60,15.59,15.79,12.02,15.49,19.02,41.10,1004,249.2,75.1,79.7,71.9,8.24,11.47,0,0.0,0.435
RD_onset0.6_m0.04/heavy_selective,30,218,1363,0,17.09,17.21,14.97,13.44,14.89,16.69,21.27,21.40,18.33,21.26,24.29,48.99,1061,372.9,70.7,74.2,66.7,4.92,6.61,0,0.0,0.529
RD_onset0.6_m0.04/heavy_selective,40,244,1525,32,19.06,19.37,15.74,5.50,17.09,18.87,23.58,24.66,6.47,25.62,29.25,72.83,1492,637.5,67.8,72.9,61.3,6.57,13.04,9,15.2,0.794
RD_onset0.6_m0.04/heavy_selective,50,180,1125,30,20.95,21.23,17.38,6.65,19.41,20.87,28.15,29.80,7.51,31.56,34.83,78.47,1491,773.5,64.3,74.1,56.8,5.22,12.31,24,49.8,0.865
RD_onset0.6_m0.04/heavy_selective,60,130,813,16,22.49,22.84,19.51,5.20,21.40,22.63,34.34,36.00,6.72,37.61,40.81,82.69,1459,893.9,58.6,68.4,52.8,3.55,10.38,61,154.4,0.923
RD_onset0.6_m0.04/heavy_selective,80,99,619,29,25.37,25.51,19.00,4.36,24.25,25.42,37.34,42.14,5.95,48.33,52.13,86.31,1431,1058.6,56.6,77.1,47.7,3.92,11.99,131,527.7,0.973
RD_onset0.6_m0.04/heavy_selective,100,58,363,11,27.46,27.54,22.74,3.62,26.87,27.60,50.89,55.21,5.42,60.00,63.57,86.80,1293,1170.9,48.2,66.7,43.1,2.06,8.16,289,962.3,0.995
RD_onset0.6_m0.04/heavy_selective,120,55,344,22,29.11,29.18,19.19,3.71,28.57,29.28,45.85,55.71,5.56,69.58,72.60,83.79,1244,1202.0,50.9,68.4,39.9,2.71,7.70,414,1374.4,0.961
RD_onset0.6_m0.08/unthinned,20,336,2100,0,14.63,14.75,11.65,9.50,11.64,13.60,15.59,15.79,12.02,15.49,19.02,41.10,1004,249.2,75.1,79.7,71.9,8.24,11.47,0,0.0,0.435
RD_onset0.6_m0.08/unthinned,30,334,2088,0,17.05,17.21,14.48,12.59,14.48,16.20,19.60,19.82,15.48,19.69,23.39,64.40,1438,478.7,74.6,81.8,67.3,8.14,11.20,2,2.8,0.692
RD_onset0.6_m0.08/unthinned,40,278,1738,15,18.62,19.34,16.42,14.88,17.00,18.48,22.97,23.53,18.10,23.81,27.93,75.54,1576,653.4,72.5,81.2,61.3,6.75,9.20,75,133.7,0.821
RD_onset0.6_m0.08/unthinned,50,212,1325,17,20.39,21.17,18.29,16.94,19.21,20.48,27.14,27.95,21.66,28.58,33.01,81.29,1585,788.8,69.0,77.7,56.6,5.14,7.16,152,338.2,0.893
RD_onset0.6_m0.08/unthinned,60,142,888,14,22.19,22.68,19.89,19.38,21.14,22.25,32.15,33.28,26.80,34.35,39.49,77.18,1404,822.8,63.6,71.2,53.2,3.66,4.35,245,650.1,0.857
RD_onset0.6_m0.08/unthinned,80,94,588,20,25.05,25.43,20.63,5.54,24.25,25.23,38.65,41.86,6.95,45.75,50.57,80.84,1344,984.8,57.1,71.5,48.2,3.34,10.51,359,1134.5,0.911
RD_onset0.6_m0.08/unthinned,100,71,444,21,27.20,27.50,20.87,4.50,26.61,27.60,44.09,49.61,6.31,56.54,61.24,85.78,1333,1143.8,53.2,71.3,43.6,2.84,8.80,462,1520.4,0.977
RD_onset0.6_m0.08/unthinned,120,42,263,6,28.99,29.13,25.18,3.62,28.62,29.32,59.84,63.91,5.43,68.75,71.20,84.22,1184,1211.8,45.4,66.7,40.5,1.49,5.83,596,1918.2,0.974
RD_onset0.6_m0.08/light_below,20,336,2100,0,14.63,14.75,11.65,9.50,11.64,13.60,15.59,15.79,12.02,15.49,19.02,41.10,1004,249.2,75.1,79.7,71.9,8.24,11.47,0,0.0,0.435
RD_onset0.6_m0.08/light_below,30,269,1681,0,17.05,17.21,14.98,13.75,14.84,16.57,20.87,20.97,18.30,20.53,23.75,58.07,1268,440.4,72.0,76.2,67.0,6.37,8.22,0,0.0,0.626
RD_onset0.6_m0.08/light_below,40,254,1588,23,18.74,19.36,16.30,15.89,17.18,18.67,23.71,24.44,21.44,24.73,28.49,74.50,1531,652.0,69.5,74.7,61.4,6.61,7.77,41,84.6,0.811
RD_onset0.6_m0.08/light_below,50,169,1056,10,20.28,21.19,18.82,18.45,19.53,20.83,29.63,30.31,27.79,30.42,34.29,76.19,1439,752.0,64.4,68.3,55.8,4.24,4.89,97,251.9,0.841
RD_onset0.6_m0.08/light_below,60,140,875,23,22.07,22.80,18.97,6.10,21.34,22.55,32.02,33.95,6.98,35.83,40.21,79.21,1430,852.2,61.7,72.0,52.5,4.23,10.42,165,484.3,0.881
RD_onset0.6_m0.08/light_below,80,87,544,19,25.00,25.48,20.78,4.74,24.30,25.47,40.23,43.41,6.13,47.22,51.42,80.49,1319,983.4,55.1,69.6,47.5,2.80,7.88,282,977.8,0.909
RD_onset0.6_m0.08/light_below,100,65,406,19,27.32,27.49,20.99,4.15,26.70,27.57,45.68,51.22,6.18,58.22,61.92,83.72,1285,1118.3,51.2,69.3,43.4,2.32,7.53,388,1382.1,0.955
RD_onset0.6_m0.08/light_below,120,41,256,7,29.03,29.12,25.58,10.45,28.71,29.29,61.89,65.09,22.23,69.74,72.19,85.28,1190,1216.2,43.7,47.0,40.3,0.75,0.78,509,1736.6,0.988
RD_onset0.6_m0.08/moderate_below,20,336,2100,0,14.63,14.75,11.65,9.50,11.64,13.60,15.59,15.79,12.02,15.49,19.02,41.10,1004,249.2,75.1,79.7,71.9,8.24,11.47,0,0.0,0.435
RD_onset0.6_m0.08/moderate_below,30,235,1469,0,17.05,17.21,15.17,14.06,15.01,16.65,21.40,21.49,19.11,21.22,23.95,53.26,1152,408.1,71.1,74.8,66.8,5.60,7.16,0,0.0,0.575
RD_onset0.6_m0.08/moderate_below,40,245,1531,26,18.74,19.37,16.23,6.34,17.33,18.86,24.01,24.86,8.39,25.48,28.85,74.31,1517,654.4,68.4,72.8,60.9,6.61,7.46,19,39.9,0.810
RD_onset0.6_m0.08/moderate_below,50,160,1000,11,20.34,21.20,18.87,18.69,19.77,20.92,30.40,31.16,29.33,31.46,34.90,76.27,1424,758.6,63.0,66.5,55.5,4.05,4.96,48,134.3,0.843
RD_onset0.6_m0.08/moderate_below,60,114,713,11,22.14,22.82,20.11,20.30,21.64,22.65,35.26,36.59,35.28,37.46,40.68,74.93,1313,815.1,58.5,61.7,52.2,3.21,3.35,93,290.2,0.837
RD_onset0.6_m0.08/moderate_below,80,87,544,24,24.90,25.47,19.34,4.73,24.47,25.45,38.37,42.99,6.35,48.65,51.80,78.92,1298,972.0,55.4,72.5,46.6,3.04,9.13,176,726.9,0.891
RD_onset0.6_m0.08/moderate_below,100,55,344,9,27.21,27.58,23.53,4.04,27.01,27.64,52.86,56.45,5.81,60.60,63.56,86.03,1270,1161.8,47.5,66.7,42.5,1.70,5.36,308,1060.1,0.988
RD_onset0.6_m0.08/moderate_below,120,40,250,7,29.02,29.19,25.11,3.67,28.83,29.34,61.61,65.64,5.51,70.65,73.25,84.59,1177,1213.3,43.9,66.7,39.7,1.31,6.03,438,1450.5,0.980
RD_onset0.6_m0.08/heavy_selective,20,336,2100,0,14.63,14.75,11.65,9.50,11.64,13.60,15.59,15.79,12.02,15.49,19.02,41.10,1004,249.2,75.1,79.7,71.9,8.24,11.47,0,0.0,0.435
RD_onset0.6_m0.08/heavy_selective,30,218,1363,0,17.09,17.21,14.97,13.44,14.89,16.69,21.27,21.40,18.33,21.26,24.29,48.99,1061,372.9,70.7,74.2,66.7,4.92,6.61,0,0.0,0.529
RD_onset0.6_m0.08/heavy_selective,40,236,1475,31,19.06,19.37,15.76,5.50,17.10,18.87,23.64,24.73,6.47,25.82,29.30,70.82,1449,620.8,67.7,72.8,61.3,6.24,12.41,17,30.8,0.772
RD_onset0.6_m0.08/heavy_selective,50,167,1044,27,20.92,21.20,17.51,6.72,19.48,20.87,28.47,30.06,7.56,31.79,34.91,74.09,1403,731.2,64.2,79.4,56.7,4.73,11.56,34,83.9,0.817
RD_onset0.6_m0.08/heavy_selective,60,115,719,15,22.43,22.80,19.39,4.89,21.44,22.59,34.46,36.24,6.57,37.85,41.13,74.13,1304,802.2,58.1,66.7,52.5,3.26,8.27,86,229.4,0.828
RD_onset0.6_m0.08/heavy_selective,80,100,625,41,25.33,25.44,16.79,4.40,23.96,25.41,32.94,39.28,6.10,48.50,52.46,75.72,1290,924.5,59.0,77.7,47.3,4.17,10.83,158,582.2,0.850
RD_onset0.6_m0.08/heavy_selective,100,71,444,29,27.40,27.50,18.73,3.92,26.55,27.49,40.73,48.18,5.70,59.76,63.47,80.92,1272,1078.7,53.6,69.8,42.8,2.94,8.37,270,938.2,0.920
RD_onset0.6_m0.08/heavy_selective,120,59,369,26,29.09,29.17,18.57,3.62,28.45,29.20,43.94,54.14,5.43,69.60,72.94,84.90,1275,1214.1,51.9,69.3,39.7,2.87,8.61,400,1233.3,0.972
RD_onset0.7_m0.02/unthinned,20,336,2100,0,14.63,14.75,11.65,9.50,11.64,13.60,15.59,15.79,12.02,15.49,19.02,41.10,1004,249.2,75.1,79.7,71.9,8.24,11.47,0,0.0,0.435
RD_onset0.7_m0.02/unthinned,30,336,2100,0,17.05,17.21,14.48,12.59,14.48,16.20,19.60,19.82,15.48,19.69,23.39,64.79,1447,481.5,74.5,81.8,67.3,8.20,11.30,0,0.0,0.696
RD_onset0.7_m0.02/unthinned,40,327,2044,15,18.62,19.37,16.47,14.93,16.94,18.59,22.80,23.32,17.97,23.53,27.80,87.29,1828,753.8,73.2,82.2,60.8,8.01,10.99,26,45.5,0.948
RD_onset0.7_m0.02/unthinned,50,226,1413,7,20.33,21.20,19.00,17.86,19.41,20.65,28.19,28.61,24.07,28.53,32.82,90.82,1754,888.0,68.0,75.0,56.2,5.06,6.08,139,283.3,0.999
RD_onset0.7_m0.02/unthinned,60,151,944,3,22.11,22.79,21.28,20.30,21.41,22.55,34.54,34.78,30.16,34.52,39.37,89.64,1603,964.3,62.1,67.5,53.1,2.89,3.56,240,590.4,0.998
RD_onset0.7_m0.02/unthinned,80,86,538,4,24.97,25.40,23.83,23.41,24.44,25.41,45.11,45.68,42.05,45.99,49.76,88.09,1414,1076.4,53.3,57.0,48.7,1.66,1.77,353,1197.0,0.998
RD_onset0.7_m0.02/unthinned,100,54,338,6,27.29,27.47,25.03,21.50,26.81,27.60,54.15,55.97,49.35,57.97,62.42,83.05,1231,1113.2,47.7,49.6,44.0,1.12,1.02,458,1759.2,0.953
RD_onset0.7_m0.02/unthinned,120,39,244,4,28.98,29.13,26.78,24.58,28.73,29.29,64.15,66.42,61.46,68.81,72.21,84.45,1169,1213.1,43.6,43.7,40.6,0.82,0.51,583,2130.8,0.979
RD_onset0.7_m0.02/light_below,20,336,2100,0,14.63,14.75,11.65,9.50,11.64,13.60,15.59,15.79,12.02,15.49,19.02,41.10,1004,249.2,75.1,79.7,71.9,8.24,11.47,0,0.0,0.435
RD_onset0.7_m0.02/light_below,30,269,1681,0,17.05,17.21,14.98,13.75,14.84,16.57,20.87,20.97,18.30,20.53,23.75,58.07,1268,440.4,72.0,76.2,67.0,6.37,8.22,0,0.0,0.626
RD_onset0.7_m0.02/light_below,40,282,1763,24,18.62,19.37,16.36,15.96,17.14,18.71,23.67,24.38,21.33,24.63,28.34,82.25,1692,719.7,69.9,75.0,60.5,7.36,8.48,13,25.2,0.896
RD_onset0.7_m0.02/light_below,50,200,1250,5,20.33,21.24,19.30,18.65,19.57,20.87,30.00,30.36,27.66,29.93,33.71,90.51,1708,895.0,64.7,68.7,55.8,4.69,5.56,62,140.4,0.999
RD_onset0.7_m0.02/light_below,60,139,869,2,22.06,22.81,21.33,20.62,21.52,22.63,35.91,36.18,33.25,35.57,39.78,89.30,1572,965.2,59.7,63.2,52.6,2.78,3.28,156,444.9,0.997
RD_onset0.7_m0.02/light_below,80,81,506,4,24.97,25.54,23.73,23.75,24.50,25.50,46.22,47.02,44.53,47.18,51.50,87.92,1395,1081.7,52.0,54.4,47.5,1.62,1.68,292,1024.0,0.998
RD_onset0.7_m0.02/light_below,100,53,331,4,27.30,27.59,25.54,26.31,26.91,27.66,56.32,57.80,55.80,59.07,62.62,86.91,1272,1171.5,46.5,47.5,43.3,1.23,0.91,408,1514.7,0.999
RD_onset0.7_m0.02/light_below,120,50,313,15,29.04,29.19,21.73,3.72,28.63,29.34,51.86,59.40,5.57,68.37,72.66,86.60,1253,1242.7,48.7,68.7,40.2,1.98,8.43,502,1905.3,0.997
RD_onset0.7_m0.02/moderate_below,20,336,2100,0,14.63,14.75,11.65,9.50,11.64,13.60,15.59,15.79,12.02,15.49,19.02,41.10,1004,249.2,75.1,79.7,71.9,8.24,11.47,0,0.0,0.435
RD_onset0.7_m0.02/moderate_below,30,235,1469,0,17.05,17.21,15.17,14.06,15.01,16.65,21.40,21.49,19.11,21.22,23.95,53.26,1152,408.1,71.1,74.8,66.8,5.60,7.16,0,0.0,0.575
RD_onset0.7_m0.02/moderate_below,40,262,1638,29,18.72,19.37,16.15,6.05,17.29,18.81,23.85,24.73,7.74,25.27,28.79,78.65,1609,691.9,68.6,73.2,60.4,7.17,8.18,2,6.3,0.857
RD_onset0.7_m0.02/moderate_below,50,190,1188,17,20.34,21.26,18.59,18.45,19.74,20.94,29.57,30.51,28.91,31.04,34.43,86.83,1635,863.5,64.2,67.5,55.4,5.04,5.47,15,49.0,0.959
RD_onset0.7_m0.02/moderate_below,60,124,775,12,22.17,22.84,20.18,20.30,21.72,22.65,35.11,36.41,35.54,37.39,40.33,80.71,1417,880.0,59.0,61.6,52.4,3.28,3.77,74,165.9,0.901
RD_onset0.7_m0.02/moderate_below,80,111,694,43,24.95,25.58,17.26,4.13,24.33,25.47,33.66,39.74,5.89,48.76,51.27,86.06,1460,1060.6,58.3,74.7,47.0,4.54,11.22,162,390.0,0.966
RD_onset0.7_m0.02/moderate_below,100,52,325,6,27.34,27.65,24.44,3.66,27.04,27.67,55.00,57.89,5.49,60.76,62.81,85.53,1251,1161.3,46.8,46.1,43.1,1.55,1.00,338,832.5,0.983
RD_onset0.7_m0.02/moderate_below,120,40,250,6,29.08,29.30,25.19,3.63,28.86,29.41,61.58,65.96,5.45,70.79,72.80,85.44,1186,1238.1,44.5,66.7,40.0,1.27,5.75,468,1193.9,0.990
RD_onset0.7_m0.02/heavy_selective,20,336,2100,0,14.63,14.75,11.65,9.50,11.64,13.60,15.59,15.79,12.02,15.49,19.02,41.10,1004,249.2,75.1,79.7,71.9,8.24,11.47,0,0.0,0.435
RD_onset0.7_m0.02/heavy_selective,30,218,1363,0,17.09,17.21,14.97,13.44,14.89,16.69,21.27,21.40,18.33,21.26,24.29,48.99,1061,372.9,70.7,74.2,66.7,4.92,6.61,0,0.0,0.529
RD_onset0.7_m0.02/heavy_selective,40,250,1563,35,19.06,19.37,15.63,5.09,17.07,18.87,23.39,24.53,6.25,25.59,29.25,73.84,1516,645.7,67.9,73.7,61.3,6.82,15.49,3,7.2,0.804
RD_onset0.7_m0.02/heavy_selective,50,189,1181,30,20.95,21.23,17.48,6.68,19.39,20.87,28.20,29.76,7.49,31.47,34.79,82.15,1562,808.5,64.6,78.4,56.9,5.42,12.71,10,19.2,0.906
RD_onset0.7_m0.02/heavy_selective,60,128,800,26,22.37,22.82,18.18,4.77,21.28,22.59,32.01,34.59,6.36,37.41,40.64,75.18,1347,811.3,59.7,74.0,52.7,4.20,11.94,74,76.8,0.837
RD_onset0.7_m0.02/heavy_selective,80,113,706,50,25.26,25.38,16.26,4.50,23.77,25.01,31.50,37.88,6.15,47.09,51.64,79.59,1376,963.0,59.7,78.7,47.3,4.81,11.58,145,178.5,0.891
RD_onset0.7_m0.02/heavy_selective,100,50,313,4,27.41,27.54,25.44,26.02,26.91,27.67,57.71,59.32,56.91,60.66,64.65,86.36,1251,1163.7,45.4,45.9,42.7,0.82,1.04,318,521.0,0.994
RD_onset0.7_m0.02/heavy_selective,120,39,244,6,29.06,29.12,25.56,3.68,28.67,29.29,62.94,66.42,5.51,70.62,73.78,84.45,1170,1209.3,43.2,43.9,39.7,0.76,0.58,446,918.9,0.979
RD_onset0.7_m0.04/unthinned,20,336,2100,0,14.63,14.75,11.65,9.50,11.64,13.60,15.59,15.79,12.02,15.49,19.02,41.10,1004,249.2,75.1,79.7,71.9,8.24,11.47,0,0.0,0.435
RD_onset0.7_m0.04/unthinned,30,336,2100,0,17.05,17.21,14.48,12.59,14.48,16.20,19.60,19.82,15.48,19.69,23.39,64.79,1447,481.5,74.5,81.8,67.3,8.20,11.30,0,0.0,0.696
RD_onset0.7_m0.04/unthinned,40,314,1963,15,18.52,19.37,16.45,14.92,16.96,18.46,22.82,23.34,18.00,23.61,27.69,83.96,1757,724.9,73.1,82.1,61.0,7.67,10.46,39,71.4,0.912
RD_onset0.7_m0.04/unthinned,50,243,1519,17,20.33,21.20,18.40,17.18,19.20,20.48,26.72,27.45,21.06,27.76,32.63,89.85,1764,870.8,70.5,79.7,56.6,5.89,8.18,118,287.6,0.986
RD_onset0.7_m0.04/unthinned,60,167,1044,17,22.13,22.75,19.91,12.87,21.17,22.25,31.32,32.45,17.87,33.31,38.69,86.33,1587,920.5,65.7,75.3,53.5,4.44,5.75,213,609.2,0.957
RD_onset0.7_m0.04/unthinned,80,91,569,6,24.96,25.40,23.16,23.25,24.31,25.42,43.00,44.16,37.39,45.08,49.98,87.13,1418,1063.6,54.9,61.9,48.5,2.19,2.27,331,1170.3,0.985
RD_onset0.7_m0.04/unthinned,100,63,394,10,27.25,27.41,23.45,4.00,26.72,27.36,49.70,53.01,5.70,56.19,60.49,86.90,1316,1163.3,50.0,66.7,44.2,2.16,7.98,437,1661.5,0.994
RD_onset0.7_m0.04/unthinned,120,41,256,4,28.91,29.02,26.26,28.01,28.64,29.11,62.03,64.84,60.95,67.79,71.24,84.62,1183,1215.3,44.6,46.2,40.8,0.99,0.60,555,2090.6,0.980
RD_onset0.7_m0.04/light_below,20,336,2100,0,14.63,14.75,11.65,9.50,11.64,13.60,15.59,15.79,12.02,15.49,19.02,41.10,1004,249.2,75.1,79.7,71.9,8.24,11.47,0,0.0,0.435
RD_onset0.7_m0.04/light_below,30,269,1681,0,17.05,17.21,14.98,13.75,14.84,16.57,20.87,20.97,18.30,20.53,23.75,58.07,1268,440.4,72.0,76.2,67.0,6.37,8.22,0,0.0,0.626
RD_onset0.7_m0.04/light_below,40,275,1719,24,18.62,19.37,16.35,15.94,17.19,18.73,23.70,24.42,21.32,24.69,28.34,80.50,1655,705.2,69.8,74.9,60.5,7.19,8.21,20,38.8,0.877
RD_onset0.7_m0.04/light_below,50,201,1256,16,20.29,21.20,18.55,18.40,19.54,20.83,28.84,29.70,27.36,30.08,33.85,87.01,1656,859.2,65.5,69.3,55.6,5.33,5.62,61,168.0,0.959
RD_onset0.7_m0.04/light_below,60,155,969,22,22.06,22.78,19.34,7.04,21.36,22.40,32.16,33.82,8.00,35.18,39.82,87.03,1573,936.5,62.5,70.8,52.5,4.36,8.61,137,454.0,0.967
RD_onset0.7_m0.04/light_below,80,96,600,18,24.95,25.35,20.86,4.35,24.31,25.23,39.87,43.01,5.96,45.84,50.58,87.16,1433,1066.8,55.6,69.9,47.8,3.69,13.08,276,1002.5,0.984
RD_onset0.7_m0.04/light_below,100,62,388,13,27.14,27.41,22.40,4.11,26.74,27.37,48.43,52.81,6.02,57.29,61.32,84.89,1287,1138.4,50.4,68.2,43.6,2.09,6.92,392,1498.9,0.970
RD_onset0.7_m0.04/light_below,120,43,269,8,28.91,29.06,24.52,3.64,28.63,29.11,58.77,63.39,5.46,68.18,72.39,84.83,1197,1214.7,45.5,66.7,40.3,1.76,7.62,503,1886.8,0.981
RD_onset0.7_m0.04/moderate_below,20,336,2100,0,14.63,14.75,11.65,9.50,11.64,13.60,15.59,15.79,12.02,15.49,19.02,41.10,1004,249.2,75.1,79.7,71.9,8.24,11.47,0,0.0,0.435
RD_onset0.7_m0.04/moderate_below,30,235,1469,0,17.05,17.21,15.17,14.06,15.01,16.65,21.40,21.49,19.11,21.22,23.95,53.26,1152,408.1,71.1,74.8,66.8,5.60,7.16,0,0.0,0.575
RD_onset0.7_m0.04/moderate_below,40,256,1600,27,18.72,19.37,16.22,6.34,17.31,18.86,23.96,24.81,8.39,25.32,28.80,77.37,1581,681.1,68.5,73.0,60.4,6.96,8.15,8,16.9,0.843
RD_onset0.7_m0.04/moderate_below,50,184,1150,17,20.34,21.24,18.55,18.45,19.75,20.92,29.61,30.59,29.01,31.19,34.49,84.50,1590,840.6,64.1,67.2,55.3,4.87,5.24,23,66.8,0.933
RD_onset0.7_m0.04/moderate_below,60,128,800,13,22.10,22.84,20.07,5.23,21.69,22.65,34.77,36.15,6.85,37.05,40.32,82.11,1446,895.0,59.3,62.3,52.1,3.74,3.66,69,227.9,0.916
RD_onset0.7_m0.04/moderate_below,80,89,556,19,24.92,25.49,20.49,4.33,24.64,25.47,40.16,43.88,6.08,47.99,51.36,84.12,1372,1039.2,54.9,70.4,47.4,3.37,10.61,161,723.9,0.950
RD_onset0.7_m0.04/moderate_below,100,59,369,11,27.19,27.57,22.74,3.56,27.02,27.63,50.24,54.66,5.34,59.12,62.90,86.54,1294,1171.8,48.9,66.7,43.0,2.00,8.20,289,1135.5,0.991
RD_onset0.7_m0.04/moderate_below,120,40,250,6,28.98,29.17,25.29,3.58,28.84,29.29,61.68,65.64,5.37,70.23,73.60,84.61,1177,1218.6,44.0,66.7,39.8,1.15,3.77,420,1537.4,0.981
RD_onset0.7_m0.04/heavy_selective,20,336,2100,0,14.63,14.75,11.65,9.50,11.64,13.60,15.59,15.79,12.02,15.49,19.02,41.10,1004,249.2,75.1,79.7,71.9,8.24,11.47,0,0.0,0.435
RD_onset0.7_m0.04/heavy_selective,30,218,1363,0,17.09,17.21,14.97,13.44,14.89,16.69,21.27,21.40,18.33,21.26,24.29,48.99,1061,372.9,70.7,74.2,66.7,4.92,6.61,0,0.0,0.529
RD_onset0.7_m0.04/heavy_selective,40,249,1556,34,19.06,19.37,15.67,5.09,17.09,18.87,23.46,24.57,6.25,25.60,29.25,73.82,1514,645.7,67.9,73.5,61.3,6.77,14.90,4,7.3,0.804
RD_onset0.7_m0.04/heavy_selective,50,185,1156,30,20.94,21.23,17.42,6.68,19.39,20.87,28.12,29.72,7.49,31.42,34.79,80.20,1526,789.4,64.6,74.3,56.8,5.35,12.38,16,37.9,0.884
RD_onset0.7_m0.04/heavy_selective,60,133,831,17,22.52,22.84,19.42,5.21,21.36,22.59,34.01,35.71,6.88,37.39,40.61,83.24,1473,898.7,59.0,70.3,53.0,3.78,9.47,57,164.6,0.928
RD_onset0.7_m0.04/heavy_selective,80,108,675,44,25.28,25.57,16.93,4.71,23.93,25.42,32.78,38.90,6.70,47.12,51.72,80.20,1372,979.0,59.4,78.4,47.2,3.90,11.97,137,373.5,0.899
RD_onset0.7_m0.04/heavy_selective,100,67,419,21,27.49,27.62,20.31,4.39,26.72,27.63,44.66,51.02,6.19,58.78,63.43,85.62,1316,1150.2,51.8,71.1,42.8,2.89,8.04,261,738.3,0.977
RD_onset0.7_m0.04/heavy_selective,120,37,231,4,29.15,29.30,26.83,16.13,28.89,29.43,66.06,68.18,36.68,71.05,74.75,84.42,1157,1214.4,42.0,41.8,39.6,0.63,0.51,412,1115.4,0.981
RD_onset0.7_m0.08/unthinned,20,336,2100,0,14.63,14.75,11.65,9.50,11.64,13.60,15.59,15.79,12.02,15.49,19.02,41.10,1004,249.2,75.1,79.7,71.9,8.24,11.47,0,0.0,0.435
RD_onset0.7_m0.08/unthinned,30,336,2100,0,17.05,17.21,14.48,12.59,14.48,16.20,19.60,19.82,15.48,19.69,23.39,64.79,1447,481.5,74.5,81.8,67.3,8.20,11.30,0,0.0,0.696
RD_onset0.7_m0.08/unthinned,40,293,1831,15,18.62,19.35,16.44,15.03,17.00,18.48,22.94,23.47,18.15,23.74,27.74,79.23,1655,684.9,72.6,81.4,61.4,7.08,9.58,60,107.3,0.861
RD_onset0.7_m0.08/unthinned,50,215,1344,14,20.39,21.18,18.52,17.32,19.23,20.59,27.31,27.99,22.04,28.39,32.77,82.67,1611,802.8,69.4,77.8,56.8,5.10,7.08,147,336.4,0.908
RD_onset0.7_m0.08/unthinned,60,154,963,19,22.19,22.75,19.49,11.31,21.13,22.34,31.24,32.61,13.33,33.69,39.00,80.40,1475,856.5,64.4,72.7,53.5,4.16,5.09,232,633.3,0.892
RD_onset0.7_m0.08/unthinned,80,97,606,22,24.92,25.33,20.47,4.93,24.19,25.11,37.87,41.07,6.65,44.99,50.04,80.31,1345,973.6,58.3,76.2,48.6,3.42,11.17,343,1172.9,0.904
RD_onset0.7_m0.08/unthinned,100,67,419,16,27.18,27.41,22.44,4.45,26.62,27.37,47.15,51.13,5.82,56.32,60.98,85.99,1320,1141.3,51.6,66.7,44.1,2.62,8.33,438,1568.2,0.981
RD_onset0.7_m0.08/unthinned,120,48,300,12,28.90,29.01,22.58,3.58,28.53,29.07,52.74,59.25,5.37,67.01,70.93,82.72,1198,1184.5,48.7,66.7,40.7,2.48,9.54,542,1994.2,0.952
RD_onset0.7_m0.08/light_below,20,336,2100,0,14.63,14.75,11.65,9.50,11.64,13.60,15.59,15.79,12.02,15.49,19.02,41.10,1004,249.2,75.1,79.7,71.9,8.24,11.47,0,0.0,0.435
RD_onset0.7_m0.08/light_below,30,269,1681,0,17.05,17.21,14.98,13.75,14.84,16.57,20.87,20.97,18.30,20.53,23.75,58.07,1268,440.4,72.0,76.2,67.0,6.37,8.22,0,0.0,0.626
RD_onset0.7_m0.08/light_below,40,267,1669,23,18.74,19.37,16.38,15.94,17.23,18.81,23.77,24.48,21.33,24.80,28.47,78.57,1614,689.0,69.6,74.8,60.9,6.97,8.13,28,54.5,0.856
RD_onset0.7_m0.08/light_below,50,179,1119,12,20.29,21.20,18.73,18.42,19.57,20.85,29.36,30.11,27.63,30.25,34.18,79.68,1508,787.7,64.7,68.7,55.6,4.51,5.24,86,230.8,0.879
RD_onset0.7_m0.08/light_below,60,149,931,26,22.15,22.80,18.79,5.21,21.35,22.55,31.46,33.51,6.49,35.46,39.96,82.12,1490,883.8,62.4,75.1,52.5,4.80,14.03,154,476.3,0.912
RD_onset0.7_m0.08/light_below,80,92,575,23,24.97,25.40,20.07,4.43,24.28,25.27,38.40,42.14,6.19,46.48,51.24,80.19,1329,978.8,56.8,72.9,47.6,3.42,11.29,280,1023.0,0.904
RD_onset0.7_m0.08/light_below,100,70,438,22,27.23,27.46,20.65,4.12,26.66,27.49,44.49,50.24,5.93,57.54,61.98,86.72,1341,1156.3,51.9,67.8,43.3,2.68,8.92,381,1389.0,0.988
RD_onset0.7_m0.08/light_below,120,39,244,5,28.92,29.05,26.03,3.61,28.74,29.20,63.01,66.05,5.42,68.94,72.38,83.51,1159,1196.9,43.7,42.9,40.1,1.30,0.62,499,1803.0,0.968
RD_onset0.7_m0.08/moderate_below,20,336,2100,0,14.63,14.75,11.65,9.50,11.64,13.60,15.59,15.79,12.02,15.49,19.02,41.10,1004,249.2,75.1,79.7,71.9,8.24,11.47,0,0.0,0.435
RD_onset0.7_m0.08/moderate_below,30,235,1469,0,17.05,17.21,15.17,14.06,15.01,16.65,21.40,21.49,19.11,21.22,23.95,53.26,1152,408.1,71.1,74.8,66.8,5.60,7.16,0,0.0,0.575
RD_onset0.7_m0.08/moderate_below,40,252,1575,26,18.72,19.37,16.27,6.35,17.33,18.86,24.05,24.88,8.68,25.41,28.80,76.58,1563,674.7,68.4,72.7,60.4,6.78,7.81,12,22.9,0.835
RD_onset0.7_m0.08/moderate_below,50,173,1081,14,20.34,21.21,18.70,18.67,19.77,20.87,29.98,30.86,29.26,31.23,34.70,80.86,1516,804.4,63.5,66.7,55.3,4.49,5.08,35,97.3,0.894
RD_onset0.7_m0.08/moderate_below,60,121,756,12,22.17,22.83,20.10,20.30,21.69,22.65,35.06,36.41,35.31,37.31,40.58,78.75,1383,858.0,58.8,62.2,52.2,3.44,3.66,83,251.8,0.879
RD_onset0.7_m0.08/moderate_below,80,90,563,24,24.94,25.48,19.60,4.71,24.47,25.45,38.61,43.03,6.33,48.56,51.65,81.81,1345,1007.5,56.0,76.7,47.0,3.49,9.77,173,701.3,0.923
RD_onset0.7_m0.08/moderate_below,100,52,325,5,27.20,27.59,24.90,26.24,27.03,27.64,55.98,58.33,58.21,60.45,63.48,86.84,1266,1176.5,46.5,46.6,42.7,1.24,1.12,298,1064.0,0.999
RD_onset0.7_m0.08/moderate_below,120,41,256,7,28.94,29.21,24.80,3.95,28.84,29.34,60.83,65.39,5.70,70.51,73.61,86.06,1199,1240.2,44.4,66.7,39.6,1.68,5.15,434,1440.6,0.997
RD_onset0.7_m0.08/heavy_selective,20,336,2100,0,14.63,14.75,11.65,9.50,11.64,13.60,15.59,15.79,12.02,15.49,19.02,41.10,1004,249.2,75.1,79.7,71.9,8.24,11.47,0,0.0,0.435
RD_onset0.7_m0.08/heavy_selective,30,218,1363,0,17.09,17.21,14.97,13.44,14.89,16.69,21.27,21.40,18.33,21.26,24.29,48.99,1061,372.9,70.7,74.2,66.7,4.92,6.61,0,0.0,0.529
RD_onset0.7_m0.08/heavy_selective,40,245,1531,32,19.06,19.37,15.75,5.50,17.09,18.87,23.58,24.66,6.47,25.60,29.25,73.11,1498,639.9,67.8,72.9,61.3,6.61,13.80,8,12.9,0.797
RD_onset0.7_m0.08/heavy_selective,50,179,1119,29,20.92,21.20,17.44,6.68,19.44,20.87,28.22,29.82,7.52,31.56,34.79,78.15,1485,769.6,64.3,74.3,56.7,5.12,12.21,24,52.3,0.862
RD_onset0.7_m0.08/heavy_selective,60,124,775,16,22.45,22.80,19.41,5.22,21.40,22.59,34.20,35.93,6.87,37.54,40.76,78.56,1387,848.6,58.7,69.6,52.7,3.45,9.53,69,208.1,0.877
RD_onset0.7_m0.08/heavy_selective,80,91,569,26,25.22,25.46,19.06,4.35,24.28,25.45,37.62,42.39,5.95,48.65,51.97,80.27,1327,984.7,56.2,74.0,47.4,3.46,10.37,157,645.9,0.905
RD_onset0.7_m0.08/heavy_selective,100,57,356,10,27.46,27.55,23.36,3.98,26.80,27.63,52.13,55.74,5.71,59.93,64.12,86.92,1290,1169.0,47.9,66.7,43.0,1.90,6.07,293,989.9,0.997
RD_onset0.7_m0.08/heavy_selective,120,40,250,7,29.16,29.19,25.47,3.76,28.73,29.34,62.18,65.65,5.63,70.19,74.06,84.62,1177,1209.9,43.6,48.0,39.8,1.22,0.81,421,1387.0,0.981
