run,age,trees,stems_ha,recruits,top_height_m,dominant_height_m,mean_height_m,h_p10,h_p50,h_p90,mean_dbh_cm,dq_cm,dbh_p10,dbh_p50,dbh_p90,basal_area_m2_ha,sdi_ha,volume_m3_ha,hd_mean,hd_p90,hd_top,ci_mean,ci_p90,cumulative_deaths,cumulative_deadwood_m3_ha,relative_density_comeau,hd_dominant_fifth,hd_suppressed_fifth,deadwood_records
start,20,336,2100,0,14.63,14.75,11.65,9.50,11.64,13.60,15.59,15.79,12.02,15.49,19.02,41.10,1004,249.2,75.1,79.7,71.9,8.24,11.47,0,0.0,0.435,72.2,78.9,0
growthModel1/unthinned,20,336,2100,0,14.63,14.75,11.65,9.50,11.64,13.60,15.59,15.79,12.02,15.49,19.02,41.10,1004,249.2,75.1,79.7,71.9,8.24,11.47,0,0.0,0.435,72.2,78.9,0
growthModel1/unthinned,30,334,2088,0,20.92,21.18,16.73,13.64,16.76,19.53,19.62,19.83,15.48,19.71,23.39,64.50,1440,559.8,85.6,90.3,82.6,8.14,11.20,2,2.2,0.693,83.4,88.1,2
growthModel1/unthinned,40,273,1706,10,24.14,25.75,19.98,16.01,20.49,23.83,23.34,23.79,18.25,23.98,28.00,75.87,1576,803.1,85.5,92.2,78.7,6.23,8.33,80,158.7,0.825,83.7,84.8,80
growthModel1/unthinned,50,193,1206,7,26.44,28.71,22.72,18.68,23.18,26.72,28.38,28.84,23.37,28.88,33.56,78.81,1517,939.6,80.0,87.3,72.7,4.13,5.11,171,444.9,0.867,77.4,78.8,171
growthModel1/unthinned,60,144,900,10,28.25,30.46,23.93,19.72,24.94,28.74,33.16,34.04,28.48,34.31,38.99,81.92,1477,1052.9,71.8,78.9,67.6,3.26,3.76,249,738.9,0.911,70.3,68.6,249
growthModel1/unthinned,80,86,538,8,30.11,32.15,25.51,20.58,27.25,31.47,43.94,45.38,37.30,46.11,51.21,86.94,1400,1204.0,58.4,65.7,57.0,1.99,1.74,385,1317.6,0.984,57.4,57.8,385
growthModel1/unthinned,100,55,344,7,30.92,32.52,26.07,14.73,28.15,32.48,54.27,56.56,46.51,58.63,62.34,86.36,1274,1241.3,49.4,54.6,49.0,1.42,0.72,496,1850.6,0.992,49.9,52.7,496
growthModel1/unthinned,120,41,256,7,31.05,32.08,25.15,3.58,28.42,33.91,60.32,64.53,5.37,69.09,72.38,83.81,1174,1218.8,45.0,66.7,43.0,1.44,7.06,609,2286.8,0.970,43.4,57.7,609
growthModel1/light_below,20,336,2100,0,14.63,14.75,11.65,9.50,11.64,13.60,15.59,15.79,12.02,15.49,19.02,41.10,1004,249.2,75.1,79.7,71.9,8.24,11.47,0,0.0,0.435,72.2,78.9,0
growthModel1/light_below,30,269,1681,0,20.92,21.18,17.53,15.52,17.32,20.14,20.87,20.97,18.30,20.53,23.75,58.07,1268,518.3,84.1,88.5,82.3,6.37,8.22,0,0.0,0.626,82.7,85.7,0
growthModel1/light_below,40,253,1581,20,24.14,25.75,20.08,18.22,20.79,24.27,23.90,24.57,21.94,24.80,28.42,74.97,1538,811.4,83.5,90.3,78.3,6.35,7.27,43,101.0,0.817,82.7,81.1,43
growthModel1/light_below,50,173,1081,11,26.28,28.86,23.16,21.00,23.89,27.88,29.53,30.27,27.96,30.32,34.12,77.79,1469,958.7,78.1,86.1,71.7,4.24,4.83,95,293.1,0.859,75.1,76.4,95
growthModel1/light_below,60,135,844,8,28.04,30.84,24.98,22.50,25.69,30.05,34.95,35.74,33.20,35.82,39.85,84.66,1498,1117.9,71.5,78.8,66.5,3.21,3.42,174,545.6,0.944,67.8,72.4,174
growthModel1/light_below,80,84,525,10,29.93,32.52,25.38,4.04,27.28,32.42,43.61,45.88,5.94,47.50,51.69,86.81,1391,1235.7,59.1,66.7,56.2,2.47,3.49,316,1167.0,0.984,56.2,63.0,316
growthModel1/light_below,100,50,313,3,31.20,33.13,28.10,24.93,28.49,33.73,57.53,59.08,56.74,60.58,63.60,85.67,1243,1277.2,49.8,56.0,48.9,1.01,0.72,448,1688.3,0.986,48.6,52.9,448
growthModel1/light_below,120,38,238,4,31.25,33.23,27.84,7.61,29.00,34.36,64.59,67.44,18.27,70.68,72.81,84.83,1168,1298.5,44.8,48.9,42.9,0.85,0.43,562,2082.0,0.985,43.6,52.5,562
growthModel1/moderate_below,20,336,2100,0,14.63,14.75,11.65,9.50,11.64,13.60,15.59,15.79,12.02,15.49,19.02,41.10,1004,249.2,75.1,79.7,71.9,8.24,11.47,0,0.0,0.435,72.2,78.9,0
growthModel1/moderate_below,30,235,1469,0,20.92,21.18,17.85,16.04,17.59,20.26,21.40,21.49,19.11,21.22,23.95,53.26,1152,482.2,83.5,87.9,82.0,5.60,7.16,0,0.0,0.575,82.8,85.2,0
growthModel1/moderate_below,40,240,1500,26,24.37,25.75,19.89,5.57,21.13,24.69,23.96,24.83,7.24,25.51,28.75,72.64,1484,795.1,82.3,89.1,78.6,6.50,7.08,23,69.2,0.792,81.7,79.0,23
growthModel1/moderate_below,50,161,1006,12,26.28,28.89,23.43,21.60,24.63,28.07,30.21,31.05,29.58,31.38,34.55,76.21,1425,955.1,77.3,84.4,71.3,4.04,4.47,55,177.5,0.843,74.3,76.0,55
growthModel1/moderate_below,60,122,763,18,28.28,31.05,23.79,4.13,26.53,30.30,33.66,35.65,6.20,37.35,40.33,76.10,1347,1036.1,70.4,77.6,66.6,3.86,10.89,109,316.8,0.849,66.8,68.4,109
growthModel1/moderate_below,80,89,556,21,30.12,33.40,23.76,4.02,28.62,33.05,40.23,44.37,5.87,49.32,52.17,86.02,1397,1274.7,60.7,68.4,56.1,3.24,10.15,225,542.4,0.973,56.1,66.9,225
growthModel1/moderate_below,100,52,325,7,31.40,33.54,26.91,3.65,29.82,33.88,54.41,57.78,5.47,60.94,63.28,85.23,1247,1303.6,51.6,66.7,48.9,1.65,5.46,393,1072.8,0.980,49.5,61.4,393
growthModel1/moderate_below,120,39,244,6,31.67,33.34,27.01,3.61,30.23,34.58,61.81,66.25,5.41,71.16,72.96,84.02,1165,1310.8,46.9,66.7,43.2,1.54,6.32,520,1478.5,0.974,44.6,63.3,520
growthModel1/heavy_selective,20,336,2100,0,14.63,14.75,11.65,9.50,11.64,13.60,15.59,15.79,12.02,15.49,19.02,41.10,1004,249.2,75.1,79.7,71.9,8.24,11.47,0,0.0,0.435,72.2,78.9,0
growthModel1/heavy_selective,30,218,1363,0,20.98,21.18,17.53,15.02,17.39,20.34,21.27,21.40,18.33,21.26,24.29,48.99,1061,439.4,82.5,86.3,81.9,4.92,6.61,0,0.0,0.529,82.2,82.7,0
growthModel1/heavy_selective,40,244,1525,34,25.14,25.84,19.04,4.74,20.63,24.72,23.43,24.56,6.26,25.57,29.26,72.24,1482,783.1,80.3,86.5,80.8,6.61,14.73,10,25.0,0.787,81.7,74.7,10
growthModel1/heavy_selective,50,166,1038,22,28.16,28.91,21.74,5.82,23.51,27.93,28.81,30.20,7.43,31.46,34.93,74.33,1405,912.9,75.0,81.2,76.3,4.52,8.80,40,116.2,0.820,76.6,71.3,40
growthModel1/heavy_selective,60,117,731,12,29.82,31.05,24.09,4.69,25.67,30.30,35.05,36.48,6.63,37.62,41.08,76.44,1341,1018.0,68.5,74.5,69.9,2.99,3.28,92,210.7,0.854,70.4,65.2,92
growthModel1/heavy_selective,80,91,569,32,31.99,33.02,20.09,4.05,25.46,32.68,35.71,41.27,6.17,48.74,53.11,76.10,1272,1078.1,58.3,66.7,59.1,3.97,11.38,185,390.0,0.857,59.2,66.1,185
growthModel1/heavy_selective,100,51,319,6,32.77,33.77,26.79,11.58,28.58,34.37,56.10,58.70,35.29,61.73,64.76,86.27,1254,1284.6,49.2,57.4,50.6,1.53,0.89,352,704.7,0.993,50.4,53.2,352
growthModel1/heavy_selective,120,48,300,15,33.05,33.41,22.28,3.62,28.13,34.08,52.44,60.53,5.44,70.71,74.76,86.33,1240,1306.6,48.8,66.7,44.6,2.65,9.27,473,1081.0,0.995,44.5,66.8,473
repeat:growthModel1/unthinned,20,336,2100,0,14.63,14.75,11.65,9.50,11.64,13.60,15.59,15.79,12.02,15.49,19.02,41.10,1004,249.2,75.1,79.7,71.9,8.24,11.47,0,0.0,0.435,72.2,78.9,0
repeat:growthModel1/unthinned,30,334,2088,0,20.92,21.18,16.73,13.64,16.76,19.53,19.62,19.83,15.48,19.71,23.39,64.50,1440,559.8,85.6,90.3,82.6,8.14,11.20,2,2.2,0.693,83.4,88.1,2
repeat:growthModel1/unthinned,40,273,1706,10,24.14,25.75,19.98,16.01,20.49,23.83,23.34,23.79,18.25,23.98,28.00,75.87,1576,803.1,85.5,92.2,78.7,6.23,8.33,80,158.7,0.825,83.7,84.8,80
repeat:growthModel1/unthinned,50,193,1206,7,26.44,28.71,22.72,18.68,23.18,26.72,28.38,28.84,23.37,28.88,33.56,78.81,1517,939.6,80.0,87.3,72.7,4.13,5.11,171,444.9,0.867,77.4,78.8,171
repeat:growthModel1/unthinned,60,144,900,10,28.25,30.46,23.93,19.72,24.94,28.74,33.16,34.04,28.48,34.31,38.99,81.92,1477,1052.9,71.8,78.9,67.6,3.26,3.76,249,738.9,0.911,70.3,68.6,249
repeat:growthModel1/unthinned,80,86,538,8,30.11,32.15,25.51,20.58,27.25,31.47,43.94,45.38,37.30,46.11,51.21,86.94,1400,1204.0,58.4,65.7,57.0,1.99,1.74,385,1317.6,0.984,57.4,57.8,385
repeat:growthModel1/unthinned,100,55,344,7,30.92,32.52,26.07,14.73,28.15,32.48,54.27,56.56,46.51,58.63,62.34,86.36,1274,1241.3,49.4,54.6,49.0,1.42,0.72,496,1850.6,0.992,49.9,52.7,496
repeat:growthModel1/unthinned,120,41,256,7,31.05,32.08,25.15,3.58,28.42,33.91,60.32,64.53,5.37,69.09,72.38,83.81,1174,1218.8,45.0,66.7,43.0,1.44,7.06,609,2286.8,0.970,43.4,57.7,609
