run,age,trees,stems_ha,recruits,top_height_m,dominant_height_m,mean_height_m,h_p10,h_p50,h_p90,mean_dbh_cm,dq_cm,dbh_p10,dbh_p50,dbh_p90,basal_area_m2_ha,sdi_ha,volume_m3_ha,hd_mean,hd_p90,hd_top,ci_mean,ci_p90,cumulative_deaths,cumulative_deadwood_m3_ha
start,20,336,2100,0,14.63,14.75,11.65,9.50,11.64,13.60,15.59,15.79,12.02,15.49,19.02,41.10,1004,249.2,75.1,79.7,71.9,8.24,11.47,0,0.0
E_none/unthinned,20,336,2100,0,14.63,14.75,11.65,9.50,11.64,13.60,15.59,15.79,12.02,15.49,19.02,41.10,1004,249.2,75.1,79.7,71.9,8.24,11.47,0,0.0
E_none/unthinned,30,336,2100,0,17.05,17.21,14.48,12.59,14.48,16.20,19.60,19.82,15.48,19.69,23.39,64.79,1447,481.5,74.5,81.8,67.3,8.20,11.30,0,0.0
E_none/unthinned,40,353,2206,17,18.62,19.37,16.40,14.89,16.91,18.46,22.65,23.17,17.89,23.29,27.52,93.05,1953,801.8,73.5,82.7,60.8,8.60,11.64,0,0.0
E_none/unthinned,50,361,2256,25,20.36,21.26,18.36,17.16,19.08,20.46,25.85,26.56,20.40,26.82,31.69,125.00,2486,1208.1,72.8,83.3,56.6,9.02,12.14,0,0.0
E_none/unthinned,60,363,2269,27,22.11,22.93,20.30,19.27,21.01,22.22,29.21,29.98,23.18,30.21,35.52,160.12,3036,1696.2,72.1,83.1,53.8,9.07,12.21,0,0.0
E_none/unthinned,80,367,2294,31,25.01,25.68,23.48,22.71,24.19,25.13,35.46,36.37,27.76,36.67,42.90,238.34,4187,2892.0,69.5,80.3,49.7,9.17,11.92,0,0.0
E_none/unthinned,100,368,2300,32,27.21,27.81,26.06,25.50,26.64,27.38,41.43,42.39,33.09,42.57,49.86,324.55,5367,4327.4,66.3,75.8,46.5,9.10,11.74,0,0.0
E_none/unthinned,120,368,2300,32,28.99,29.45,28.10,27.67,28.55,29.12,47.05,48.00,38.24,48.09,55.91,416.15,6552,5937.2,62.8,71.5,44.1,8.97,11.67,0,0.0
E_none/light_below,20,336,2100,0,14.63,14.75,11.65,9.50,11.64,13.60,15.59,15.79,12.02,15.49,19.02,41.10,1004,249.2,75.1,79.7,71.9,8.24,11.47,0,0.0
E_none/light_below,30,269,1681,0,17.05,17.21,14.98,13.75,14.84,16.57,20.87,20.97,18.30,20.53,23.75,58.07,1268,440.4,72.0,76.2,67.0,6.37,8.22,0,0.0
E_none/light_below,40,295,1844,26,18.62,19.37,16.30,15.85,17.10,18.67,23.55,24.27,21.24,24.59,28.30,85.32,1759,745.5,70.0,75.2,60.5,7.56,8.74,0,0.0
E_none/light_below,50,258,1613,22,20.29,21.26,18.43,18.27,19.47,20.82,28.12,29.01,26.71,29.25,32.99,106.55,2047,1049.0,67.0,70.5,55.8,6.74,7.07,0,0.0
E_none/light_below,60,278,1738,42,22.04,22.93,19.39,8.08,21.28,22.44,30.34,31.93,8.14,33.16,37.46,139.13,2573,1493.4,68.0,90.3,53.0,8.10,17.26,0,0.0
E_none/light_below,80,287,1794,51,24.96,25.68,22.51,13.49,24.38,25.29,36.73,38.70,12.07,40.75,45.84,211.03,3617,2579.6,68.6,114.5,48.8,8.32,18.51,0,0.0
E_none/light_below,100,289,1806,53,27.20,27.81,25.24,18.36,26.80,27.51,43.14,45.19,16.37,47.41,53.34,289.74,4672,3878.3,66.0,111.5,45.7,8.01,15.95,0,0.0
E_none/light_below,120,289,1806,53,28.96,29.45,27.47,22.15,28.67,29.21,49.28,51.26,21.02,53.48,59.97,372.71,5718,5326.5,62.3,103.8,43.3,7.64,14.07,0,0.0
E_none/moderate_below,20,336,2100,0,14.63,14.75,11.65,9.50,11.64,13.60,15.59,15.79,12.02,15.49,19.02,41.10,1004,249.2,75.1,79.7,71.9,8.24,11.47,0,0.0
E_none/moderate_below,30,235,1469,0,17.05,17.21,15.17,14.06,15.01,16.65,21.40,21.49,19.11,21.22,23.95,53.26,1152,408.1,71.1,74.8,66.8,5.60,7.16,0,0.0
E_none/moderate_below,40,264,1650,29,18.72,19.37,16.17,6.05,17.29,18.81,23.87,24.75,7.74,25.32,28.77,79.36,1623,698.3,68.6,73.2,60.4,6.62,7.86,0,0.0
E_none/moderate_below,50,205,1281,20,20.35,21.26,18.47,18.27,19.74,20.87,29.27,30.28,28.81,30.93,34.22,92.29,1743,917.2,64.6,67.6,55.4,5.45,5.68,0,0.0
E_none/moderate_below,60,173,1081,11,22.13,22.93,20.71,20.77,21.71,22.65,34.98,35.86,34.29,36.06,39.65,109.20,1929,1189.6,60.5,62.9,52.4,4.78,4.82,0,0.0
E_none/moderate_below,80,173,1081,36,24.96,25.68,20.82,5.55,24.65,25.47,38.52,41.94,6.35,45.54,49.48,149.36,2480,1847.8,59.7,85.3,47.7,6.71,22.45,0,0.0
E_none/moderate_below,100,203,1269,66,27.19,27.81,21.81,9.90,26.85,27.60,40.70,46.02,8.63,53.43,58.33,211.04,3378,2838.0,68.4,114.7,44.4,8.50,21.80,0,0.0
E_none/moderate_below,120,208,1300,71,28.91,29.45,24.40,15.24,28.69,29.29,46.49,51.93,12.48,60.49,66.06,275.32,4202,3933.0,67.8,117.3,41.8,7.67,18.18,0,0.0
E_none/heavy_selective,20,336,2100,0,14.63,14.75,11.65,9.50,11.64,13.60,15.59,15.79,12.02,15.49,19.02,41.10,1004,249.2,75.1,79.7,71.9,8.24,11.47,0,0.0
E_none/heavy_selective,30,218,1363,0,17.09,17.21,14.97,13.44,14.89,16.69,21.27,21.40,18.33,21.26,24.29,48.99,1061,372.9,70.7,74.2,66.7,4.92,6.61,0,0.0
E_none/heavy_selective,40,253,1581,35,19.06,19.37,15.64,5.12,17.07,18.86,23.40,24.53,6.39,25.57,29.21,74.72,1534,653.1,67.9,73.5,61.3,6.31,8.58,0,0.0
E_none/heavy_selective,50,198,1238,41,20.93,21.23,16.86,6.63,19.27,20.85,27.07,29.00,7.42,31.26,34.74,81.75,1571,802.4,65.7,85.5,56.7,5.98,13.47,0,0.0
E_none/heavy_selective,60,168,1050,28,22.50,22.91,18.74,4.84,21.24,22.59,32.41,34.55,6.24,36.71,40.44,98.46,1765,1061.1,60.4,73.6,53.0,4.96,12.33,0,0.0
E_none/heavy_selective,80,156,975,31,25.21,25.65,20.85,5.52,24.33,25.42,39.72,43.03,6.60,46.48,50.65,141.79,2331,1742.3,57.4,79.2,47.5,5.21,15.85,0,0.0
E_none/heavy_selective,100,182,1138,57,27.44,27.79,21.83,9.76,26.68,27.58,42.40,47.53,9.19,54.82,59.23,201.81,3190,2698.4,63.7,104.5,44.1,6.90,17.66,0,0.0
E_none/heavy_selective,120,186,1163,61,29.11,29.43,24.45,15.08,28.56,29.27,48.73,53.83,13.73,62.47,67.37,264.58,3981,3759.9,62.5,107.3,41.5,6.21,14.93,0,0.0
A_suppression/unthinned,20,336,2100,0,14.63,14.75,11.65,9.50,11.64,13.60,15.59,15.79,12.02,15.49,19.02,41.10,1004,249.2,75.1,79.7,71.9,8.24,11.47,0,0.0
A_suppression/unthinned,30,313,1956,0,17.05,17.21,14.55,12.66,14.53,16.33,19.86,20.06,15.90,19.85,23.62,61.80,1373,460.6,73.9,80.3,67.2,7.41,9.99,23,18.0
A_suppression/unthinned,40,311,1944,15,18.63,19.37,16.49,15.17,16.99,18.48,23.24,23.74,18.70,24.02,27.96,86.07,1789,744.1,71.9,79.7,60.8,7.40,9.49,42,45.6
A_suppression/unthinned,50,302,1888,17,20.33,21.26,18.62,17.56,19.16,20.48,27.11,27.70,22.20,27.93,32.28,113.71,2225,1103.1,70.2,78.3,56.4,7.22,9.07,57,77.4
A_suppression/unthinned,60,304,1900,24,22.11,22.93,20.14,19.33,21.08,22.25,30.37,31.25,24.60,31.76,36.54,145.77,2719,1549.5,68.2,76.8,53.7,7.65,8.97,69,98.0
A_suppression/unthinned,80,280,1750,13,25.05,25.68,23.83,23.26,24.28,25.22,38.83,39.44,33.13,39.45,45.09,213.77,3637,2605.3,63.0,69.5,49.5,6.50,7.99,102,178.4
A_suppression/unthinned,100,268,1675,13,27.30,27.79,26.26,25.93,26.73,27.45,45.95,46.60,40.36,46.47,52.87,285.72,4551,3823.2,58.6,64.3,46.3,5.97,7.21,122,303.9
A_suppression/unthinned,120,257,1606,8,29.00,29.44,28.48,28.02,28.63,29.18,53.42,53.78,47.52,53.22,59.92,364.88,5493,5224.0,54.1,59.1,43.7,5.53,6.84,134,388.3
A_suppression/light_below,20,336,2100,0,14.63,14.75,11.65,9.50,11.64,13.60,15.59,15.79,12.02,15.49,19.02,41.10,1004,249.2,75.1,79.7,71.9,8.24,11.47,0,0.0
A_suppression/light_below,30,253,1581,0,17.05,17.21,15.01,13.79,14.87,16.63,21.05,21.16,18.60,20.72,23.87,55.58,1210,422.4,71.5,75.6,66.9,5.87,7.28,19,14.8
A_suppression/light_below,40,272,1700,23,18.76,19.37,16.38,15.94,17.18,18.71,23.99,24.69,22.12,24.93,28.53,81.37,1666,712.3,69.0,73.4,60.9,6.92,7.63,26,23.6
A_suppression/light_below,50,235,1469,17,20.25,21.26,18.63,18.42,19.52,20.83,28.96,29.74,27.55,30.00,33.48,102.03,1941,1006.5,65.4,68.7,55.6,5.80,6.50,31,23.8
A_suppression/light_below,60,254,1588,36,22.04,22.93,19.47,7.38,21.33,22.54,31.21,32.77,8.11,34.00,37.86,133.91,2451,1439.8,65.9,82.9,52.9,7.55,15.52,41,24.2
A_suppression/light_below,80,250,1563,33,24.96,25.68,22.80,13.48,24.45,25.39,39.00,40.66,13.52,42.09,46.82,202.89,3411,2487.7,63.0,82.1,48.6,6.93,12.14,69,36.4
A_suppression/light_below,100,242,1513,27,27.25,27.81,25.46,19.05,26.87,27.58,46.69,48.25,26.22,49.48,54.92,276.57,4345,3716.1,58.4,64.5,45.5,6.59,6.66,92,67.5
A_suppression/light_below,120,234,1463,21,28.98,29.45,27.74,28.24,28.73,29.27,54.15,55.41,52.30,56.15,62.09,352.69,5247,5060.4,54.5,54.5,43.1,5.81,6.30,106,113.8
A_suppression/moderate_below,20,336,2100,0,14.63,14.75,11.65,9.50,11.64,13.60,15.59,15.79,12.02,15.49,19.02,41.10,1004,249.2,75.1,79.7,71.9,8.24,11.47,0,0.0
A_suppression/moderate_below,30,223,1394,0,17.05,17.21,15.19,14.08,15.04,16.67,21.56,21.64,19.24,21.29,24.10,51.28,1106,393.5,70.6,74.2,66.7,5.21,6.50,17,12.5
A_suppression/moderate_below,40,245,1531,23,18.76,19.37,16.40,16.17,17.33,18.87,24.49,25.26,23.03,25.67,29.03,76.71,1556,676.1,67.7,71.5,60.5,6.30,6.98,21,14.6
A_suppression/moderate_below,50,193,1206,22,20.35,21.26,18.30,7.15,19.76,20.92,29.33,30.49,7.84,31.36,34.41,88.09,1659,876.3,64.4,67.0,55.3,5.26,5.63,22,14.6
A_suppression/moderate_below,60,161,1006,14,22.15,22.93,20.33,20.65,21.72,22.69,34.90,36.08,35.02,36.77,40.07,102.91,1814,1122.1,59.8,62.3,52.3,4.83,4.66,31,15.1
A_suppression/moderate_below,80,155,969,31,24.97,25.68,20.94,5.51,24.69,25.50,39.63,43.01,6.53,46.72,50.07,140.74,2314,1743.1,57.7,81.0,47.5,5.79,16.69,52,16.5
A_suppression/moderate_below,100,162,1013,38,27.18,27.81,23.17,10.45,27.01,27.66,45.95,49.98,10.62,55.17,59.13,198.62,3078,2679.2,59.0,96.1,44.0,5.67,14.98,78,20.1
A_suppression/moderate_below,120,158,988,34,28.91,29.45,25.66,15.79,28.84,29.34,54.01,57.70,17.20,62.79,67.48,258.24,3781,3706.5,54.7,89.4,41.5,5.06,9.83,99,25.2
A_suppression/heavy_selective,20,336,2100,0,14.63,14.75,11.65,9.50,11.64,13.60,15.59,15.79,12.02,15.49,19.02,41.10,1004,249.2,75.1,79.7,71.9,8.24,11.47,0,0.0
A_suppression/heavy_selective,30,208,1300,0,17.04,17.21,15.04,13.57,14.96,16.70,21.49,21.60,18.77,21.36,24.35,47.65,1028,363.7,70.2,73.6,66.2,4.63,5.89,16,11.3
A_suppression/heavy_selective,40,238,1488,30,19.08,19.37,15.85,5.51,17.17,18.87,23.96,25.00,6.62,25.83,29.26,73.01,1487,639.9,67.3,72.1,61.0,6.22,13.08,20,11.5
A_suppression/heavy_selective,50,185,1156,30,20.99,21.24,17.45,6.78,19.34,20.87,28.42,30.01,7.61,31.66,35.01,81.80,1550,804.4,64.2,81.4,56.8,5.20,14.51,23,11.6
A_suppression/heavy_selective,60,158,988,25,22.55,22.90,18.92,4.92,21.33,22.63,33.18,35.24,6.25,37.58,40.65,96.29,1713,1038.7,59.5,71.5,53.0,4.82,16.28,33,12.0
A_suppression/heavy_selective,80,132,825,23,25.39,25.62,21.39,6.03,24.47,25.42,41.78,44.71,7.16,48.20,51.38,129.51,2097,1593.2,55.5,75.2,47.7,4.47,12.61,43,12.9
A_suppression/heavy_selective,100,149,931,40,27.51,27.76,22.32,8.74,26.74,27.60,45.64,50.32,8.93,56.85,60.85,185.20,2862,2482.3,57.5,94.0,43.8,4.84,13.35,61,15.1
A_suppression/heavy_selective,120,142,888,33,29.16,29.41,25.69,15.50,28.67,29.29,55.29,58.99,17.27,64.89,69.03,242.58,3520,3461.2,53.8,91.0,41.1,3.83,8.59,70,18.1
B_low_growth/unthinned,20,336,2100,0,14.63,14.75,11.65,9.50,11.64,13.60,15.59,15.79,12.02,15.49,19.02,41.10,1004,249.2,75.1,79.7,71.9,8.24,11.47,0,0.0
B_low_growth/unthinned,30,336,2100,0,17.05,17.21,14.48,12.59,14.48,16.20,19.60,19.82,15.48,19.69,23.39,64.79,1447,481.5,74.5,81.8,67.3,8.20,11.30,0,0.0
B_low_growth/unthinned,40,352,2200,16,18.62,19.37,16.44,14.92,16.91,18.46,22.70,23.20,17.91,23.29,27.52,93.04,1952,801.7,73.5,82.7,60.8,8.55,11.64,1,0.0
B_low_growth/unthinned,50,358,2238,22,20.36,21.26,18.47,17.21,19.10,20.46,26.02,26.67,20.54,26.84,31.69,124.95,2482,1208.1,72.7,83.1,56.6,8.84,12.00,3,0.1
B_low_growth/unthinned,60,360,2250,24,22.11,22.93,20.39,19.33,21.01,22.23,29.39,30.10,23.29,30.24,35.58,160.08,3031,1696.3,71.8,82.8,53.8,8.91,12.14,3,0.1
B_low_growth/unthinned,80,364,2275,28,25.01,25.68,23.56,22.85,24.19,25.13,35.67,36.52,28.46,36.68,42.95,238.29,4180,2892.2,69.1,79.6,49.7,9.02,11.76,4,0.1
B_low_growth/unthinned,100,365,2281,29,27.21,27.81,26.13,25.58,26.66,27.38,41.67,42.56,33.91,42.75,49.86,324.48,5357,4327.6,65.8,75.5,46.5,9.02,11.67,4,0.1
B_low_growth/unthinned,120,364,2275,28,28.99,29.45,28.18,27.76,28.56,29.12,47.41,48.25,39.16,48.19,56.00,416.01,6536,5936.8,62.0,71.3,44.1,8.75,11.60,5,0.3
B_low_growth/light_below,20,336,2100,0,14.63,14.75,11.65,9.50,11.64,13.60,15.59,15.79,12.02,15.49,19.02,41.10,1004,249.2,75.1,79.7,71.9,8.24,11.47,0,0.0
B_low_growth/light_below,30,269,1681,0,17.05,17.21,14.98,13.75,14.84,16.57,20.87,20.97,18.30,20.53,23.75,58.07,1268,440.4,72.0,76.2,67.0,6.37,8.22,0,0.0
B_low_growth/light_below,40,294,1838,25,18.62,19.37,16.34,15.89,17.10,18.67,23.62,24.31,21.32,24.59,28.30,85.31,1757,745.5,70.0,75.2,60.5,7.63,8.75,2,0.0
B_low_growth/light_below,50,253,1581,18,20.29,21.26,18.62,18.41,19.48,20.82,28.47,29.24,26.92,29.49,33.01,106.20,2034,1046.3,66.6,70.2,55.8,6.41,6.95,6,0.1
B_low_growth/light_below,60,274,1713,39,22.04,22.93,19.50,8.08,21.31,22.44,30.59,32.12,8.14,33.25,37.54,138.73,2560,1489.9,67.7,89.9,53.0,7.94,17.26,13,0.3
B_low_growth/light_below,80,286,1788,51,24.96,25.68,22.38,13.39,24.38,25.29,36.66,38.72,11.91,40.79,45.84,210.45,3607,2573.9,68.1,106.1,48.8,8.49,19.12,17,0.5
B_low_growth/light_below,100,290,1813,55,27.20,27.81,25.01,18.01,26.78,27.51,42.80,45.04,15.52,47.47,53.34,288.83,4663,3867.8,66.5,114.7,45.6,8.44,17.15,18,0.5
B_low_growth/light_below,120,290,1813,55,28.96,29.45,27.27,21.88,28.66,29.21,48.87,51.07,20.03,53.46,59.95,371.33,5705,5308.8,63.3,106.5,43.2,8.06,14.88,19,0.6
B_low_growth/moderate_below,20,336,2100,0,14.63,14.75,11.65,9.50,11.64,13.60,15.59,15.79,12.02,15.49,19.02,41.10,1004,249.2,75.1,79.7,71.9,8.24,11.47,0,0.0
B_low_growth/moderate_below,30,235,1469,0,17.05,17.21,15.17,14.06,15.01,16.65,21.40,21.49,19.11,21.22,23.95,53.26,1152,408.1,71.1,74.8,66.8,5.60,7.16,0,0.0
B_low_growth/moderate_below,40,263,1644,28,18.72,19.37,16.22,6.34,17.31,18.81,23.94,24.79,8.39,25.38,28.77,79.34,1622,698.2,68.6,73.2,60.4,7.12,8.18,1,0.0
B_low_growth/moderate_below,50,201,1256,17,20.35,21.26,18.65,18.67,19.75,20.92,29.62,30.52,29.09,31.00,34.32,91.90,1730,913.8,64.3,67.2,55.4,5.21,5.61,4,0.1
B_low_growth/moderate_below,60,167,1044,10,22.13,22.93,20.78,20.77,21.72,22.69,35.23,36.06,34.55,36.26,39.91,106.62,1879,1162.5,60.1,62.9,52.4,4.44,4.54,11,0.3
B_low_growth/moderate_below,80,161,1006,25,24.96,25.68,21.84,5.97,24.73,25.50,40.79,43.41,7.07,45.84,49.69,148.93,2440,1844.5,57.6,79.2,47.6,5.17,16.99,17,0.4
B_low_growth/moderate_below,100,191,1194,55,27.21,27.81,22.27,9.52,26.90,27.64,42.54,47.38,8.83,53.93,58.42,210.44,3330,2833.7,64.3,107.7,44.4,7.19,18.81,20,0.5
B_low_growth/moderate_below,120,193,1206,57,28.90,29.45,25.00,15.28,28.74,29.31,49.08,53.82,13.80,61.41,66.16,274.40,4129,3925.7,63.2,110.2,41.8,6.30,14.61,20,0.5
B_low_growth/heavy_selective,20,336,2100,0,14.63,14.75,11.65,9.50,11.64,13.60,15.59,15.79,12.02,15.49,19.02,41.10,1004,249.2,75.1,79.7,71.9,8.24,11.47,0,0.0
B_low_growth/heavy_selective,30,218,1363,0,17.09,17.21,14.97,13.44,14.89,16.69,21.27,21.40,18.33,21.26,24.29,48.99,1061,372.9,70.7,74.2,66.7,4.92,6.61,0,0.0
B_low_growth/heavy_selective,40,251,1569,33,19.06,19.37,15.73,5.50,17.09,18.87,23.54,24.62,6.63,25.60,29.25,74.69,1531,653.0,67.9,73.7,61.3,6.78,14.90,2,0.1
B_low_growth/heavy_selective,50,195,1219,32,20.93,21.23,17.37,6.65,19.34,20.85,27.99,29.61,7.46,31.38,34.77,83.91,1599,824.9,64.7,78.4,56.9,5.51,13.50,7,0.2
B_low_growth/heavy_selective,60,167,1044,25,22.58,22.91,19.04,5.24,21.24,22.59,32.90,34.81,6.54,36.87,40.46,99.33,1775,1069.8,60.2,73.4,53.3,4.76,12.44,14,0.4
B_low_growth/heavy_selective,80,152,950,33,25.21,25.65,20.63,5.99,24.30,25.42,39.27,42.73,7.09,46.80,50.66,136.20,2245,1671.1,58.0,82.9,47.7,5.28,16.62,17,0.4
B_low_growth/heavy_selective,100,178,1113,59,27.36,27.79,21.66,9.53,26.62,27.59,42.09,47.28,9.16,54.71,59.84,195.30,3093,2604.3,63.2,102.5,44.1,6.27,15.91,19,0.5
B_low_growth/heavy_selective,120,181,1131,62,29.11,29.43,24.45,15.24,28.53,29.28,48.83,53.82,14.84,62.59,67.55,257.39,3873,3646.6,61.7,102.9,41.6,5.63,12.77,19,0.5
C_self_thinning/unthinned,20,336,2100,0,14.63,14.75,11.65,9.50,11.64,13.60,15.59,15.79,12.02,15.49,19.02,41.10,1004,249.2,75.1,79.7,71.9,8.24,11.47,0,0.0
C_self_thinning/unthinned,30,336,2100,0,17.05,17.21,14.48,12.59,14.48,16.20,19.60,19.82,15.48,19.69,23.39,64.79,1447,481.5,74.5,81.8,67.3,8.20,11.30,0,0.0
C_self_thinning/unthinned,40,304,1900,4,18.62,19.37,17.02,15.63,17.09,18.67,23.90,24.16,20.14,23.97,27.83,87.11,1799,757.5,71.7,78.3,60.8,7.06,8.80,49,43.6
C_self_thinning/unthinned,50,223,1394,5,20.33,21.26,19.25,18.18,19.46,20.85,29.00,29.30,25.70,29.06,32.76,93.95,1798,923.0,66.8,71.8,56.3,4.74,5.31,145,254.0
C_self_thinning/unthinned,60,171,1069,6,22.11,22.87,20.92,20.22,21.36,22.59,34.03,34.50,30.80,34.36,38.39,99.88,1792,1074.2,61.9,66.7,53.4,3.54,3.77,230,505.9
C_self_thinning/unthinned,80,109,681,5,25.13,25.59,23.89,23.43,24.51,25.50,44.98,45.61,42.12,45.62,49.90,111.32,1788,1368.4,53.6,56.3,48.5,2.10,2.03,360,1034.4
C_self_thinning/unthinned,100,76,475,2,27.31,27.63,26.83,26.13,26.90,27.60,57.08,57.18,53.57,56.79,60.30,121.97,1792,1641.3,47.1,48.9,44.3,0.99,1.19,430,1535.6
C_self_thinning/unthinned,120,59,369,3,29.09,29.26,28.23,28.10,28.72,29.29,66.20,66.75,64.20,66.79,70.66,129.04,1784,1852.4,43.1,43.9,41.1,0.79,0.87,484,2002.2
C_self_thinning/light_below,20,336,2100,0,14.63,14.75,11.65,9.50,11.64,13.60,15.59,15.79,12.02,15.49,19.02,41.10,1004,249.2,75.1,79.7,71.9,8.24,11.47,0,0.0
C_self_thinning/light_below,30,269,1681,0,17.05,17.21,14.98,13.75,14.84,16.57,20.87,20.97,18.30,20.53,23.75,58.07,1268,440.4,72.0,76.2,67.0,6.37,8.22,0,0.0
C_self_thinning/light_below,40,295,1844,26,18.62,19.37,16.30,15.85,17.10,18.67,23.55,24.27,21.24,24.59,28.30,85.32,1759,745.5,70.0,75.2,60.5,7.56,8.74,0,0.0
C_self_thinning/light_below,50,213,1331,6,20.29,21.26,19.23,18.57,19.54,20.87,29.76,30.15,27.47,29.84,33.38,95.06,1798,938.9,64.9,68.8,55.8,4.90,5.62,47,106.6
C_self_thinning/light_below,60,163,1019,4,22.08,22.88,21.11,20.54,21.41,22.59,35.14,35.54,32.66,35.28,39.25,101.06,1792,1090.6,60.4,64.3,52.9,3.47,3.60,131,354.6
C_self_thinning/light_below,80,109,681,7,24.98,25.56,23.35,23.75,24.46,25.45,44.65,45.78,43.43,46.11,50.34,112.12,1799,1379.4,53.1,55.4,47.8,2.51,2.03,244,880.2
C_self_thinning/light_below,100,77,481,4,27.27,27.65,25.95,26.32,26.85,27.67,55.74,56.75,54.86,57.02,61.35,121.74,1794,1639.7,47.3,48.6,43.8,1.50,1.26,325,1382.7
C_self_thinning/light_below,120,59,369,3,29.06,29.30,27.85,28.30,28.71,29.36,65.75,66.79,65.17,67.27,70.81,129.19,1785,1857.4,43.2,43.7,40.7,1.04,0.84,374,1833.7
C_self_thinning/moderate_below,20,336,2100,0,14.63,14.75,11.65,9.50,11.64,13.60,15.59,15.79,12.02,15.49,19.02,41.10,1004,249.2,75.1,79.7,71.9,8.24,11.47,0,0.0
C_self_thinning/moderate_below,30,235,1469,0,17.05,17.21,15.17,14.06,15.01,16.65,21.40,21.49,19.11,21.22,23.95,53.26,1152,408.1,71.1,74.8,66.8,5.60,7.16,0,0.0
C_self_thinning/moderate_below,40,264,1650,29,18.72,19.37,16.17,6.05,17.29,18.81,23.87,24.75,7.74,25.32,28.77,79.36,1623,698.3,68.6,73.2,60.4,6.62,7.86,0,0.0
C_self_thinning/moderate_below,50,205,1281,20,20.35,21.26,18.47,18.27,19.74,20.87,29.27,30.28,28.81,30.93,34.22,92.29,1743,917.2,64.6,67.6,55.4,5.45,5.68,0,0.0
C_self_thinning/moderate_below,60,137,856,13,22.15,22.90,20.23,20.30,21.74,22.69,34.87,36.13,35.19,36.86,40.25,87.78,1546,957.4,59.6,62.8,52.4,3.73,4.04,56,74.6
C_self_thinning/moderate_below,80,134,838,49,24.97,25.64,17.80,4.42,24.33,25.50,34.05,39.75,5.87,48.01,50.85,103.93,1763,1282.0,59.9,80.3,47.2,5.15,13.65,109,136.0
C_self_thinning/moderate_below,100,73,456,4,27.22,27.76,25.90,26.48,27.19,27.72,56.98,58.35,57.92,59.41,61.59,122.01,1778,1658.7,46.6,47.2,43.4,1.85,1.44,246,464.7
C_self_thinning/moderate_below,120,57,356,2,28.99,29.36,28.09,28.57,28.97,29.39,67.29,68.34,67.62,69.01,71.33,130.68,1789,1893.7,42.6,43.0,40.5,1.04,0.97,333,860.8
C_self_thinning/heavy_selective,20,336,2100,0,14.63,14.75,11.65,9.50,11.64,13.60,15.59,15.79,12.02,15.49,19.02,41.10,1004,249.2,75.1,79.7,71.9,8.24,11.47,0,0.0
C_self_thinning/heavy_selective,30,218,1363,0,17.09,17.21,14.97,13.44,14.89,16.69,21.27,21.40,18.33,21.26,24.29,48.99,1061,372.9,70.7,74.2,66.7,4.92,6.61,0,0.0
C_self_thinning/heavy_selective,40,253,1581,35,19.06,19.37,15.64,5.12,17.07,18.86,23.40,24.53,6.39,25.57,29.21,74.72,1534,653.1,67.9,73.5,61.3,6.31,8.58,0,0.0
C_self_thinning/heavy_selective,50,198,1238,41,20.93,21.23,16.86,6.63,19.27,20.85,27.07,29.00,7.42,31.26,34.74,81.75,1571,802.4,65.7,85.5,56.7,5.98,13.47,0,0.0
C_self_thinning/heavy_selective,60,160,1000,24,22.50,22.91,19.01,4.82,21.30,22.63,33.02,34.99,6.24,36.92,40.46,96.15,1715,1037.4,59.8,71.4,53.0,4.66,13.87,13,1.0
C_self_thinning/heavy_selective,80,132,825,53,25.21,25.62,16.97,4.85,23.96,25.40,32.49,38.56,6.40,46.87,51.11,96.33,1654,1177.4,60.3,80.7,47.3,5.28,13.89,91,165.3
C_self_thinning/heavy_selective,100,77,481,9,27.44,27.71,24.82,12.39,26.91,27.67,54.44,56.46,23.90,59.24,61.92,120.49,1779,1620.5,46.9,48.6,43.5,1.66,1.55,210,407.0
C_self_thinning/heavy_selective,120,60,375,7,29.19,29.28,26.77,17.54,28.72,29.31,63.98,65.87,39.94,68.70,71.36,127.81,1776,1825.6,43.1,43.7,40.5,1.23,1.13,303,834.6
D_suppression_plus_cap/unthinned,20,336,2100,0,14.63,14.75,11.65,9.50,11.64,13.60,15.59,15.79,12.02,15.49,19.02,41.10,1004,249.2,75.1,79.7,71.9,8.24,11.47,0,0.0
D_suppression_plus_cap/unthinned,30,313,1956,0,17.05,17.21,14.55,12.66,14.53,16.33,19.86,20.06,15.90,19.85,23.62,61.80,1373,460.6,73.9,80.3,67.2,7.41,9.99,23,18.0
D_suppression_plus_cap/unthinned,40,311,1944,15,18.63,19.37,16.49,15.17,16.99,18.48,23.24,23.74,18.70,24.02,27.96,86.07,1789,744.1,71.9,79.7,60.8,7.40,9.49,42,45.6
D_suppression_plus_cap/unthinned,50,289,1806,4,20.33,21.26,19.11,17.74,19.20,20.60,27.97,28.26,23.18,28.15,32.37,113.29,2199,1101.3,69.1,77.2,56.4,6.57,8.58,70,79.2
D_suppression_plus_cap/unthinned,60,219,1369,4,22.11,22.93,21.19,20.25,21.31,22.55,33.36,33.60,29.81,33.18,37.56,121.34,2200,1300.8,64.0,68.9,53.6,4.48,5.29,161,327.1
D_suppression_plus_cap/unthinned,80,143,894,5,25.05,25.60,23.97,23.41,24.45,25.41,43.23,43.76,39.74,43.71,48.61,134.39,2195,1647.7,55.9,59.5,48.9,2.94,2.84,279,922.6
D_suppression_plus_cap/unthinned,100,100,625,3,27.38,27.73,26.59,26.05,26.87,27.66,54.18,54.53,50.29,54.15,58.83,145.95,2185,1963.7,49.4,51.9,45.2,1.67,1.76,349,1523.9
D_suppression_plus_cap/unthinned,120,76,475,2,29.06,29.35,28.67,28.07,28.75,29.34,64.54,64.63,60.68,63.99,68.50,155.83,2181,2238.5,44.5,46.3,41.9,0.97,1.18,395,2075.6
D_suppression_plus_cap/light_below,20,336,2100,0,14.63,14.75,11.65,9.50,11.64,13.60,15.59,15.79,12.02,15.49,19.02,41.10,1004,249.2,75.1,79.7,71.9,8.24,11.47,0,0.0
D_suppression_plus_cap/light_below,30,253,1581,0,17.05,17.21,15.01,13.79,14.87,16.63,21.05,21.16,18.60,20.72,23.87,55.58,1210,422.4,71.5,75.6,66.9,5.87,7.28,19,14.8
D_suppression_plus_cap/light_below,40,272,1700,23,18.76,19.37,16.38,15.94,17.18,18.71,23.99,24.69,22.12,24.93,28.53,81.37,1666,712.3,69.0,73.4,60.9,6.92,7.63,26,23.6
D_suppression_plus_cap/light_below,50,235,1469,17,20.25,21.26,18.63,18.42,19.52,20.83,28.96,29.74,27.55,30.00,33.48,102.03,1941,1006.5,65.4,68.7,55.6,5.80,6.50,31,23.8
D_suppression_plus_cap/light_below,60,202,1263,2,22.04,22.93,21.39,20.67,21.44,22.58,35.09,35.30,32.46,34.74,38.53,123.58,2197,1335.0,61.2,65.0,52.8,4.44,5.31,96,127.1
D_suppression_plus_cap/light_below,80,136,850,5,24.96,25.61,23.91,23.84,24.51,25.45,44.45,45.10,42.30,44.95,49.44,135.80,2191,1671.2,54.3,57.1,48.2,2.91,2.83,222,717.7
D_suppression_plus_cap/light_below,100,97,606,3,27.28,27.73,26.42,26.43,26.90,27.67,55.01,55.58,53.12,55.28,59.66,147.08,2185,1983.2,48.5,50.4,44.5,1.77,1.83,317,1302.0
D_suppression_plus_cap/light_below,120,74,463,1,28.98,29.31,28.72,28.40,28.73,29.31,65.55,65.63,63.21,64.88,68.67,156.44,2177,2249.9,43.9,45.3,41.6,0.95,1.18,363,1844.5
D_suppression_plus_cap/moderate_below,20,336,2100,0,14.63,14.75,11.65,9.50,11.64,13.60,15.59,15.79,12.02,15.49,19.02,41.10,1004,249.2,75.1,79.7,71.9,8.24,11.47,0,0.0
D_suppression_plus_cap/moderate_below,30,223,1394,0,17.05,17.21,15.19,14.08,15.04,16.67,21.56,21.64,19.24,21.29,24.10,51.28,1106,393.5,70.6,74.2,66.7,5.21,6.50,17,12.5
D_suppression_plus_cap/moderate_below,40,245,1531,23,18.76,19.37,16.40,16.17,17.33,18.87,24.49,25.26,23.03,25.67,29.03,76.71,1556,676.1,67.7,71.5,60.5,6.30,6.98,21,14.6
D_suppression_plus_cap/moderate_below,50,193,1206,22,20.35,21.26,18.30,7.15,19.76,20.92,29.33,30.49,7.84,31.36,34.41,88.09,1659,876.3,64.4,67.0,55.3,5.26,5.63,22,14.6
D_suppression_plus_cap/moderate_below,60,161,1006,14,22.15,22.93,20.33,20.65,21.72,22.69,34.90,36.08,35.02,36.77,40.07,102.91,1814,1122.1,59.8,62.3,52.3,4.83,4.66,31,15.1
D_suppression_plus_cap/moderate_below,80,146,913,35,24.94,25.68,20.21,5.28,24.65,25.54,38.41,42.38,6.57,47.02,50.19,128.72,2129,1593.5,58.3,83.1,47.4,5.54,15.57,68,17.4
D_suppression_plus_cap/moderate_below,100,93,581,4,27.16,27.76,26.14,26.48,27.13,27.70,56.05,57.11,55.57,57.82,60.87,148.90,2189,2020.7,47.5,49.0,43.7,2.25,1.94,204,427.3
D_suppression_plus_cap/moderate_below,120,74,463,4,28.97,29.38,27.68,28.42,28.89,29.36,64.60,66.02,65.19,67.48,69.96,158.33,2198,2289.2,44.1,44.6,40.9,1.62,1.38,273,925.8
D_suppression_plus_cap/heavy_selective,20,336,2100,0,14.63,14.75,11.65,9.50,11.64,13.60,15.59,15.79,12.02,15.49,19.02,41.10,1004,249.2,75.1,79.7,71.9,8.24,11.47,0,0.0
D_suppression_plus_cap/heavy_selective,30,208,1300,0,17.04,17.21,15.04,13.57,14.96,16.70,21.49,21.60,18.77,21.36,24.35,47.65,1028,363.7,70.2,73.6,66.2,4.63,5.89,16,11.3
D_suppression_plus_cap/heavy_selective,40,238,1488,30,19.08,19.37,15.85,5.51,17.17,18.87,23.96,25.00,6.62,25.83,29.26,73.01,1487,639.9,67.3,72.1,61.0,6.22,13.08,20,11.5
D_suppression_plus_cap/heavy_selective,50,185,1156,30,20.99,21.24,17.45,6.78,19.34,20.87,28.42,30.01,7.61,31.66,35.01,81.80,1550,804.4,64.2,81.4,56.8,5.20,14.51,23,11.6
D_suppression_plus_cap/heavy_selective,60,158,988,25,22.55,22.90,18.92,4.92,21.33,22.63,33.18,35.24,6.25,37.58,40.65,96.29,1713,1038.7,59.5,71.5,53.0,4.82,16.28,33,12.0
D_suppression_plus_cap/heavy_selective,80,132,825,23,25.39,25.62,21.39,6.03,24.47,25.42,41.78,44.71,7.16,48.20,51.38,129.51,2097,1593.2,55.5,75.2,47.7,4.47,12.61,43,12.9
D_suppression_plus_cap/heavy_selective,100,91,569,5,27.51,27.72,25.91,26.24,27.02,27.67,56.62,57.75,55.97,58.72,62.05,149.00,2181,2011.5,46.6,47.7,43.7,2.25,1.77,144,438.7
D_suppression_plus_cap/heavy_selective,120,71,444,2,29.17,29.31,28.38,28.29,28.84,29.34,67.31,67.77,65.71,68.03,71.32,160.05,2199,2302.7,42.5,43.4,40.8,1.09,1.29,202,912.0
A_suppression_hazard0.05/unthinned,20,336,2100,0,14.63,14.75,11.65,9.50,11.64,13.60,15.59,15.79,12.02,15.49,19.02,41.10,1004,249.2,75.1,79.7,71.9,8.24,11.47,0,0.0
A_suppression_hazard0.05/unthinned,30,320,2000,0,17.05,17.21,14.54,12.63,14.52,16.35,19.80,20.01,15.84,19.84,23.54,62.87,1399,468.4,74.0,81.0,67.2,7.66,10.37,16,11.2
A_suppression_hazard0.05/unthinned,40,327,2044,15,18.64,19.37,16.50,15.17,16.96,18.59,23.09,23.59,18.39,23.77,27.88,89.29,1861,771.6,72.4,80.6,60.9,7.89,10.34,26,23.5
A_suppression_hazard0.05/unthinned,50,324,2025,20,20.33,21.26,18.51,17.45,19.10,20.59,26.62,27.25,21.52,27.37,32.07,118.14,2326,1144.8,71.1,80.0,56.4,7.89,10.12,35,48.1
A_suppression_hazard0.05/unthinned,60,324,2025,23,22.11,22.93,20.28,19.46,21.03,22.34,30.07,30.85,24.47,31.06,36.19,151.40,2838,1608.0,69.4,78.2,53.7,7.88,9.96,45,60.3
A_suppression_hazard0.05/unthinned,80,308,1925,20,25.05,25.68,23.71,23.13,24.25,25.23,37.51,38.25,31.06,38.38,44.32,221.15,3809,2691.0,65.6,73.9,49.6,7.30,9.17,65,134.6
A_suppression_hazard0.05/unthinned,100,296,1850,16,27.21,27.79,26.30,25.88,26.71,27.46,44.59,45.25,37.89,45.18,51.80,297.56,4795,3977.6,60.7,67.9,46.3,6.94,8.57,80,222.7
A_suppression_hazard0.05/unthinned,120,283,1769,12,28.99,29.44,28.40,28.00,28.61,29.20,51.56,52.03,45.19,51.55,58.49,376.12,5736,5379.8,56.2,62.2,43.8,6.28,7.97,93,344.1
A_suppression_hazard0.20/unthinned,20,336,2100,0,14.63,14.75,11.65,9.50,11.64,13.60,15.59,15.79,12.02,15.49,19.02,41.10,1004,249.2,75.1,79.7,71.9,8.24,11.47,0,0.0
A_suppression_hazard0.20/unthinned,30,301,1881,0,17.05,17.21,14.60,12.79,14.55,16.42,20.00,20.20,16.08,19.97,23.70,60.27,1336,450.2,73.5,79.8,67.1,7.06,9.19,35,27.1
A_suppression_hazard0.20/unthinned,40,292,1825,14,18.63,19.36,16.55,15.29,17.02,18.48,23.56,24.06,19.41,24.30,28.22,82.98,1716,719.2,71.1,78.5,60.7,6.86,8.66,61,64.4
A_suppression_hazard0.20/unthinned,50,280,1750,15,20.33,21.26,18.70,17.67,19.21,20.60,27.70,28.26,22.94,28.56,32.55,109.75,2130,1067.3,68.7,76.2,56.3,6.55,8.02,83,100.1
A_suppression_hazard0.20/unthinned,60,276,1725,15,22.11,22.93,20.52,19.79,21.13,22.35,31.68,32.33,26.69,32.61,37.06,141.57,2606,1509.0,66.1,73.0,53.5,6.52,7.74,97,118.1
A_suppression_hazard0.20/unthinned,80,256,1600,9,25.05,25.66,23.95,23.37,24.31,25.22,40.14,40.64,35.48,40.53,45.72,207.52,3489,2533.4,60.7,66.3,49.3,5.96,6.89,133,210.0
A_suppression_hazard0.20/unthinned,100,244,1525,7,27.28,27.78,26.52,26.05,26.76,27.45,47.87,48.26,42.96,47.82,53.40,279.01,4383,3738.7,56.1,60.7,46.1,5.40,6.31,156,319.9
A_suppression_hazard0.20/unthinned,120,236,1475,5,29.04,29.43,28.59,28.11,28.64,29.18,55.20,55.42,49.96,54.72,60.53,355.78,5292,5097.8,52.1,56.1,43.6,4.94,6.07,169,412.3
C_self_thinning_sdi1500/unthinned,20,336,2100,0,14.63,14.75,11.65,9.50,11.64,13.60,15.59,15.79,12.02,15.49,19.02,41.10,1004,249.2,75.1,79.7,71.9,8.24,11.47,0,0.0
C_self_thinning_sdi1500/unthinned,30,336,2100,0,17.05,17.21,14.48,12.59,14.48,16.20,19.60,19.82,15.48,19.69,23.39,64.79,1447,481.5,74.5,81.8,67.3,8.20,11.30,0,0.0
C_self_thinning_sdi1500/unthinned,40,238,1488,3,18.62,19.37,17.22,15.93,17.33,18.87,24.90,25.13,21.77,24.98,28.48,73.76,1500,647.6,69.5,74.1,60.7,5.18,6.06,116,140.6
C_self_thinning_sdi1500/unthinned,50,176,1100,7,20.33,21.21,19.02,18.05,19.47,20.87,29.78,30.25,26.88,30.39,33.76,79.05,1494,778.1,64.2,67.9,56.1,3.74,3.96,206,353.0
C_self_thinning_sdi1500/unthinned,60,134,838,8,22.11,22.85,20.59,19.99,21.39,22.65,35.11,35.86,32.55,36.23,39.74,84.58,1494,912.0,59.2,62.3,52.9,2.90,2.66,284,579.2
C_self_thinning_sdi1500/unthinned,80,83,519,3,25.21,25.53,24.21,23.41,24.65,25.50,47.97,48.33,44.62,48.71,51.75,95.18,1494,1170.7,50.7,52.9,47.5,1.30,1.37,406,1033.3
C_self_thinning_sdi1500/unthinned,100,62,388,5,27.37,27.60,25.40,25.93,26.83,27.63,56.39,58.01,55.53,59.81,62.26,102.42,1496,1379.4,46.4,46.6,43.4,1.34,0.89,494,1469.1
C_self_thinning_sdi1500/unthinned,120,49,306,5,29.11,29.26,26.71,24.58,28.71,29.37,64.80,67.19,60.41,69.77,72.04,108.58,1497,1560.6,43.3,42.3,40.1,1.05,0.60,561,1838.3
repeat:E_none/unthinned,20,336,2100,0,14.63,14.75,11.65,9.50,11.64,13.60,15.59,15.79,12.02,15.49,19.02,41.10,1004,249.2,75.1,79.7,71.9,8.24,11.47,0,0.0
repeat:E_none/unthinned,30,336,2100,0,17.05,17.21,14.48,12.59,14.48,16.20,19.60,19.82,15.48,19.69,23.39,64.79,1447,481.5,74.5,81.8,67.3,8.20,11.30,0,0.0
repeat:E_none/unthinned,40,353,2206,17,18.62,19.37,16.40,14.89,16.91,18.46,22.65,23.17,17.89,23.29,27.52,93.05,1953,801.8,73.5,82.7,60.8,8.60,11.64,0,0.0
repeat:E_none/unthinned,50,361,2256,25,20.36,21.26,18.36,17.16,19.08,20.46,25.85,26.56,20.40,26.82,31.69,125.00,2486,1208.1,72.8,83.3,56.6,9.02,12.14,0,0.0
repeat:E_none/unthinned,60,363,2269,27,22.11,22.93,20.30,19.27,21.01,22.22,29.21,29.98,23.18,30.21,35.52,160.12,3036,1696.2,72.1,83.1,53.8,9.07,12.21,0,0.0
repeat:E_none/unthinned,80,367,2294,31,25.01,25.68,23.48,22.71,24.19,25.13,35.46,36.37,27.76,36.67,42.90,238.34,4187,2892.0,69.5,80.3,49.7,9.17,11.92,0,0.0
repeat:E_none/unthinned,100,368,2300,32,27.21,27.81,26.06,25.50,26.64,27.38,41.43,42.39,33.09,42.57,49.86,324.55,5367,4327.4,66.3,75.8,46.5,9.10,11.74,0,0.0
repeat:E_none/unthinned,120,368,2300,32,28.99,29.45,28.10,27.67,28.55,29.12,47.05,48.00,38.24,48.09,55.91,416.15,6552,5937.2,62.8,71.5,44.1,8.97,11.67,0,0.0
repeat:A_suppression/unthinned,20,336,2100,0,14.63,14.75,11.65,9.50,11.64,13.60,15.59,15.79,12.02,15.49,19.02,41.10,1004,249.2,75.1,79.7,71.9,8.24,11.47,0,0.0
repeat:A_suppression/unthinned,30,313,1956,0,17.05,17.21,14.55,12.66,14.53,16.33,19.86,20.06,15.90,19.85,23.62,61.80,1373,460.6,73.9,80.3,67.2,7.41,9.99,23,18.0
repeat:A_suppression/unthinned,40,311,1944,15,18.63,19.37,16.49,15.17,16.99,18.48,23.24,23.74,18.70,24.02,27.96,86.07,1789,744.1,71.9,79.7,60.8,7.40,9.49,42,45.6
repeat:A_suppression/unthinned,50,302,1888,17,20.33,21.26,18.62,17.56,19.16,20.48,27.11,27.70,22.20,27.93,32.28,113.71,2225,1103.1,70.2,78.3,56.4,7.22,9.07,57,77.4
repeat:A_suppression/unthinned,60,304,1900,24,22.11,22.93,20.14,19.33,21.08,22.25,30.37,31.25,24.60,31.76,36.54,145.77,2719,1549.5,68.2,76.8,53.7,7.65,8.97,69,98.0
repeat:A_suppression/unthinned,80,280,1750,13,25.05,25.68,23.83,23.26,24.28,25.22,38.83,39.44,33.13,39.45,45.09,213.77,3637,2605.3,63.0,69.5,49.5,6.50,7.99,102,178.4
repeat:A_suppression/unthinned,100,268,1675,13,27.30,27.79,26.26,25.93,26.73,27.45,45.95,46.60,40.36,46.47,52.87,285.72,4551,3823.2,58.6,64.3,46.3,5.97,7.21,122,303.9
repeat:A_suppression/unthinned,120,257,1606,8,29.00,29.44,28.48,28.02,28.63,29.18,53.42,53.78,47.52,53.22,59.92,364.88,5493,5224.0,54.1,59.1,43.7,5.53,6.84,134,388.3
