context,treatment,crop_tree,dbh_cm,height_m,ci_before,ci_after,competitors_removed,growth_before_cm,growth_after_cm
Y0,T0,P0009,19.75,14.35,1.3496,1.3496,0,0.7894,0.7894
Y0,T0,P0018,21.12,15.52,1.7926,1.7926,0,0.7278,0.7278
Y0,T0,P0303,19.51,14.11,4.7794,4.7794,0,0.5138,0.5138
Y0,T0,P0311,19.72,14.80,2.9584,2.9584,0,0.6300,0.6300
Y0,T0,P0614,20.69,14.74,6.9031,6.9031,0,0.4171,0.4171
Y0,T0,P0707,20.70,15.15,8.1451,8.1451,0,0.3777,0.3777
Y0,T0,P0715,19.20,13.31,7.9625,7.9625,0,0.3888,0.3888
Y0,T0,P1003,18.35,13.37,8.4679,8.4679,0,0.3774,0.3774
Y0,T0,P1103,20.98,14.98,7.6183,7.6183,0,0.3923,0.3923
Y0,T0,P1109,17.34,13.26,5.1287,5.1287,0,0.5068,0.5068
Y0,T0,P1118,20.00,14.86,7.5527,7.5527,0,0.3983,0.3983
Y0,T0,P1515,18.57,13.92,9.0810,9.0810,0,0.3602,0.3602
Y0,T0,P1606,19.66,14.17,6.5316,6.5316,0,0.4351,0.4351
Y0,T0,P1614,21.02,14.55,7.7885,7.7885,0,0.3870,0.3870
Y0,T0,P2003,19.16,13.51,6.0321,6.0321,0,0.4570,0.4570
Y0,T0,P2018,19.52,14.60,5.3865,5.3865,0,0.4837,0.4837
Y0,T1,P0009,19.75,14.35,1.3496,0.8875,4,0.7894,0.8513
Y0,T1,P0018,21.12,15.52,1.7926,1.7186,1,0.7278,0.7359
Y0,T1,P0303,19.51,14.11,4.7794,4.4955,3,0.5138,0.5292
Y0,T1,P0311,19.72,14.80,2.9584,2.1622,7,0.6300,0.7001
Y0,T1,P0614,20.69,14.74,6.9031,5.8616,12,0.4171,0.4571
Y0,T1,P0707,20.70,15.15,8.1451,6.6712,16,0.3777,0.4254
Y0,T1,P0715,19.20,13.31,7.9625,6.5417,13,0.3888,0.4367
Y0,T1,P1003,18.35,13.37,8.4679,7.0254,11,0.3774,0.4226
Y0,T1,P1103,20.98,14.98,7.6183,6.4292,12,0.3923,0.4332
Y0,T1,P1109,17.34,13.26,5.1287,3.5336,11,0.5068,0.6015
Y0,T1,P1118,20.00,14.86,7.5527,6.6751,10,0.3983,0.4283
Y0,T1,P1515,18.57,13.92,9.0810,7.4592,14,0.3602,0.4071
Y0,T1,P1606,19.66,14.17,6.5316,5.2147,13,0.4351,0.4911
Y0,T1,P1614,21.02,14.55,7.7885,6.6668,12,0.3870,0.4242
Y0,T1,P2003,19.16,13.51,6.0321,5.2715,8,0.4570,0.4909
Y0,T1,P2018,19.52,14.60,5.3865,4.7036,7,0.4837,0.5177
Y0,T2,P0009,19.75,14.35,1.3496,0.7710,3,0.7894,0.8685
Y0,T2,P0018,21.12,15.52,1.7926,1.1477,2,0.7278,0.8042
Y0,T2,P0303,19.51,14.11,4.7794,3.7191,2,0.5138,0.5763
Y0,T2,P0311,19.72,14.80,2.9584,2.3787,2,0.6300,0.6795
Y0,T2,P0614,20.69,14.74,6.9031,5.3349,5,0.4171,0.4804
Y0,T2,P0707,20.70,15.15,8.1451,6.8036,3,0.3777,0.4206
Y0,T2,P0715,19.20,13.31,7.9625,6.3250,3,0.3888,0.4450
Y0,T2,P1003,18.35,13.37,8.4679,6.7404,4,0.3774,0.4329
Y0,T2,P1103,20.98,14.98,7.6183,6.0795,4,0.3923,0.4468
Y0,T2,P1109,17.34,13.26,5.1287,4.1801,2,0.5068,0.5591
Y0,T2,P1118,20.00,14.86,7.5527,6.4869,2,0.3983,0.4353
Y0,T2,P1515,18.57,13.92,9.0810,7.5480,3,0.3602,0.4042
Y0,T2,P1606,19.66,14.17,6.5316,5.5152,2,0.4351,0.4771
Y0,T2,P1614,21.02,14.55,7.7885,6.4175,3,0.3870,0.4334
Y0,T2,P2003,19.16,13.51,6.0321,4.7418,2,0.4570,0.5175
Y0,T2,P2018,19.52,14.60,5.3865,4.0764,2,0.4837,0.5535
Y0,T3,P0009,19.75,14.35,1.3496,0.3290,7,0.7894,0.9406
Y0,T3,P0018,21.12,15.52,1.7926,0.4426,6,0.7278,0.9084
Y0,T3,P0303,19.51,14.11,4.7794,2.5312,7,0.5138,0.6672
Y0,T3,P0311,19.72,14.80,2.9584,1.1311,10,0.6300,0.8178
Y0,T3,P0614,20.69,14.74,6.9031,3.1023,14,0.4171,0.6128
Y0,T3,P0707,20.70,15.15,8.1451,4.5906,15,0.3777,0.5177
Y0,T3,P0715,19.20,13.31,7.9625,4.1992,11,0.3888,0.5479
Y0,T3,P1003,18.35,13.37,8.4679,5.2275,9,0.3774,0.4969
Y0,T3,P1103,20.98,14.98,7.6183,4.8926,8,0.3923,0.5005
Y0,T3,P1109,17.34,13.26,5.1287,2.7960,8,0.5068,0.6584
Y0,T3,P1118,20.00,14.86,7.5527,5.0253,6,0.3983,0.4988
Y0,T3,P1515,18.57,13.92,9.0810,5.2510,11,0.3602,0.4948
Y0,T3,P1606,19.66,14.17,6.5316,4.0410,7,0.4351,0.5549
Y0,T3,P1614,21.02,14.55,7.7885,4.5792,10,0.3870,0.5166
Y0,T3,P2003,19.16,13.51,6.0321,3.2227,7,0.4570,0.6132
Y0,T3,P2018,19.52,14.60,5.3865,2.7092,7,0.4837,0.6517
Y0,T4,P0009,19.75,14.35,1.3496,0.9420,2,0.7894,0.8435
Y0,T4,P0018,21.12,15.52,1.7926,1.3948,1,0.7278,0.7731
Y0,T4,P0303,19.51,14.11,4.7794,4.1628,1,0.5138,0.5484
Y0,T4,P0311,19.72,14.80,2.9584,2.6543,1,0.6300,0.6551
Y0,T4,P0614,20.69,14.74,6.9031,5.6654,3,0.4171,0.4656
Y0,T4,P0707,20.70,15.15,8.1451,7.5018,1,0.3777,0.3971
Y0,T4,P0715,19.20,13.31,7.9625,6.9510,2,0.3888,0.4217
Y0,T4,P1003,18.35,13.37,8.4679,7.5270,2,0.3774,0.4057
Y0,T4,P1103,20.98,14.98,7.6183,6.6941,2,0.3923,0.4234
Y0,T4,P1109,17.34,13.26,5.1287,4.6443,1,0.5068,0.5322
Y0,T4,P1118,20.00,14.86,7.5527,6.9100,1,0.3983,0.4198
Y0,T4,P1515,18.57,13.92,9.0810,8.3944,1,0.3602,0.3786
Y0,T4,P1606,19.66,14.17,6.5316,5.9886,1,0.4351,0.4566
Y0,T4,P1614,21.02,14.55,7.7885,7.2441,1,0.3870,0.4042
Y0,T4,P2003,19.16,13.51,6.0321,5.3465,1,0.4570,0.4873
Y0,T4,P2018,19.52,14.60,5.3865,4.6777,1,0.4837,0.5191
Y0,T5,P0009,19.75,14.35,1.3496,0.9278,4,0.7894,0.8456
Y0,T5,P0018,21.12,15.52,1.7926,1.7926,0,0.7278,0.7278
Y0,T5,P0303,19.51,14.11,4.7794,2.8240,10,0.5138,0.6422
Y0,T5,P0311,19.72,14.80,2.9584,1.8506,9,0.6300,0.7319
Y0,T5,P0614,20.69,14.74,6.9031,6.9031,0,0.4171,0.4171
Y0,T5,P0707,20.70,15.15,8.1451,0.4736,43,0.3777,0.9071
Y0,T5,P0715,19.20,13.31,7.9625,7.9625,0,0.3888,0.3888
Y0,T5,P1003,18.35,13.37,8.4679,6.5571,12,0.3774,0.4398
Y0,T5,P1103,20.98,14.98,7.6183,6.5962,9,0.3923,0.4269
Y0,T5,P1109,17.34,13.26,5.1287,3.6130,10,0.5068,0.5959
Y0,T5,P1118,20.00,14.86,7.5527,7.5527,0,0.3983,0.3983
Y0,T5,P1515,18.57,13.92,9.0810,9.0810,0,0.3602,0.3602
Y0,T5,P1606,19.66,14.17,6.5316,6.5316,0,0.4351,0.4351
Y0,T5,P1614,21.02,14.55,7.7885,7.7885,0,0.3870,0.3870
Y0,T5,P2003,19.16,13.51,6.0321,6.0321,0,0.4570,0.4570
Y0,T5,P2018,19.52,14.60,5.3865,5.3865,0,0.4837,0.4837
Y10,T0,P0003,25.64,16.09,2.8677,2.8677,0,0.5996,0.5996
Y10,T0,P0009,27.39,16.86,1.3287,1.3287,0,0.7317,0.7317
Y10,T0,P0018,28.17,17.89,1.7739,1.7739,0,0.6778,0.6778
Y10,T0,P0311,25.85,17.25,2.9570,2.9570,0,0.5916,0.5916
Y10,T0,P0614,24.74,17.20,7.1955,7.1955,0,0.3906,0.3906
Y10,T0,P0700,22.92,16.04,4.4992,4.4992,0,0.5110,0.5110
Y10,T0,P0707,24.37,17.56,8.5174,8.5174,0,0.3537,0.3537
Y10,T0,P0715,22.99,15.94,8.2081,8.2081,0,0.3673,0.3673
Y10,T0,P1103,24.80,17.41,7.9171,7.9171,0,0.3685,0.3685
Y10,T0,P1109,22.31,15.90,5.0692,5.0692,0,0.4851,0.4851
Y10,T0,P1118,23.88,17.30,7.7652,7.7652,0,0.3765,0.3765
Y10,T0,P1515,22.09,16.48,9.2906,9.2906,0,0.3426,0.3426
Y10,T0,P1606,23.91,16.70,6.6482,6.6482,0,0.4125,0.4125
Y10,T0,P1614,24.79,17.03,8.0624,8.0624,0,0.3644,0.3644
Y10,T0,P2003,23.63,16.12,6.1057,6.1057,0,0.4339,0.4339
Y10,T0,P2018,24.25,17.08,5.4265,5.4265,0,0.4592,0.4592
Y10,T2,P0003,25.64,16.09,2.8677,1.8927,2,0.5996,0.6845
Y10,T2,P0009,27.39,16.86,1.3287,0.7351,3,0.7317,0.8074
Y10,T2,P0018,28.17,17.89,1.7739,1.1323,2,0.6778,0.7487
Y10,T2,P0311,25.85,17.25,2.9570,2.3654,2,0.5916,0.6392
Y10,T2,P0614,24.74,17.20,7.1955,5.5959,5,0.3906,0.4495
Y10,T2,P0700,22.92,16.04,4.4992,3.4219,2,0.5110,0.5764
Y10,T2,P0707,24.37,17.56,8.5174,7.1579,3,0.3537,0.3933
Y10,T2,P0715,22.99,15.94,8.2081,6.5632,3,0.3673,0.4195
Y10,T2,P1103,24.80,17.41,7.9171,6.8678,2,0.3685,0.4011
Y10,T2,P1109,22.31,15.90,5.0692,4.1329,2,0.4851,0.5348
Y10,T2,P1118,23.88,17.30,7.7652,6.6971,2,0.3765,0.4109
Y10,T2,P1515,22.09,16.48,9.2906,7.7590,3,0.3426,0.3837
Y10,T2,P1606,23.91,16.70,6.6482,5.6233,2,0.4125,0.4523
Y10,T2,P1614,24.79,17.03,8.0624,6.6764,3,0.3644,0.4077
Y10,T2,P2003,23.63,16.12,6.1057,4.8126,2,0.4339,0.4911
Y10,T2,P2018,24.25,17.08,5.4265,4.1190,2,0.4592,0.5250
Y10,T5,P0003,25.64,16.09,2.8677,2.8677,0,0.5996,0.5996
Y10,T5,P0009,27.39,16.86,1.3287,1.2327,1,0.7317,0.7429
Y10,T5,P0018,28.17,17.89,1.7739,1.4496,3,0.6778,0.7119
Y10,T5,P0311,25.85,17.25,2.9570,0.9013,13,0.5916,0.7977
Y10,T5,P0614,24.74,17.20,7.1955,0.3300,38,0.3906,0.8936
Y10,T5,P0700,22.92,16.04,4.4992,4.4992,0,0.5110,0.5110
Y10,T5,P0707,24.37,17.56,8.5174,7.8726,6,0.3537,0.3715
Y10,T5,P0715,22.99,15.94,8.2081,0.7947,35,0.3673,0.8371
Y10,T5,P1103,24.80,17.41,7.9171,7.9171,0,0.3685,0.3685
Y10,T5,P1109,22.31,15.90,5.0692,4.6403,3,0.4851,0.5067
Y10,T5,P1118,23.88,17.30,7.7652,6.7010,9,0.3765,0.4107
Y10,T5,P1515,22.09,16.48,9.2906,9.2906,0,0.3426,0.3426
Y10,T5,P1606,23.91,16.70,6.6482,6.6482,0,0.4125,0.4125
Y10,T5,P1614,24.79,17.03,8.0624,8.0624,0,0.3644,0.3644
Y10,T5,P2003,23.63,16.12,6.1057,6.1057,0,0.4339,0.4339
Y10,T5,P2018,24.25,17.08,5.4265,5.4265,0,0.4592,0.4592
