context,treatment,removed_n,removed_ba_m2ha,removed_vol_m3,retained_n,retained_ba_m2ha,retained_vol_m3,gross_revenue_eur,external_cost_eur,minimum_adjustment_eur,net_eur,retained_gross_value_eur,crop_n,crop_ci_before,crop_ci_after,crop_ci_change_pct,crop_growth_before_cm,crop_growth_after_cm,crop_growth_change_pct,stand_growth_change_pct,removals_near_no_crop,removals_low_effect,release_per_m2ba,cells_touched,max_removed_per_cell,clark_evans_R,mean_light_after,max_light_after,cells_light_ge_0_20,largest_opened_cluster_cells,light_cv_after,wind_peak_after,retained_high_wind,crop_mean_hd,seed_trees_retained,seed_trees_removed
Y0,T0,0,0.0000,0.0000,336,41.0994,39.8678,0.00,0.00,0.00,0.00,1702.21,16,6.0924,6.0924,0.00,0.4777,0.4777,0.00,0.00,0,0,0.0000,0,0,0.0000,0.0488,0.8379,4,0,3.0815,29.67,336,72.7,0,0
Y0,T1,84,6.2859,4.9045,252,34.8135,34.9633,153.05,2500.00,2408.34,-2346.95,1549.16,16,6.0924,5.0823,-16.58,0.4777,0.5220,9.29,12.20,6,77,2.5710,39,6,0.8297,0.0945,1.0000,10,3,2.1774,91.54,252,72.7,0,0
Y0,T2,30,4.8670,5.1868,306,36.2324,34.6810,250.24,2500.00,2403.06,-2249.76,1451.97,16,6.0924,4.8916,-19.71,0.4777,0.5334,11.67,6.72,0,0,3.9474,23,2,0.7635,0.0598,0.8379,5,3,2.7842,77.93,306,72.7,0,0
Y0,T3,87,13.0678,13.5206,249,28.0316,26.3472,628.73,2500.00,2247.30,-1871.27,1073.48,16,6.0924,3.3794,-44.53,0.4777,0.6249,30.82,20.52,0,26,3.3217,33,5,0.8395,0.0931,1.0000,8,12,2.0915,109.56,249,72.7,0,0
Y0,T4,15,2.5379,2.7445,321,38.5615,37.1234,134.46,2500.00,2448.71,-2365.54,1567.75,16,6.0924,5.4187,-11.06,0.4777,0.5082,6.40,3.30,0,0,4.2474,14,2,1.5899,0.0547,0.8379,5,2,2.9725,72.01,321,72.7,0,0
Y0,T5,48,5.5351,5.2197,288,35.5644,34.6481,215.76,2500.00,2402.44,-2284.24,1486.45,16,6.0924,5.1171,-16.01,0.4777,0.5403,13.11,4.05,0,39,2.8193,11,7,0.5793,0.1302,0.9684,11,9,2.0016,119.30,288,72.7,0,0
Y10,T0,0,0.0000,0.0000,336,64.7919,77.0341,0.00,0.00,0.00,0.00,4062.65,16,5.8520,5.8520,0.00,0.4666,0.4666,0.00,0.00,0,0,0.0000,0,0,0.0000,0.0938,1.0000,8,0,2.2341,48.99,336,68.8,336,0
Y10,T2,30,7.5276,9.5527,306,57.2642,67.4815,560.29,2500.00,2321.46,-1939.71,3502.36,16,5.8520,4.7220,-19.31,0.4666,0.5203,11.51,6.39,0,0,2.4018,23,2,0.7676,0.1136,1.0000,11,6,1.9409,91.15,306,68.8,306,30
Y10,T5,49,8.4732,9.7166,287,56.3187,67.3175,487.18,2500.00,2318.40,-2012.82,3575.47,16,5.8520,4.6712,-20.18,0.4666,0.5477,17.38,3.96,0,36,2.2297,17,6,0.6092,0.1949,1.0000,15,13,1.7245,181.41,287,68.8,287,49
