context,tree,species,x_m,z_m,cell,age,dbh_cm,height_m,crown_radius_m,hd_ratio,stem_vol_m3,ci,competition_label,suppression,wind_risk,wind_label,seed_bearing,is_crop
Y0,P0000,sitka-spruce,-19.40,-19.40,0,20,17.02,12.67,2.24,74.5,0.1441,2.4721,moderate,0.3308,21.16,high,0,0
Y0,P0001,sitka-spruce,-18.27,-19.40,0,20,16.84,12.05,2.23,71.6,0.1343,3.0182,crowded,0.3764,20.33,high,0,0
Y0,P0002,sitka-spruce,-15.75,-19.40,0,20,19.20,13.85,2.41,72.1,0.2005,2.8987,moderate,0.3670,20.49,high,0,0
Y0,P0003,sitka-spruce,-14.14,-19.40,1,20,19.42,13.48,2.42,69.4,0.1996,2.8456,moderate,0.3627,20.27,high,0,0
Y0,P0004,sitka-spruce,-11.62,-19.40,1,20,17.45,12.58,2.27,72.1,0.1504,3.4220,crowded,0.4063,21.07,high,0,0
Y0,P0005,sitka-spruce,-10.00,-19.40,1,20,15.57,12.11,2.13,77.8,0.1153,3.4240,crowded,0.4065,22.73,high,0,0
Y0,P0006,sitka-spruce,-8.39,-19.40,2,20,14.11,10.33,2.02,73.3,0.0807,4.0336,crowded,0.4465,19.95,high,0,0
Y0,P0007,sitka-spruce,-5.87,-19.40,2,20,13.97,10.94,2.01,78.3,0.0838,3.3604,crowded,0.4019,21.33,high,0,0
Y0,P0008,sitka-spruce,-4.25,-19.40,3,20,15.39,10.95,2.12,71.2,0.1019,2.7407,moderate,0.3541,27.58,high,0,0
Y0,P0009,sitka-spruce,-1.73,-19.40,3,20,19.75,14.35,2.45,72.6,0.2199,1.3496,moderate,0.2125,28.15,high,0,1
Y0,P0018,sitka-spruce,15.78,-19.40,7,20,21.12,15.52,2.55,73.5,0.2719,1.7926,moderate,0.2639,18.85,high,0,1
Y0,P0019,sitka-spruce,18.16,-19.40,7,20,20.04,14.16,2.47,70.7,0.2234,1.8105,moderate,0.2658,18.12,high,0,0
Y0,P0206,sitka-spruce,-7.79,-15.81,2,20,12.57,9.79,1.90,77.9,0.0608,6.8932,crowded,0.5796,21.20,high,0,0
Y0,P0218,sitka-spruce,15.74,-15.56,7,20,20.02,14.51,2.47,72.5,0.2284,3.6461,crowded,0.4217,18.59,high,0,0
Y0,P0219,sitka-spruce,18.13,-15.99,7,20,18.29,12.75,2.34,69.7,0.1676,3.6022,crowded,0.4188,17.87,high,0,0
Y0,P0220,sitka-spruce,19.40,-16.40,7,20,17.65,13.35,2.29,75.6,0.1632,3.0962,crowded,0.3824,19.39,high,0,0
Y0,P0300,sitka-spruce,-19.40,-13.92,8,20,15.68,12.24,2.14,78.1,0.1182,4.1642,crowded,0.4544,19.57,high,0,0
Y0,P0301,sitka-spruce,-18.29,-14.35,8,20,15.83,11.64,2.15,73.6,0.1145,4.3293,crowded,0.4641,18.44,high,0,0
Y0,P0302,sitka-spruce,-15.90,-13.87,8,20,18.57,13.01,2.36,70.1,0.1761,4.5615,crowded,0.4771,17.56,high,0,0
Y0,P0303,sitka-spruce,-14.42,-14.31,9,20,19.51,14.11,2.43,72.3,0.2108,4.7794,crowded,0.4887,18.17,high,0,1
Y0,P0304,sitka-spruce,-12.40,-13.99,9,20,17.67,13.12,2.29,74.3,0.1609,5.6098,crowded,0.5287,18.66,high,0,0
Y0,P0305,sitka-spruce,-10.02,-14.43,9,20,14.07,10.20,2.02,72.5,0.0792,6.8878,crowded,0.5794,18.21,high,0,0
Y0,P0306,sitka-spruce,-7.63,-13.96,10,20,11.90,9.73,1.85,81.7,0.0541,8.8113,crowded,0.6380,20.45,high,0,0
Y0,P0307,sitka-spruce,-6.15,-14.39,10,20,11.52,8.79,1.82,76.4,0.0458,9.0864,crowded,0.6450,19.11,high,0,0
Y0,P0308,sitka-spruce,-4.31,-13.76,11,20,13.89,10.65,2.00,76.7,0.0807,6.7554,crowded,0.5747,19.23,high,0,0
Y0,P0311,sitka-spruce,1.81,-13.84,12,20,19.72,14.80,2.45,75.0,0.2260,2.9584,moderate,0.3717,19.68,high,0,1
Y0,P0312,sitka-spruce,4.33,-14.32,12,20,15.37,11.23,2.12,73.1,0.1042,4.4675,crowded,0.4719,19.16,high,0,0
Y0,P0313,sitka-spruce,5.95,-13.89,13,20,13.11,10.52,1.94,80.3,0.0710,5.7256,crowded,0.5338,20.09,high,0,0
Y0,P0314,sitka-spruce,7.56,-14.35,13,20,11.13,9.14,1.79,82.1,0.0445,6.5846,crowded,0.5684,20.55,high,0,0
Y0,P0315,sitka-spruce,10.08,-13.92,14,20,12.35,9.38,1.88,76.0,0.0562,6.7182,crowded,0.5733,19.73,high,0,0
Y0,P0316,sitka-spruce,11.70,-14.39,14,20,14.30,10.92,2.03,76.4,0.0877,5.9036,crowded,0.5414,19.84,high,0,0
Y0,P0317,sitka-spruce,14.22,-13.96,14,20,17.82,12.60,2.30,70.7,0.1571,4.9371,crowded,0.4968,18.36,high,0,0
Y0,P0318,sitka-spruce,15.66,-14.12,15,20,18.84,14.28,2.38,75.8,0.1989,4.5273,crowded,0.4752,19.82,high,0,0
Y0,P0319,sitka-spruce,18.18,-13.69,15,20,17.08,12.67,2.25,74.2,0.1452,4.3863,crowded,0.4673,19.40,high,0,0
Y0,P0320,sitka-spruce,19.40,-14.19,15,20,17.87,13.37,2.31,74.8,0.1675,3.6581,crowded,0.4225,19.56,high,0,0
Y0,P0400,sitka-spruce,-19.40,-11.75,8,20,17.32,12.21,2.26,70.5,0.1439,3.6219,crowded,0.4201,17.65,high,0,0
Y0,P0401,sitka-spruce,-17.89,-12.22,8,20,16.15,12.17,2.17,75.4,0.1247,5.0506,crowded,0.5025,18.88,high,0,0
Y0,P0402,sitka-spruce,-16.27,-11.79,8,20,16.12,12.49,2.17,77.5,0.1275,5.4607,crowded,0.5220,19.41,high,0,0
Y0,P0403,sitka-spruce,-13.75,-12.26,9,20,16.92,12.47,2.23,73.7,0.1403,6.2436,crowded,0.5553,18.51,high,0,0
Y0,P0404,sitka-spruce,-11.77,-11.67,9,20,15.95,11.71,2.16,73.4,0.1170,7.4491,crowded,0.5984,18.45,high,0,0
Y0,P0405,sitka-spruce,-10.16,-12.15,9,20,15.70,12.25,2.14,78.0,0.1185,7.7571,crowded,0.6081,19.60,high,0,0
Y0,P0406,sitka-spruce,-7.64,-11.71,10,20,15.83,11.46,2.15,72.4,0.1127,8.2145,crowded,0.6216,18.12,high,0,0
Y0,P0407,sitka-spruce,-6.02,-12.19,10,20,15.09,11.69,2.09,77.5,0.1045,8.1668,crowded,0.6203,19.39,high,0,0
Y0,P0408,sitka-spruce,-3.87,-11.91,11,20,15.83,11.77,2.15,74.4,0.1159,7.6158,crowded,0.6037,18.65,high,0,0
Y0,P0409,sitka-spruce,-2.26,-12.38,11,20,16.44,11.64,2.20,70.8,0.1235,5.9383,crowded,0.5429,17.76,high,0,0
Y0,P0412,sitka-spruce,3.94,-12.07,12,20,15.04,11.01,2.09,73.2,0.0978,5.7612,crowded,0.5354,19.20,high,0,0
Y0,P0413,sitka-spruce,6.33,-11.60,13,20,14.91,11.45,2.08,76.8,0.1000,7.1097,crowded,0.5871,19.21,high,0,0
Y0,P0414,sitka-spruce,7.81,-12.03,13,20,14.26,11.19,2.03,78.5,0.0894,7.5348,crowded,0.6011,19.65,high,0,0
Y0,P0415,sitka-spruce,10.19,-11.56,14,20,15.02,10.97,2.09,73.1,0.0972,7.6392,crowded,0.6044,18.98,high,0,0
Y0,P0505,sitka-spruce,-10.14,-10.26,9,20,15.73,11.39,2.14,72.4,0.1107,8.3924,crowded,0.6267,18.19,high,0,0
Y0,P0506,sitka-spruce,-8.39,-9.86,18,20,17.57,13.04,2.28,74.2,0.1580,7.8534,crowded,0.6110,18.57,high,0,0
Y0,P0507,sitka-spruce,-6.01,-10.29,10,20,17.18,12.11,2.25,70.5,0.1403,8.0027,crowded,0.6155,17.64,high,0,0
Y0,P0508,sitka-spruce,-3.89,-9.74,19,20,15.88,11.33,2.15,71.3,0.1122,8.4386,crowded,0.6279,17.86,high,0,0
Y0,P0509,sitka-spruce,-2.41,-10.18,11,20,14.22,10.81,2.03,76.0,0.0859,8.4878,crowded,0.6293,19.07,high,0,0
Y0,P0510,sitka-spruce,-0.29,-10.26,11,20,13.91,10.55,2.00,75.8,0.0802,6.4886,crowded,0.5648,19.03,high,0,0
Y0,P0512,sitka-spruce,3.58,-10.22,12,20,15.17,11.51,2.10,75.9,0.1041,6.2797,crowded,0.5567,19.90,high,0,0
Y0,P0513,sitka-spruce,6.10,-9.79,21,20,17.90,12.69,2.31,70.9,0.1598,6.2404,crowded,0.5552,17.76,high,0,0
Y0,P0514,sitka-spruce,7.98,-10.34,13,20,18.20,13.57,2.33,74.6,0.1765,6.8994,crowded,0.5798,18.66,high,0,0
Y0,P0515,sitka-spruce,9.60,-9.91,21,20,18.51,13.25,2.35,71.6,0.1782,7.4101,crowded,0.5971,17.93,high,0,0
Y0,P0516,sitka-spruce,11.85,-10.30,14,20,16.29,12.57,2.19,77.1,0.1310,7.5447,crowded,0.6014,20.03,high,0,0
Y0,P0517,sitka-spruce,14.37,-9.87,22,20,13.72,10.46,1.99,76.2,0.0774,8.4843,crowded,0.6292,19.08,high,0,0
Y0,P0518,sitka-spruce,16.08,-10.10,15,20,13.57,9.85,1.98,72.6,0.0712,7.3052,crowded,0.5937,18.98,high,0,0
Y0,P0601,sitka-spruce,-18.26,-7.72,16,20,16.36,11.75,2.19,71.8,0.1235,5.0439,crowded,0.5022,18.30,high,0,0
Y0,P0604,sitka-spruce,-12.15,-8.07,17,20,12.87,10.45,1.92,81.2,0.0680,9.8361,crowded,0.6630,20.55,high,0,0
Y0,P0605,sitka-spruce,-9.63,-7.64,18,20,17.81,13.00,2.30,73.0,0.1619,8.4927,crowded,0.6294,18.26,high,0,0
Y0,P0606,sitka-spruce,-8.28,-8.03,18,20,19.60,13.60,2.44,69.4,0.2051,7.9236,crowded,0.6131,17.36,high,0,0
Y0,P0607,sitka-spruce,-5.76,-7.60,18,20,19.85,14.44,2.46,72.8,0.2234,7.6570,crowded,0.6050,18.21,high,0,0
Y0,P0608,sitka-spruce,-4.25,-8.31,19,20,17.41,12.20,2.27,70.0,0.1452,8.0671,crowded,0.6174,17.54,high,0,0
Y0,P0609,sitka-spruce,-1.73,-7.88,19,20,12.63,9.92,1.91,78.6,0.0621,9.8418,crowded,0.6631,19.67,high,0,0
Y0,P0610,sitka-spruce,0.15,-7.79,20,20,10.80,8.25,1.77,76.4,0.0378,9.7299,crowded,0.6606,22.88,high,0,0
Y0,P0612,sitka-spruce,4.29,-7.83,20,20,15.33,12.09,2.11,78.8,0.1115,6.8860,crowded,0.5793,23.61,high,0,0
Y0,P0614,sitka-spruce,8.42,-7.87,21,20,20.69,14.74,2.52,71.2,0.2479,6.9031,crowded,0.5799,17.85,high,0,1
Y0,P0615,sitka-spruce,9.90,-8.30,21,20,19.44,14.48,2.43,74.5,0.2150,7.5393,crowded,0.6013,18.66,high,0,0
Y0,P0616,sitka-spruce,11.65,-7.91,22,20,16.73,12.11,2.22,72.4,0.1331,8.8213,crowded,0.6382,18.12,high,0,0
Y0,P0617,sitka-spruce,14.04,-8.34,22,20,12.44,9.96,1.89,80.1,0.0605,10.5456,crowded,0.6784,20.05,high,0,0
Y0,P0618,sitka-spruce,15.62,-7.63,23,20,10.74,8.70,1.76,81.0,0.0394,11.6144,crowded,0.6991,20.29,high,0,0
Y0,P0619,sitka-spruce,18.00,-8.07,23,20,12.49,10.30,1.89,82.5,0.0630,7.4543,crowded,0.5985,20.65,high,0,0
Y0,P0620,sitka-spruce,19.40,-7.97,23,20,15.78,11.38,2.15,72.1,0.1114,4.6125,crowded,0.4798,18.06,high,0,0
Y0,P0700,sitka-spruce,-19.40,-5.72,16,20,17.67,13.42,2.29,76.0,0.1646,4.5414,crowded,0.4760,19.37,high,0,0
Y0,P0701,sitka-spruce,-17.79,-6.15,16,20,14.43,10.72,2.04,74.3,0.0877,6.9957,crowded,0.5832,18.94,high,0,0
Y0,P0702,sitka-spruce,-16.31,-5.68,16,20,12.08,8.93,1.86,73.9,0.0512,9.5098,crowded,0.6554,18.85,high,0,0
Y0,P0703,sitka-spruce,-13.93,-6.11,17,20,10.99,8.77,1.78,79.8,0.0416,11.6340,crowded,0.6994,20.19,high,0,0
Y0,P0704,sitka-spruce,-12.45,-5.64,17,20,12.96,9.65,1.93,74.5,0.0636,11.3655,crowded,0.6945,18.86,high,0,0
Y0,P0705,sitka-spruce,-10.06,-6.07,17,20,17.51,12.99,2.28,74.2,0.1563,8.4646,crowded,0.6287,18.78,high,0,0
Y0,P0706,sitka-spruce,-7.68,-5.60,18,20,20.54,14.54,2.51,70.8,0.2410,7.9614,crowded,0.6142,17.70,high,0,0
Y0,P0707,sitka-spruce,-6.20,-6.03,18,20,20.70,15.15,2.52,73.2,0.2550,8.1451,crowded,0.6196,18.30,high,0,1
Y0,P0708,sitka-spruce,-3.81,-5.56,19,20,17.07,12.56,2.24,73.6,0.1437,8.7607,crowded,0.6366,18.42,high,0,0
Y0,P0709,sitka-spruce,-2.33,-5.99,19,20,14.11,11.24,2.02,79.7,0.0879,9.5601,crowded,0.6566,19.94,high,0,0
Y0,P0710,sitka-spruce,-0.21,-6.08,19,20,10.73,8.93,1.76,83.2,0.0404,10.0796,crowded,0.6684,20.83,high,0,0
Y0,P0713,sitka-spruce,6.44,-5.68,21,20,19.02,13.38,2.39,70.3,0.1901,6.3137,crowded,0.5581,17.62,high,0,0
Y0,P0714,sitka-spruce,8.43,-6.00,21,20,20.59,14.68,2.51,71.3,0.2444,6.7920,crowded,0.5760,17.86,high,0,0
Y0,P0715,sitka-spruce,10.04,-5.57,22,20,19.20,13.31,2.41,69.3,0.1926,7.9625,crowded,0.6143,17.36,high,0,1
Y0,P0716,sitka-spruce,11.66,-6.04,22,20,16.58,12.02,2.21,72.5,0.1298,9.2694,crowded,0.6496,18.15,high,0,0
Y0,P0717,sitka-spruce,14.17,-5.61,22,20,12.01,9.88,1.86,82.2,0.0560,12.0913,crowded,0.7075,20.59,high,0,0
Y0,P0718,sitka-spruce,16.16,-5.92,23,20,10.43,8.03,1.74,77.0,0.0343,11.7754,crowded,0.7019,19.27,high,0,0
Y0,P0719,sitka-spruce,17.77,-6.39,23,20,11.57,9.42,1.82,81.5,0.0495,8.8783,crowded,0.6397,20.40,high,0,0
Y0,P0720,sitka-spruce,19.40,-5.99,23,20,15.25,11.69,2.11,76.6,0.1068,5.3363,crowded,0.5163,19.19,high,0,0
Y0,P0800,sitka-spruce,-19.40,-4.14,24,20,16.25,11.63,2.18,71.6,0.1206,5.4251,crowded,0.5204,17.91,high,0,0
Y0,P0801,sitka-spruce,-17.85,-3.71,24,20,14.38,11.17,2.04,77.7,0.0907,7.5017,crowded,0.6001,19.42,high,0,0
Y0,P0802,sitka-spruce,-16.23,-4.18,24,20,12.43,10.29,1.89,82.8,0.0624,9.6283,crowded,0.6582,20.71,high,0,0
Y0,P0803,sitka-spruce,-13.71,-3.74,25,20,12.60,9.89,1.90,78.5,0.0616,11.5151,crowded,0.6972,19.63,high,0,0
Y0,P0804,sitka-spruce,-12.10,-4.22,25,20,13.36,10.69,1.96,80.0,0.0750,11.2384,crowded,0.6921,20.02,high,0,0
Y0,P0805,sitka-spruce,-9.58,-3.79,26,20,16.40,12.06,2.19,73.6,0.1274,9.5726,crowded,0.6569,18.40,high,0,0
Y0,P0806,sitka-spruce,-7.96,-4.26,26,20,18.21,13.52,2.33,74.2,0.1760,9.0042,crowded,0.6430,18.57,high,0,0
Y0,P0807,sitka-spruce,-6.35,-3.83,26,20,17.77,12.73,2.30,71.7,0.1580,9.5750,crowded,0.6569,17.92,high,0,0
Y0,P0808,sitka-spruce,-4.00,-3.98,27,20,16.01,12.20,2.16,76.2,0.1228,9.1707,crowded,0.6472,19.06,high,0,0
Y0,P0809,sitka-spruce,-2.38,-3.55,27,20,14.25,10.59,2.03,74.4,0.0844,9.0278,crowded,0.6436,18.60,high,0,0
Y0,P0810,sitka-spruce,0.12,-3.59,28,20,12.76,9.51,1.92,74.6,0.0608,7.8510,crowded,0.6109,29.67,high,0,0
Y0,P0813,sitka-spruce,6.37,-3.98,29,20,17.26,12.99,2.26,75.3,0.1519,7.0030,crowded,0.5834,18.85,high,0,0
Y0,P0814,sitka-spruce,8.39,-3.67,29,20,17.71,12.94,2.29,73.1,0.1594,7.7738,crowded,0.6086,18.29,high,0,0
Y0,P0815,sitka-spruce,9.87,-4.10,29,20,17.71,13.45,2.29,76.0,0.1657,8.6073,crowded,0.6326,19.01,high,0,0
Y0,P0816,sitka-spruce,12.25,-3.63,30,20,15.01,11.44,2.09,76.2,0.1013,10.6708,crowded,0.6809,19.07,high,0,0
Y0,P0817,sitka-spruce,13.73,-4.07,30,20,13.20,9.63,1.95,73.0,0.0659,12.0433,crowded,0.7066,18.25,high,0,0
Y0,P0818,sitka-spruce,15.58,-4.34,31,20,11.62,9.29,1.83,80.0,0.0492,11.9909,crowded,0.7057,20.02,high,0,0
Y0,P0819,sitka-spruce,17.97,-3.87,31,20,13.11,9.53,1.94,72.7,0.0643,8.6430,crowded,0.6335,18.19,high,0,0
Y0,P0820,sitka-spruce,19.40,-4.14,31,20,14.73,10.61,2.07,72.0,0.0903,6.0990,crowded,0.5495,18.02,high,0,0
Y0,P0900,sitka-spruce,-19.40,-2.38,24,20,15.21,11.80,2.10,77.5,0.1072,6.2492,crowded,0.5555,19.39,high,0,0
Y0,P0901,sitka-spruce,-17.72,-1.90,24,20,15.16,11.07,2.10,73.0,0.1000,7.7132,crowded,0.6067,18.26,high,0,0
Y0,P0902,sitka-spruce,-15.97,-2.41,24,20,14.63,11.26,2.06,76.9,0.0946,8.8460,crowded,0.6389,19.24,high,0,0
Y0,P0903,sitka-spruce,-13.58,-1.94,25,20,15.34,11.01,2.11,71.7,0.1018,10.3163,crowded,0.6735,17.95,high,0,0
Y0,P0904,sitka-spruce,-11.83,-1.55,25,20,15.41,11.56,2.12,75.0,0.1079,10.8372,crowded,0.6843,18.77,high,0,0
Y0,P0905,sitka-spruce,-10.35,-1.98,25,20,14.96,11.80,2.08,78.8,0.1037,10.8406,crowded,0.6844,19.73,high,0,0
Y0,P0906,sitka-spruce,-7.70,-1.59,26,20,14.15,10.60,2.02,74.9,0.0833,11.5087,crowded,0.6971,18.74,high,0,0
Y0,P0907,sitka-spruce,-6.22,-2.02,26,20,14.86,11.56,2.08,77.8,0.1003,10.3684,crowded,0.6747,19.45,high,0,0
Y0,P0908,sitka-spruce,-3.56,-1.63,27,20,14.98,10.94,2.09,73.0,0.0964,8.8400,crowded,0.6387,18.26,high,0,0
Y0,P0909,sitka-spruce,-2.08,-2.06,27,20,15.16,11.56,2.10,76.3,0.1043,8.2727,crowded,0.6233,19.07,high,0,0
Y0,P0910,sitka-spruce,-0.25,-1.74,27,20,15.57,11.97,2.13,76.9,0.1139,6.8906,crowded,0.5795,19.24,high,0,0
Y0,P0913,sitka-spruce,6.14,-2.18,29,20,15.01,11.29,2.09,75.2,0.0999,7.5404,crowded,0.6013,18.84,high,0,0
Y0,P0914,sitka-spruce,8.39,-1.67,29,20,14.20,10.77,2.03,75.8,0.0853,9.6097,crowded,0.6578,18.98,high,0,0
Y0,P0915,sitka-spruce,10.01,-2.14,30,20,15.02,10.76,2.09,71.7,0.0953,9.9896,crowded,0.6664,17.92,high,0,0
Y0,P0916,sitka-spruce,12.26,-1.63,30,20,15.01,11.45,2.09,76.3,0.1013,11.1380,crowded,0.6902,19.08,high,0,0
Y0,P0917,sitka-spruce,13.87,-2.10,30,20,15.01,10.94,2.09,72.9,0.0968,10.8867,crowded,0.6853,18.22,high,0,0
Y0,P0918,sitka-spruce,16.12,-1.59,31,20,15.95,11.50,2.16,72.1,0.1149,9.0965,crowded,0.6453,18.03,high,0,0
Y0,P0919,sitka-spruce,17.74,-2.06,31,20,15.12,11.67,2.10,77.2,0.1047,8.1655,crowded,0.6202,19.32,high,0,0
Y0,P0920,sitka-spruce,19.40,-2.10,31,20,14.84,11.80,2.07,79.5,0.1021,6.2726,crowded,0.5564,19.90,high,0,0
Y0,P1000,sitka-spruce,-19.40,0.20,32,20,15.49,12.11,2.12,78.2,0.1142,6.2178,crowded,0.5543,19.71,high,0,0
Y0,P1001,sitka-spruce,-18.01,-0.23,24,20,15.92,11.69,2.16,73.4,0.1164,7.5196,crowded,0.6006,18.35,high,0,0
Y0,P1002,sitka-spruce,-15.62,0.23,32,20,18.72,13.09,2.37,69.9,0.1802,7.8737,crowded,0.6116,17.62,high,0,0
Y0,P1003,sitka-spruce,-14.14,-0.20,25,20,18.35,13.37,2.34,72.9,0.1769,8.4679,crowded,0.6287,18.23,high,0,1
Y0,P1004,sitka-spruce,-12.12,0.12,33,20,17.08,12.25,2.25,71.7,0.1402,9.6051,crowded,0.6577,17.94,high,0,0
Y0,P1005,sitka-spruce,-9.74,-0.32,26,20,13.99,10.84,2.01,77.5,0.0833,11.5838,crowded,0.6985,19.39,high,0,0
Y0,P1006,sitka-spruce,-8.26,0.16,34,20,12.13,9.36,1.87,77.2,0.0540,12.8418,crowded,0.7198,19.32,high,0,0
Y0,P1007,sitka-spruce,-5.87,-0.27,26,20,12.55,10.13,1.90,80.7,0.0627,11.1032,crowded,0.6895,20.19,high,0,0
Y0,P1008,sitka-spruce,-4.02,0.35,35,20,13.93,10.43,2.01,74.9,0.0795,8.8142,crowded,0.6381,18.98,high,0,0
Y0,P1009,sitka-spruce,-1.64,-0.08,27,20,17.18,12.96,2.25,75.4,0.1502,6.6185,crowded,0.5697,18.86,high,0,0
Y0,P1010,sitka-spruce,-0.42,-0.16,27,20,17.79,13.50,2.30,75.8,0.1678,5.9054,crowded,0.5415,18.97,high,0,0
Y0,P1013,sitka-spruce,6.23,0.23,37,20,12.53,9.54,1.90,76.1,0.0589,9.1742,crowded,0.6472,19.06,high,0,0
Y0,P1014,sitka-spruce,7.85,-0.24,29,20,11.88,9.47,1.85,79.7,0.0525,10.4641,crowded,0.6767,19.96,high,0,0
Y0,P1015,sitka-spruce,10.37,0.19,38,20,12.46,9.32,1.89,74.8,0.0568,12.0478,crowded,0.7067,18.70,high,0,0
Y0,P1016,sitka-spruce,11.98,-0.28,30,20,14.69,11.04,2.06,75.1,0.0936,11.1814,crowded,0.6910,18.79,high,0,0
Y0,P1017,sitka-spruce,13.60,0.15,38,20,16.92,11.90,2.23,70.4,0.1338,9.7053,crowded,0.6600,17.59,high,0,0
Y0,P1018,sitka-spruce,15.95,-0.01,31,20,18.25,13.29,2.33,72.8,0.1738,8.1724,crowded,0.6204,18.22,high,0,0
Y0,P1019,sitka-spruce,17.56,0.43,39,20,18.01,12.62,2.32,70.1,0.1607,7.4775,crowded,0.5993,17.54,high,0,0
Y0,P1102,sitka-spruce,-16.22,1.80,32,20,20.22,15.02,2.49,74.3,0.2411,6.7281,crowded,0.5737,18.72,high,0,0
Y0,P1103,sitka-spruce,-13.71,2.23,33,20,20.98,14.98,2.54,71.4,0.2591,7.6183,crowded,0.6037,17.86,high,0,1
Y0,P1104,sitka-spruce,-11.82,1.68,33,20,18.10,12.68,2.32,70.0,0.1632,9.2196,crowded,0.6484,17.52,high,0,0
Y0,P1105,sitka-spruce,-10.21,2.11,33,20,14.81,11.33,2.07,76.5,0.0976,10.3414,crowded,0.6741,19.14,high,0,0
Y0,P1106,sitka-spruce,-7.96,1.72,34,20,11.45,8.73,1.82,76.3,0.0449,12.8692,crowded,0.7202,19.10,high,0,0
Y0,P1107,sitka-spruce,-6.34,2.15,34,20,11.09,9.21,1.79,83.0,0.0445,11.2382,crowded,0.6921,20.78,high,0,0
Y0,P1108,sitka-spruce,-3.55,1.60,35,20,14.05,10.53,2.01,74.9,0.0816,7.9569,crowded,0.6141,19.00,high,0,0
Y0,P1109,sitka-spruce,-1.94,2.04,35,20,17.34,13.26,2.27,76.4,0.1566,5.1287,crowded,0.5064,19.39,high,0,1
Y0,P1112,sitka-spruce,3.62,2.27,36,20,16.70,11.92,2.22,71.4,0.1305,5.7111,crowded,0.5332,19.99,high,0,0
Y0,P1113,sitka-spruce,6.01,1.84,37,20,11.90,9.45,1.85,79.5,0.0525,10.0056,crowded,0.6668,19.89,high,0,0
Y0,P1114,sitka-spruce,8.13,2.39,37,20,9.65,8.08,1.68,83.8,0.0295,13.7243,crowded,0.7330,20.98,high,0,0
Y0,P1115,sitka-spruce,9.61,1.96,37,20,10.43,7.88,1.74,75.5,0.0337,13.5886,crowded,0.7310,18.90,high,0,0
Y0,P1116,sitka-spruce,12.26,2.35,38,20,15.13,11.31,2.10,74.7,0.1017,10.6112,crowded,0.6797,18.68,high,0,0
Y0,P1117,sitka-spruce,13.74,1.92,38,20,18.01,13.60,2.32,75.5,0.1731,9.0845,crowded,0.6450,18.89,high,0,0
Y0,P1118,sitka-spruce,16.03,2.15,39,20,20.00,14.86,2.47,74.3,0.2333,7.5527,crowded,0.6017,18.59,high,0,1
Y0,P1119,sitka-spruce,18.41,1.72,39,20,17.52,12.63,2.28,72.1,0.1523,7.3912,crowded,0.5965,18.03,high,0,0
Y0,P1120,sitka-spruce,19.40,2.22,39,20,16.26,11.87,2.18,73.0,0.1232,6.8653,crowded,0.5786,18.26,high,0,0
Y0,P1201,sitka-spruce,-18.42,3.75,32,20,15.30,11.25,2.11,73.5,0.1035,6.9588,crowded,0.5819,18.54,high,0,0
Y0,P1202,sitka-spruce,-15.77,4.14,32,20,19.35,14.28,2.42,73.8,0.2101,7.4558,crowded,0.5986,18.60,high,0,0
Y0,P1203,sitka-spruce,-14.29,3.71,33,20,20.06,14.03,2.47,69.9,0.2218,7.8831,crowded,0.6119,17.49,high,0,0
Y0,P1204,sitka-spruce,-11.63,4.10,33,20,16.64,11.93,2.21,71.7,0.1296,9.1808,crowded,0.6474,17.93,high,0,0
Y0,P1205,sitka-spruce,-10.15,3.67,33,20,13.75,10.65,1.99,77.5,0.0791,10.6895,crowded,0.6813,19.37,high,0,0
Y0,P1206,sitka-spruce,-8.40,4.07,34,20,11.20,8.37,1.80,74.8,0.0412,11.9348,crowded,0.7047,18.73,high,0,0
Y0,P1207,sitka-spruce,-6.02,3.63,34,20,10.54,8.48,1.75,80.5,0.0370,10.6254,crowded,0.6800,20.15,high,0,0
Y0,P1208,sitka-spruce,-4.44,4.34,35,20,12.87,9.72,1.92,75.5,0.0633,6.6668,crowded,0.5714,19.16,high,0,0
Y0,P1212,sitka-spruce,3.93,3.86,36,20,16.15,12.01,2.17,74.3,0.1231,6.2189,crowded,0.5543,20.82,high,0,0
Y0,P1213,sitka-spruce,6.45,4.29,37,20,11.81,8.80,1.84,74.5,0.0482,10.7091,crowded,0.6817,18.66,high,0,0
Y0,P1214,sitka-spruce,7.80,3.90,37,20,10.39,8.61,1.73,82.9,0.0365,13.1803,crowded,0.7250,20.76,high,0,0
Y0,P1215,sitka-spruce,10.32,4.33,38,20,12.05,9.13,1.86,75.8,0.0520,12.9219,crowded,0.7210,18.95,high,0,0
Y0,P1216,sitka-spruce,11.66,3.94,38,20,14.12,11.11,2.02,78.6,0.0870,11.5640,crowded,0.6981,19.67,high,0,0
Y0,P1217,sitka-spruce,14.18,4.37,38,20,18.37,13.23,2.34,72.0,0.1753,8.8239,crowded,0.6383,18.00,high,0,0
Y0,P1218,sitka-spruce,15.70,3.67,39,20,19.94,14.67,2.46,73.6,0.2291,7.8615,crowded,0.6112,18.40,high,0,0
Y0,P1219,sitka-spruce,18.22,4.10,39,20,17.86,12.86,2.31,72.0,0.1611,7.5506,crowded,0.6016,18.02,high,0,0
Y0,P1220,sitka-spruce,19.40,4.37,39,20,16.83,12.53,2.23,74.4,0.1393,6.8230,crowded,0.5771,18.62,high,0,0
Y0,P1300,sitka-spruce,-19.40,6.33,40,20,15.34,11.77,2.11,76.7,0.1088,6.6085,crowded,0.5693,19.19,high,0,0
Y0,P1301,sitka-spruce,-18.44,5.86,40,20,16.07,11.71,2.17,72.8,0.1187,7.1574,crowded,0.5887,18.23,high,0,0
Y0,P1302,sitka-spruce,-15.92,6.29,40,20,17.66,13.03,2.29,73.8,0.1595,7.9994,crowded,0.6154,18.46,high,0,0
Y0,P1303,sitka-spruce,-14.31,5.82,41,20,18.63,13.11,2.36,70.4,0.1787,8.4399,crowded,0.6280,17.62,high,0,0
Y0,P1304,sitka-spruce,-11.79,6.25,41,20,16.71,11.77,2.22,70.4,0.1291,9.3758,crowded,0.6522,17.63,high,0,0
Y0,P1305,sitka-spruce,-10.17,5.78,41,20,15.26,11.56,2.11,75.8,0.1057,9.4249,crowded,0.6534,18.96,high,0,0
Y0,P1306,sitka-spruce,-7.65,6.21,42,20,14.04,11.14,2.01,79.3,0.0863,7.9140,crowded,0.6128,20.04,high,0,0
Y0,P1311,sitka-spruce,2.36,6.26,44,20,16.47,11.82,2.20,71.8,0.1259,5.5460,crowded,0.5259,17.98,high,0,0
Y0,P1312,sitka-spruce,3.84,5.83,44,20,15.67,12.19,2.14,77.8,0.1175,6.4982,crowded,0.5651,19.50,high,0,0
Y0,P1313,sitka-spruce,6.23,6.30,45,20,13.75,10.31,1.99,75.0,0.0766,9.4783,crowded,0.6547,18.77,high,0,0
Y0,P1314,sitka-spruce,8.25,5.71,45,20,12.18,9.49,1.87,77.9,0.0552,12.3668,crowded,0.7121,19.51,high,0,0
Y0,P1315,sitka-spruce,9.73,6.18,45,20,13.22,10.65,1.95,80.6,0.0731,12.0626,crowded,0.7070,20.16,high,0,0
Y0,P1316,sitka-spruce,12.11,5.75,46,20,14.90,11.36,2.08,76.2,0.0990,10.9916,crowded,0.6873,19.07,high,0,0
Y0,P1317,sitka-spruce,13.59,6.22,46,20,16.05,11.38,2.17,70.9,0.1151,10.4455,crowded,0.6763,17.74,high,0,0
Y0,P1318,sitka-spruce,15.61,5.63,47,20,17.94,12.93,2.31,72.1,0.1634,9.0083,crowded,0.6431,18.03,high,0,0
Y0,P1319,sitka-spruce,17.99,6.10,47,20,16.54,12.58,2.20,76.0,0.1352,8.0389,crowded,0.6165,19.02,high,0,0
Y0,P1320,sitka-spruce,19.40,6.34,47,20,15.70,11.75,2.14,74.9,0.1138,6.9069,crowded,0.5801,18.73,high,0,0
Y0,P1400,sitka-spruce,-19.40,7.81,40,20,16.28,12.50,2.18,76.8,0.1301,6.2004,crowded,0.5536,19.22,high,0,0
Y0,P1401,sitka-spruce,-17.96,8.28,40,20,15.68,11.44,2.14,73.0,0.1105,7.6539,crowded,0.6049,18.26,high,0,0
Y0,P1402,sitka-spruce,-15.58,7.85,40,20,15.27,12.06,2.11,79.0,0.1105,9.5238,crowded,0.6557,19.76,high,0,0
Y0,P1403,sitka-spruce,-14.10,8.32,41,20,14.45,10.86,2.04,75.1,0.0890,10.5337,crowded,0.6781,18.80,high,0,0
Y0,P1404,sitka-spruce,-11.71,7.89,41,20,15.75,11.82,2.14,75.0,0.1151,9.9376,crowded,0.6653,18.78,high,0,0
Y0,P1405,sitka-spruce,-10.23,8.36,41,20,16.45,12.76,2.20,77.6,0.1356,8.5947,crowded,0.6322,19.42,high,0,0
Y0,P1406,sitka-spruce,-7.85,7.93,42,20,16.90,12.71,2.23,75.2,0.1426,6.3023,crowded,0.5576,19.00,high,0,0
Y0,P1411,sitka-spruce,2.14,7.88,44,20,14.94,11.12,2.08,74.4,0.0975,6.2161,crowded,0.5542,18.65,high,0,0
Y0,P1412,sitka-spruce,3.75,8.32,44,20,15.17,11.60,2.10,76.4,0.1049,7.4489,crowded,0.5984,19.15,high,0,0
Y0,P1413,sitka-spruce,6.27,7.84,45,20,16.16,11.70,2.18,72.4,0.1201,8.6004,crowded,0.6324,18.11,high,0,0
Y0,P1414,sitka-spruce,8.26,8.43,45,20,17.42,12.33,2.27,70.7,0.1469,9.4134,crowded,0.6531,17.70,high,0,0
Y0,P1415,sitka-spruce,9.87,7.96,45,20,16.45,12.42,2.20,75.5,0.1320,10.0803,crowded,0.6684,18.88,high,0,0
Y0,P1416,sitka-spruce,12.39,8.39,46,20,15.51,12.17,2.13,78.4,0.1149,10.8532,crowded,0.6846,19.62,high,0,0
Y0,P1417,sitka-spruce,14.01,7.92,46,20,15.06,11.37,2.09,75.5,0.1012,11.0984,crowded,0.6894,18.90,high,0,0
Y0,P1418,sitka-spruce,15.99,7.61,47,20,15.19,11.07,2.10,72.9,0.1003,10.1265,crowded,0.6695,18.23,high,0,0
Y0,P1419,sitka-spruce,17.60,8.04,47,20,14.69,11.45,2.06,78.0,0.0970,9.0345,crowded,0.6437,19.50,high,0,0
Y0,P1420,sitka-spruce,19.40,8.45,47,20,14.53,10.73,2.05,73.9,0.0890,7.3834,crowded,0.5962,18.47,high,0,0
Y0,P1500,sitka-spruce,-19.40,9.96,40,20,16.60,12.50,2.21,75.3,0.1354,5.9696,crowded,0.5442,18.84,high,0,0
Y0,P1501,sitka-spruce,-17.98,10.39,48,20,14.26,10.54,2.03,73.9,0.0841,8.8231,crowded,0.6383,18.48,high,0,0
Y0,P1502,sitka-spruce,-15.73,10.00,48,20,11.53,9.54,1.82,82.7,0.0498,12.6216,crowded,0.7163,20.68,high,0,0
Y0,P1503,sitka-spruce,-14.11,10.43,49,20,10.83,8.59,1.77,79.3,0.0396,14.4874,crowded,0.7434,19.85,high,0,0
Y0,P1504,sitka-spruce,-11.86,10.04,49,20,13.55,10.25,1.98,75.7,0.0739,10.9124,crowded,0.6858,18.94,high,0,0
Y0,P1505,sitka-spruce,-10.25,9.57,41,20,16.04,12.49,2.17,77.9,0.1261,9.1101,crowded,0.6456,19.48,high,0,0
Y0,P1506,sitka-spruce,-8.00,10.08,50,20,18.94,13.77,2.39,72.7,0.1940,6.0570,crowded,0.5478,18.28,high,0,0
Y0,P1511,sitka-spruce,2.37,10.08,52,20,13.64,10.02,1.98,73.4,0.0732,7.4114,crowded,0.5971,20.37,high,0,0
Y0,P1512,sitka-spruce,4.12,9.56,44,20,14.76,11.22,2.07,76.0,0.0960,8.6488,crowded,0.6337,19.05,high,0,0
Y0,P1513,sitka-spruce,5.60,10.04,53,20,17.05,13.16,2.24,77.2,0.1502,8.0018,crowded,0.6154,19.30,high,0,0
Y0,P1514,sitka-spruce,8.25,10.43,53,20,19.67,14.09,2.44,71.6,0.2142,8.2514,crowded,0.6227,17.91,high,0,0
Y0,P1515,sitka-spruce,9.73,9.99,45,20,18.57,13.92,2.36,75.0,0.1884,9.0810,crowded,0.6449,18.76,high,0,1
Y0,P1516,sitka-spruce,12.39,10.39,54,20,14.83,10.91,2.07,73.6,0.0943,11.4686,crowded,0.6964,18.41,high,0,0
Y0,P1517,sitka-spruce,13.87,9.96,46,20,12.69,10.10,1.91,79.6,0.0639,12.7599,crowded,0.7185,19.91,high,0,0
Y0,P1518,sitka-spruce,16.35,9.76,47,20,11.67,9.00,1.83,77.1,0.0481,12.0005,crowded,0.7059,19.28,high,0,0
Y0,P1519,sitka-spruce,17.83,10.23,55,20,12.24,9.87,1.88,80.6,0.0581,10.4719,crowded,0.6768,20.16,high,0,0
Y0,P1520,sitka-spruce,19.40,10.14,55,20,15.35,11.81,2.11,76.9,0.1094,7.2252,crowded,0.5910,19.25,high,0,0
Y0,P1600,sitka-spruce,-19.40,11.81,48,20,16.79,12.93,2.22,77.0,0.1431,6.1499,crowded,0.5516,19.25,high,0,0
Y0,P1601,sitka-spruce,-17.59,12.28,48,20,12.96,9.86,1.93,76.1,0.0651,10.6270,crowded,0.6800,19.02,high,0,0
Y0,P1602,sitka-spruce,-15.84,11.77,48,20,10.27,8.70,1.73,84.8,0.0360,14.9728,crowded,0.7497,21.19,high,0,0
Y0,P1603,sitka-spruce,-14.36,12.24,49,20,9.66,7.63,1.68,79.0,0.0280,16.9847,crowded,0.7726,19.78,high,0,0
Y0,P1604,sitka-spruce,-12.24,11.89,49,20,12.05,9.63,1.86,79.9,0.0549,13.0391,crowded,0.7228,20.00,high,0,0
Y0,P1605,sitka-spruce,-9.86,12.36,50,20,16.97,11.99,2.24,70.6,0.1355,8.8678,crowded,0.6395,17.76,high,0,0
Y0,P1606,sitka-spruce,-8.11,11.85,50,20,19.66,14.17,2.44,72.1,0.2151,6.5316,crowded,0.5664,18.12,high,0,1
Y0,P1613,sitka-spruce,5.93,11.74,53,20,18.79,13.19,2.38,70.2,0.1828,7.9419,crowded,0.6137,17.55,high,0,0
Y0,P1614,sitka-spruce,7.81,12.09,53,20,21.02,14.55,2.55,69.2,0.2525,7.7885,crowded,0.6090,17.31,high,0,1
Y0,P1615,sitka-spruce,10.33,11.62,54,20,19.40,14.23,2.42,73.4,0.2104,8.7863,crowded,0.6373,18.36,high,0,0
Y0,P1616,sitka-spruce,11.68,12.13,54,20,16.87,12.15,2.23,72.0,0.1358,10.4013,crowded,0.6754,18.03,high,0,0
Y0,P1617,sitka-spruce,14.20,11.66,54,20,11.98,9.81,1.86,81.9,0.0553,13.4763,crowded,0.7294,20.49,high,0,0
Y0,P1618,sitka-spruce,15.91,12.33,55,20,10.69,8.99,1.76,84.1,0.0404,13.7368,crowded,0.7331,21.04,high,0,0
Y0,P1619,sitka-spruce,18.43,11.85,55,20,13.14,10.00,1.94,76.1,0.0678,9.8672,crowded,0.6637,19.03,high,0,0
Y0,P1620,sitka-spruce,19.40,11.81,55,20,14.61,11.21,2.06,76.7,0.0939,7.8190,crowded,0.6100,19.19,high,0,0
Y0,P1700,sitka-spruce,-19.40,13.96,48,20,17.32,13.05,2.26,75.4,0.1536,6.0340,crowded,0.5469,18.84,high,0,0
Y0,P1701,sitka-spruce,-17.61,14.39,48,20,14.35,10.69,2.04,74.5,0.0864,9.2968,crowded,0.6503,18.64,high,0,0
Y0,P1702,sitka-spruce,-15.99,13.92,48,20,11.97,9.56,1.86,79.8,0.0538,12.4454,crowded,0.7134,19.96,high,0,0
Y0,P1703,sitka-spruce,-14.38,14.35,49,20,11.83,8.96,1.84,75.7,0.0492,13.4153,crowded,0.7285,18.95,high,0,0
Y0,P1704,sitka-spruce,-12.39,14.04,49,20,13.20,10.14,1.95,76.8,0.0694,12.0454,crowded,0.7067,19.23,high,0,0
Y0,P1705,sitka-spruce,-9.87,13.57,50,20,17.58,12.34,2.28,70.2,0.1498,8.9985,crowded,0.6428,17.65,high,0,0
Y0,P1706,sitka-spruce,-8.26,14.00,50,20,19.55,13.90,2.43,71.1,0.2086,7.0320,crowded,0.5844,17.87,high,0,0
Y0,P1707,sitka-spruce,-5.74,14.43,50,20,19.15,14.34,2.40,74.9,0.2065,6.6170,crowded,0.5696,18.83,high,0,0
Y0,P1708,sitka-spruce,-3.59,13.80,51,20,16.57,12.10,2.21,73.0,0.1304,6.7262,crowded,0.5736,20.33,high,0,0
Y0,P1709,sitka-spruce,-1.97,14.23,51,20,13.88,11.12,2.00,80.1,0.0841,8.1279,crowded,0.6191,22.32,high,0,0
Y0,P1710,sitka-spruce,-0.09,14.32,51,20,12.32,9.99,1.88,81.1,0.0596,9.5461,crowded,0.6563,22.59,high,0,0
Y0,P1712,sitka-spruce,3.77,14.36,52,20,14.96,11.81,2.08,78.9,0.1038,9.2484,crowded,0.6491,21.90,high,0,0
Y0,P1713,sitka-spruce,6.16,13.93,53,20,18.88,13.55,2.38,71.8,0.1896,8.2950,crowded,0.6239,17.95,high,0,0
Y0,P1714,sitka-spruce,7.64,14.40,53,20,19.91,13.85,2.46,69.6,0.2155,8.4078,crowded,0.6271,17.40,high,0,0
Y0,P1715,sitka-spruce,10.02,13.97,54,20,19.50,14.11,2.43,72.4,0.2107,8.4597,crowded,0.6285,18.11,high,0,0
Y0,P1716,sitka-spruce,12.41,14.44,54,20,15.74,11.45,2.14,72.7,0.1114,10.7031,crowded,0.6816,18.20,high,0,0
Y0,P1717,sitka-spruce,13.89,14.01,54,20,13.31,10.45,1.96,78.5,0.0727,12.3805,crowded,0.7123,19.65,high,0,0
Y0,P1718,sitka-spruce,16.44,14.16,55,20,10.70,8.27,1.76,77.3,0.0372,12.9466,crowded,0.7214,19.35,high,0,0
Y0,P1719,sitka-spruce,17.92,13.73,55,20,11.57,9.33,1.83,80.6,0.0491,11.3995,crowded,0.6951,20.17,high,0,0
Y0,P1720,sitka-spruce,19.40,13.78,55,20,14.05,10.34,2.01,73.6,0.0801,7.8066,crowded,0.6096,18.41,high,0,0
Y0,P1800,sitka-spruce,-19.40,16.24,56,20,16.44,11.61,2.20,70.6,0.1232,6.2202,crowded,0.5544,17.65,high,0,0
Y0,P1801,sitka-spruce,-17.81,15.81,56,20,15.48,11.53,2.12,74.4,0.1085,8.1414,crowded,0.6195,18.61,high,0,0
Y0,P1802,sitka-spruce,-16.33,16.28,56,20,15.15,10.98,2.10,72.5,0.0990,9.1967,crowded,0.6478,18.13,high,0,0
Y0,P1803,sitka-spruce,-13.94,15.85,57,20,14.25,10.94,2.03,76.8,0.0872,10.2951,crowded,0.6731,19.20,high,0,0
Y0,P1804,sitka-spruce,-11.92,16.16,57,20,15.42,11.33,2.12,73.5,0.1058,9.8173,crowded,0.6626,18.38,high,0,0
Y0,P1805,sitka-spruce,-10.44,15.73,57,20,16.29,12.39,2.19,76.0,0.1291,9.2167,crowded,0.6483,19.01,high,0,0
Y0,P1806,sitka-spruce,-8.06,16.20,58,20,17.09,12.54,2.25,73.4,0.1438,7.8855,crowded,0.6120,18.37,high,0,0
Y0,P1807,sitka-spruce,-5.67,15.77,58,20,17.62,13.39,2.29,76.0,0.1633,7.5340,crowded,0.6011,19.01,high,0,0
Y0,P1808,sitka-spruce,-3.66,16.09,59,20,16.37,12.28,2.19,75.0,0.1292,7.7589,crowded,0.6081,18.76,high,0,0
Y0,P1809,sitka-spruce,-2.17,15.65,59,20,15.23,10.88,2.10,71.4,0.0990,8.0139,crowded,0.6158,17.87,high,0,0
Y0,P1810,sitka-spruce,0.23,15.70,60,20,13.59,10.25,1.98,75.4,0.0743,9.1910,crowded,0.6477,18.86,high,0,0
Y0,P1811,sitka-spruce,1.84,16.13,60,20,14.43,11.46,2.04,79.4,0.0937,9.1391,crowded,0.6464,19.87,high,0,0
Y0,P1812,sitka-spruce,4.36,15.66,60,20,15.53,11.27,2.13,72.6,0.1067,9.0636,crowded,0.6445,18.16,high,0,0
Y0,P1813,sitka-spruce,5.98,16.09,61,20,16.46,12.54,2.20,76.2,0.1335,9.1086,crowded,0.6456,19.06,high,0,0
Y0,P1814,sitka-spruce,7.59,15.62,61,20,17.69,12.43,2.29,70.3,0.1528,9.3369,crowded,0.6513,17.58,high,0,0
Y0,P1815,sitka-spruce,10.11,16.05,62,20,16.70,12.51,2.22,74.9,0.1371,9.1690,crowded,0.6471,18.73,high,0,0
Y0,P1816,sitka-spruce,11.73,15.58,62,20,16.00,12.41,2.16,77.6,0.1248,10.4490,crowded,0.6764,19.40,high,0,0
Y0,P1817,sitka-spruce,14.25,16.01,62,20,14.44,10.93,2.04,75.7,0.0895,10.4441,crowded,0.6763,18.93,high,0,0
Y0,P1818,sitka-spruce,15.86,16.44,63,20,14.87,11.53,2.08,77.6,0.1001,9.0663,crowded,0.6445,19.39,high,0,0
Y0,P1819,sitka-spruce,18.38,15.97,63,20,14.80,10.97,2.07,74.2,0.0943,8.1696,crowded,0.6203,18.55,high,0,0
Y0,P1820,sitka-spruce,19.40,16.06,63,20,14.86,11.59,2.08,78.0,0.1005,7.0746,crowded,0.5859,19.52,high,0,0
Y0,P1900,sitka-spruce,-19.40,17.59,56,20,15.31,11.76,2.11,76.8,0.1083,6.7097,crowded,0.5730,19.20,high,0,0
Y0,P1901,sitka-spruce,-18.05,18.02,56,20,16.08,11.72,2.17,72.9,0.1191,7.1232,crowded,0.5876,18.23,high,0,0
Y0,P1902,sitka-spruce,-15.80,17.63,56,20,16.81,12.87,2.22,76.5,0.1428,8.2151,crowded,0.6216,19.14,high,0,0
Y0,P1903,sitka-spruce,-14.19,18.06,57,20,17.63,12.86,2.29,73.0,0.1570,7.6414,crowded,0.6045,18.25,high,0,0
Y0,P1904,sitka-spruce,-12.30,18.41,57,20,17.12,12.03,2.25,70.3,0.1384,7.9884,crowded,0.6150,17.58,high,0,0
Y0,P1905,sitka-spruce,-9.78,17.94,58,20,14.98,11.40,2.09,76.1,0.1004,8.4842,crowded,0.6292,19.04,high,0,0
Y0,P1906,sitka-spruce,-8.44,17.55,58,20,14.77,10.76,2.07,72.8,0.0922,9.1754,crowded,0.6473,18.22,high,0,0
Y0,P1907,sitka-spruce,-5.92,17.98,58,20,14.05,11.00,2.01,78.3,0.0853,8.8706,crowded,0.6395,19.59,high,0,0
Y0,P1908,sitka-spruce,-4.20,17.75,59,20,15.08,10.90,2.09,72.3,0.0973,8.1656,crowded,0.6202,18.08,high,0,0
Y0,P1909,sitka-spruce,-1.68,18.18,59,20,16.89,12.72,2.23,75.3,0.1425,7.1484,crowded,0.5884,18.83,high,0,0
Y0,P1910,sitka-spruce,0.37,17.95,60,20,17.60,13.22,2.29,75.1,0.1608,7.2187,crowded,0.5908,18.79,high,0,0
Y0,P1911,sitka-spruce,1.85,18.42,60,20,18.06,12.82,2.32,70.9,0.1642,7.4840,crowded,0.5995,17.75,high,0,0
Y0,P1912,sitka-spruce,3.60,17.91,60,20,16.48,12.35,2.20,74.9,0.1316,7.7813,crowded,0.6088,18.74,high,0,0
Y0,P1913,sitka-spruce,5.98,18.38,61,20,14.45,10.40,2.05,71.9,0.0853,8.9599,crowded,0.6418,17.99,high,0,0
Y0,P1914,sitka-spruce,8.10,18.03,61,20,14.00,10.14,2.01,72.4,0.0781,9.9930,crowded,0.6665,18.12,high,0,0
Y0,P1915,sitka-spruce,9.58,17.60,61,20,14.86,11.19,2.08,75.3,0.0970,9.5558,crowded,0.6565,18.83,high,0,0
Y0,P1916,sitka-spruce,12.23,17.99,62,20,15.96,12.38,2.16,77.6,0.1239,8.6851,crowded,0.6346,19.40,high,0,0
Y0,P1917,sitka-spruce,13.71,17.56,62,20,16.55,12.06,2.21,72.8,0.1297,8.4233,crowded,0.6275,18.22,high,0,0
Y0,P1918,sitka-spruce,15.83,18.11,63,20,17.93,12.71,2.31,70.9,0.1606,6.8804,crowded,0.5791,17.72,high,0,0
Y0,P1919,sitka-spruce,18.21,17.67,63,20,16.71,12.46,2.22,74.6,0.1366,6.6934,crowded,0.5724,18.66,high,0,0
Y0,P1920,sitka-spruce,19.40,17.59,63,20,15.44,11.92,2.12,77.2,0.1116,6.6816,crowded,0.5720,19.31,high,0,0
Y0,P2000,sitka-spruce,-19.40,19.40,56,20,15.47,11.55,2.12,74.7,0.1085,5.1067,crowded,0.5053,18.68,high,0,0
Y0,P2001,sitka-spruce,-18.15,19.40,56,20,15.92,11.32,2.16,71.1,0.1126,6.0757,crowded,0.5486,17.78,high,0,0
Y0,P2002,sitka-spruce,-15.90,19.40,56,20,18.72,13.75,2.37,73.5,0.1892,5.6695,crowded,0.5314,18.37,high,0,0
Y0,P2003,sitka-spruce,-14.28,19.40,57,20,19.16,13.51,2.40,70.5,0.1949,6.0321,crowded,0.5468,17.63,high,0,1
Y0,P2004,sitka-spruce,-12.03,19.40,57,20,17.22,13.00,2.26,75.5,0.1513,6.9866,crowded,0.5829,18.88,high,0,0
Y0,P2005,sitka-spruce,-10.42,19.40,57,20,14.75,10.96,2.07,74.3,0.0936,7.6896,crowded,0.6060,18.57,high,0,0
Y0,P2006,sitka-spruce,-8.17,19.40,58,20,11.96,9.91,1.85,82.9,0.0556,8.9239,crowded,0.6409,20.75,high,0,0
Y0,P2007,sitka-spruce,-5.65,19.40,58,20,12.11,9.50,1.87,78.4,0.0547,8.9185,crowded,0.6408,19.62,high,0,0
Y0,P2008,sitka-spruce,-4.13,19.40,59,20,13.81,11.02,2.00,79.8,0.0825,7.4632,crowded,0.5988,19.95,high,0,0
Y0,P2009,sitka-spruce,-1.61,19.40,59,20,17.60,12.85,2.29,73.0,0.1564,6.0839,crowded,0.5489,18.27,high,0,0
Y0,P2010,sitka-spruce,0.27,19.40,60,20,19.56,14.14,2.44,72.3,0.2124,5.7782,crowded,0.5361,18.07,high,0,0
Y0,P2011,sitka-spruce,1.75,19.40,60,20,19.23,14.44,2.41,75.1,0.2096,6.1921,crowded,0.5533,18.78,high,0,0
Y0,P2012,sitka-spruce,4.40,19.40,60,20,15.92,11.70,2.16,73.5,0.1164,6.9268,crowded,0.5808,18.38,high,0,0
Y0,P2013,sitka-spruce,5.88,19.40,61,20,13.68,10.83,1.99,79.1,0.0796,8.6135,crowded,0.6327,19.78,high,0,0
Y0,P2014,sitka-spruce,7.63,19.40,61,20,12.02,9.82,1.86,81.7,0.0557,9.3342,crowded,0.6512,20.43,high,0,0
Y0,P2015,sitka-spruce,10.02,19.40,62,20,12.75,9.58,1.91,75.1,0.0611,8.3328,crowded,0.6250,18.79,high,0,0
Y0,P2016,sitka-spruce,11.77,19.40,62,20,15.13,11.56,2.10,76.5,0.1039,7.4535,crowded,0.5985,19.12,high,0,0
Y0,P2017,sitka-spruce,14.15,19.40,62,20,18.55,12.99,2.36,70.1,0.1755,5.8831,crowded,0.5406,17.52,high,0,0
Y0,P2018,sitka-spruce,15.73,19.40,63,20,19.52,14.60,2.43,74.8,0.2185,5.3865,crowded,0.5186,18.70,high,0,1
Y0,P2019,sitka-spruce,18.11,19.40,63,20,18.16,13.06,2.33,71.9,0.1691,5.0577,crowded,0.5029,17.99,high,0,0
Y0,P2020,sitka-spruce,19.40,19.40,63,20,18.13,13.29,2.33,73.3,0.1715,4.3163,crowded,0.4633,18.33,high,0,0
Y10,P0000,sitka-spruce,-19.40,-19.40,0,30,23.75,15.38,1.85,64.8,0.3407,2.3701,moderate,0.3216,22.26,high,1,0
Y10,P0001,sitka-spruce,-18.27,-19.40,0,30,23.13,14.84,1.73,64.2,0.3117,2.9418,moderate,0.3704,22.04,high,1,0
Y10,P0002,sitka-spruce,-15.75,-19.40,0,30,25.40,16.42,1.86,64.6,0.4158,2.9160,moderate,0.3684,22.21,high,1,0
Y10,P0003,sitka-spruce,-14.14,-19.40,1,30,25.64,16.09,1.88,62.7,0.4155,2.8677,moderate,0.3645,23.02,high,1,1
Y10,P0004,sitka-spruce,-11.62,-19.40,1,30,23.38,15.31,1.68,65.5,0.3285,3.4193,crowded,0.4061,24.02,high,1,0
Y10,P0005,sitka-spruce,-10.00,-19.40,1,30,21.65,14.89,1.60,68.8,0.2741,3.3082,crowded,0.3982,25.24,high,1,0
Y10,P0006,sitka-spruce,-8.39,-19.40,2,30,19.88,13.33,1.44,67.0,0.2068,3.8555,crowded,0.4354,22.11,high,1,0
Y10,P0007,sitka-spruce,-5.87,-19.40,2,30,20.22,13.86,1.53,68.6,0.2225,3.1555,crowded,0.3869,22.61,high,1,0
Y10,P0008,sitka-spruce,-4.25,-19.40,3,30,22.01,13.87,1.71,63.0,0.2638,2.6181,moderate,0.3437,27.67,high,1,0
Y10,P0009,sitka-spruce,-1.73,-19.40,3,30,27.39,16.86,2.29,61.5,0.4965,1.3287,moderate,0.2099,27.02,high,1,1
Y10,P0018,sitka-spruce,15.78,-19.40,7,30,28.17,17.89,2.23,63.5,0.5575,1.7739,moderate,0.2619,17.02,high,1,1
Y10,P0019,sitka-spruce,18.16,-19.40,7,30,27.17,16.69,2.17,61.4,0.4839,1.7561,moderate,0.2599,16.46,high,1,0
Y10,P0206,sitka-spruce,-7.79,-15.81,2,30,17.05,12.85,1.11,75.3,0.1467,6.6279,crowded,0.5700,24.84,high,1,0
Y10,P0218,sitka-spruce,15.74,-15.56,7,30,25.63,17.00,1.76,66.3,0.4384,3.7248,crowded,0.4269,17.77,high,1,0
Y10,P0219,sitka-spruce,18.13,-15.99,7,30,24.05,15.45,1.69,64.2,0.3509,3.6114,crowded,0.4194,17.22,high,1,0
Y10,P0220,sitka-spruce,19.40,-16.40,7,30,23.83,15.98,1.75,67.1,0.3562,3.0136,crowded,0.3761,17.97,high,1,0
Y10,P0300,sitka-spruce,-19.40,-13.92,8,30,21.27,15.01,1.49,70.6,0.2666,4.0422,crowded,0.4470,17.80,high,1,0
Y10,P0301,sitka-spruce,-18.29,-14.35,8,30,21.30,14.48,1.48,68.0,0.2581,4.2314,crowded,0.4584,17.14,high,1,0
Y10,P0302,sitka-spruce,-15.90,-13.87,8,30,23.73,15.68,1.56,66.1,0.3466,4.6474,crowded,0.4817,16.67,high,1,0
Y10,P0303,sitka-spruce,-14.42,-14.31,9,30,24.49,16.64,1.57,68.0,0.3919,4.9577,crowded,0.4979,17.56,high,1,0
Y10,P0304,sitka-spruce,-12.40,-13.99,9,30,22.37,15.78,1.41,70.5,0.3101,5.7073,crowded,0.5330,18.22,high,1,0
Y10,P0305,sitka-spruce,-10.02,-14.43,9,30,18.46,13.21,1.16,71.5,0.1767,6.7609,crowded,0.5749,18.48,high,1,0
Y10,P0306,sitka-spruce,-7.63,-13.96,10,30,15.79,12.79,0.97,81.0,0.1253,8.5221,crowded,0.6302,20.70,high,1,0
Y10,P0307,sitka-spruce,-6.15,-14.39,10,30,15.34,11.98,0.94,78.1,0.1107,8.8074,crowded,0.6379,19.94,high,1,0
Y10,P0308,sitka-spruce,-4.31,-13.76,11,30,18.35,13.60,1.17,74.1,0.1800,6.5592,crowded,0.5674,18.97,high,1,0
Y10,P0311,sitka-spruce,1.81,-13.84,12,30,25.85,17.25,1.88,66.7,0.4526,2.9570,moderate,0.3716,19.59,high,1,1
Y10,P0312,sitka-spruce,4.33,-14.32,12,30,20.81,14.12,1.44,67.8,0.2401,4.3182,crowded,0.4634,19.91,high,1,0
Y10,P0313,sitka-spruce,5.95,-13.89,13,30,18.06,13.49,1.22,74.7,0.1729,5.4031,crowded,0.5194,18.90,high,1,0
Y10,P0314,sitka-spruce,7.56,-14.35,13,30,15.87,12.28,1.08,77.4,0.1214,5.9643,crowded,0.5440,19.58,high,1,0
Y10,P0315,sitka-spruce,10.08,-13.92,14,30,16.94,12.49,1.12,73.8,0.1407,6.3006,crowded,0.5575,22.92,high,1,0
Y10,P0316,sitka-spruce,11.70,-14.39,14,30,19.09,13.85,1.25,72.5,0.1981,5.7076,crowded,0.5330,22.54,high,1,0
Y10,P0317,sitka-spruce,14.22,-13.96,14,30,22.83,15.31,1.49,67.1,0.3136,4.9928,crowded,0.4996,20.84,high,1,0
Y10,P0318,sitka-spruce,15.66,-14.12,15,30,24.00,16.79,1.58,70.0,0.3798,4.6237,crowded,0.4804,20.68,high,1,0
Y10,P0319,sitka-spruce,18.18,-13.69,15,30,22.43,15.38,1.52,68.6,0.3040,4.3794,crowded,0.4669,20.27,high,1,0
Y10,P0320,sitka-spruce,19.40,-14.19,15,30,23.62,15.99,1.66,67.7,0.3504,3.6392,crowded,0.4212,20.02,high,1,0
Y10,P0400,sitka-spruce,-19.40,-11.75,8,30,23.15,14.97,1.65,64.7,0.3151,3.5536,crowded,0.4155,16.31,high,1,0
Y10,P0401,sitka-spruce,-17.89,-12.22,8,30,21.21,14.94,1.40,70.5,0.2640,5.0311,crowded,0.5015,17.77,high,1,0
Y10,P0402,sitka-spruce,-16.27,-11.79,8,30,20.99,15.22,1.36,72.5,0.2633,5.4291,crowded,0.5206,18.29,high,1,0
Y10,P0403,sitka-spruce,-13.75,-12.26,9,30,21.40,15.21,1.32,71.0,0.2735,6.3159,crowded,0.5581,18.36,high,1,0
Y10,P0404,sitka-spruce,-11.77,-11.67,9,30,20.05,14.54,1.19,72.5,0.2294,7.5081,crowded,0.6003,18.74,high,1,0
Y10,P0405,sitka-spruce,-10.16,-12.15,9,30,19.71,15.01,1.16,76.2,0.2290,7.8009,crowded,0.6094,19.68,high,1,0
Y10,P0406,sitka-spruce,-7.64,-11.71,10,30,19.69,14.32,1.14,72.7,0.2180,8.2836,crowded,0.6236,18.57,high,1,0
Y10,P0407,sitka-spruce,-6.02,-12.19,10,30,19.00,14.52,1.11,76.4,0.2058,8.1994,crowded,0.6212,19.53,high,1,0
Y10,P0408,sitka-spruce,-3.87,-11.91,11,30,19.87,14.59,1.17,73.4,0.2263,7.7102,crowded,0.6066,18.80,high,1,0
Y10,P0409,sitka-spruce,-2.26,-12.38,11,30,21.08,14.47,1.33,68.7,0.2526,5.9338,crowded,0.5427,17.57,high,1,0
Y10,P0412,sitka-spruce,3.94,-12.07,12,30,19.84,13.92,1.29,70.2,0.2153,5.6311,crowded,0.5297,20.60,high,1,0
Y10,P0413,sitka-spruce,6.33,-11.60,13,30,19.18,14.31,1.18,74.6,0.2067,7.0550,crowded,0.5852,18.87,high,1,0
Y10,P0414,sitka-spruce,7.81,-12.03,13,30,18.42,14.08,1.12,76.5,0.1876,7.4271,crowded,0.5977,19.35,high,1,0
Y10,P0415,sitka-spruce,10.19,-11.56,14,30,19.10,13.89,1.14,72.7,0.1991,7.5948,crowded,0.6030,22.59,high,1,0
Y10,P0505,sitka-spruce,-10.14,-10.26,9,30,19.56,14.26,1.12,72.9,0.2142,8.4055,crowded,0.6270,18.83,high,1,0
Y10,P0506,sitka-spruce,-8.39,-9.86,18,30,21.47,15.71,1.22,73.2,0.2842,7.9632,crowded,0.6143,18.64,high,1,0
Y10,P0507,sitka-spruce,-6.01,-10.29,10,30,21.05,14.89,1.20,70.7,0.2590,8.1361,crowded,0.6194,18.07,high,1,0
Y10,P0508,sitka-spruce,-3.89,-9.74,19,30,19.68,14.20,1.12,72.1,0.2160,8.5137,crowded,0.6300,18.59,high,1,0
Y10,P0509,sitka-spruce,-2.41,-10.18,11,30,18.09,13.75,1.06,76.0,0.1766,8.4150,crowded,0.6273,19.46,high,1,0
Y10,P0510,sitka-spruce,-0.29,-10.26,11,30,18.49,13.52,1.19,73.1,0.1816,6.2239,crowded,0.5545,18.72,high,1,0
Y10,P0512,sitka-spruce,3.58,-10.22,12,30,19.75,14.36,1.25,72.7,0.2200,6.1729,crowded,0.5525,21.35,high,1,0
Y10,P0513,sitka-spruce,6.10,-9.79,21,30,22.34,15.40,1.36,68.9,0.3018,6.3333,crowded,0.5588,17.92,high,1,0
Y10,P0514,sitka-spruce,7.98,-10.34,13,30,22.37,16.17,1.31,72.3,0.3178,7.0708,crowded,0.5858,18.29,high,1,0
Y10,P0515,sitka-spruce,9.60,-9.91,21,30,22.49,15.89,1.28,70.6,0.3156,7.6493,crowded,0.6047,18.36,high,1,0
Y10,P0516,sitka-spruce,11.85,-10.30,14,30,20.34,15.29,1.19,75.2,0.2484,7.6195,crowded,0.6038,23.35,high,1,0
Y10,P0517,sitka-spruce,14.37,-9.87,22,30,17.61,13.44,1.05,76.3,0.1637,8.4012,crowded,0.6269,20.07,high,1,0
Y10,P0518,sitka-spruce,16.08,-10.10,15,30,17.84,12.90,1.11,72.3,0.1613,7.1246,crowded,0.5876,21.38,high,1,0
Y10,P0601,sitka-spruce,-18.26,-7.72,16,30,21.43,14.57,1.42,68.0,0.2626,4.9722,crowded,0.4986,18.59,high,1,0
Y10,P0604,sitka-spruce,-12.15,-8.07,17,30,16.46,13.43,0.96,81.6,0.1429,9.5663,crowded,0.6567,22.67,high,1,0
Y10,P0605,sitka-spruce,-9.63,-7.64,18,30,21.51,15.67,1.19,72.9,0.2847,8.6549,crowded,0.6338,18.56,high,1,0
Y10,P0606,sitka-spruce,-8.28,-8.03,18,30,23.38,16.20,1.29,69.3,0.3477,8.1847,crowded,0.6208,17.65,high,1,0
Y10,P0607,sitka-spruce,-5.76,-7.60,18,30,23.70,16.94,1.32,71.5,0.3735,7.9108,crowded,0.6127,18.21,high,1,0
Y10,P0608,sitka-spruce,-4.25,-8.31,19,30,21.25,14.96,1.20,70.4,0.2654,8.1969,crowded,0.6211,18.14,high,1,0
Y10,P0609,sitka-spruce,-1.73,-7.88,19,30,16.21,12.96,0.95,80.0,0.1338,9.6220,crowded,0.6580,20.60,high,1,0
Y10,P0610,sitka-spruce,0.15,-7.79,20,30,14.51,11.50,0.89,79.2,0.0951,9.1752,crowded,0.6473,34.15,high,1,0
Y10,P0612,sitka-spruce,4.29,-7.83,20,30,19.67,14.87,1.21,75.6,0.2258,6.7797,crowded,0.5755,32.59,high,1,0
Y10,P0614,sitka-spruce,8.42,-7.87,21,30,24.74,17.20,1.40,69.5,0.4135,7.1955,crowded,0.5900,18.07,high,1,1
Y10,P0615,sitka-spruce,9.90,-8.30,21,30,23.34,16.97,1.31,72.7,0.3632,7.8142,crowded,0.6098,18.89,high,1,0
Y10,P0616,sitka-spruce,11.65,-7.91,22,30,20.38,14.89,1.13,73.0,0.2428,9.0411,crowded,0.6439,19.21,high,1,0
Y10,P0617,sitka-spruce,14.04,-8.34,22,30,15.86,13.00,0.91,82.0,0.1284,10.4436,crowded,0.6762,21.56,high,1,0
Y10,P0618,sitka-spruce,15.62,-7.63,23,30,14.01,11.90,0.82,84.9,0.0918,11.2952,crowded,0.6932,21.63,high,1,0
Y10,P0619,sitka-spruce,18.00,-8.07,23,30,16.77,13.30,1.07,79.3,0.1469,7.1785,crowded,0.5894,20.20,high,1,0
Y10,P0620,sitka-spruce,19.40,-7.97,23,30,21.12,14.25,1.44,67.5,0.2495,4.4757,crowded,0.4723,17.20,high,1,0
Y10,P0700,sitka-spruce,-19.40,-5.72,16,30,22.92,16.04,1.53,70.0,0.3309,4.4992,crowded,0.4736,19.13,high,1,1
Y10,P0701,sitka-spruce,-17.79,-6.15,16,30,18.77,13.67,1.17,72.8,0.1891,6.8997,crowded,0.5798,19.91,high,1,0
Y10,P0702,sitka-spruce,-16.31,-5.68,16,30,15.78,12.10,0.94,76.7,0.1182,9.2329,crowded,0.6487,20.96,high,1,0
Y10,P0703,sitka-spruce,-13.93,-6.11,17,30,14.26,11.95,0.83,83.8,0.0955,11.1968,crowded,0.6913,23.28,high,1,0
Y10,P0704,sitka-spruce,-12.45,-5.64,17,30,16.19,12.73,0.90,78.6,0.1311,11.2645,crowded,0.6926,21.84,high,1,0
Y10,P0705,sitka-spruce,-10.06,-6.07,17,30,21.24,15.66,1.18,73.7,0.2774,8.5469,crowded,0.6309,20.48,high,1,0
Y10,P0706,sitka-spruce,-7.68,-5.60,18,30,24.28,17.02,1.32,70.1,0.3940,8.2402,crowded,0.6224,17.86,high,1,0
Y10,P0707,sitka-spruce,-6.20,-6.03,18,30,24.37,17.56,1.31,72.1,0.4095,8.5174,crowded,0.6301,18.36,high,1,1
Y10,P0708,sitka-spruce,-3.81,-5.56,19,30,20.73,15.29,1.15,73.7,0.2579,8.9347,crowded,0.6412,19.00,high,1,0
Y10,P0709,sitka-spruce,-2.33,-5.99,19,30,17.70,14.12,1.01,79.8,0.1738,9.4946,crowded,0.6550,20.56,high,1,0
Y10,P0710,sitka-spruce,-0.21,-6.08,19,30,14.37,12.09,0.88,84.1,0.0981,9.4602,crowded,0.6542,21.68,high,1,0
Y10,P0713,sitka-spruce,6.44,-5.68,21,30,23.39,16.00,1.40,68.4,0.3437,6.3781,crowded,0.5606,17.78,high,1,0
Y10,P0714,sitka-spruce,8.43,-6.00,21,30,24.69,17.15,1.41,69.5,0.4106,6.9928,crowded,0.5831,18.05,high,1,0
Y10,P0715,sitka-spruce,10.04,-5.57,22,30,22.99,15.94,1.27,69.3,0.3307,8.2081,crowded,0.6214,18.24,high,1,1
Y10,P0716,sitka-spruce,11.66,-6.04,22,30,20.13,14.81,1.10,73.6,0.2356,9.4737,crowded,0.6545,19.35,high,1,0
Y10,P0717,sitka-spruce,14.17,-5.61,22,30,15.14,12.93,0.84,85.4,0.1164,11.9633,crowded,0.7052,22.46,high,1,0
Y10,P0718,sitka-spruce,16.16,-5.92,23,30,13.69,11.30,0.81,82.5,0.0832,11.3131,crowded,0.6935,21.03,high,1,0
Y10,P0719,sitka-spruce,17.77,-6.39,23,30,15.46,12.53,0.96,81.0,0.1176,8.5180,crowded,0.6301,20.65,high,1,0
Y10,P0720,sitka-spruce,19.40,-5.99,23,30,20.25,14.52,1.34,71.7,0.2338,5.1754,crowded,0.5086,18.27,high,1,0
Y10,P0800,sitka-spruce,-19.40,-4.14,24,30,21.14,14.47,1.37,68.4,0.2540,5.3227,crowded,0.5156,17.23,high,1,0
Y10,P0801,sitka-spruce,-17.85,-3.71,24,30,18.55,14.06,1.13,75.8,0.1901,7.3719,crowded,0.5959,19.08,high,1,0
Y10,P0802,sitka-spruce,-16.23,-4.18,24,30,16.08,13.29,0.95,82.6,0.1350,9.3648,crowded,0.6519,20.80,high,1,0
Y10,P0803,sitka-spruce,-13.71,-3.74,25,30,15.82,12.93,0.88,81.7,0.1272,11.3519,crowded,0.6942,20.97,high,1,0
Y10,P0804,sitka-spruce,-12.10,-4.22,25,30,16.61,13.64,0.91,82.1,0.1478,11.1516,crowded,0.6904,21.07,high,1,0
Y10,P0805,sitka-spruce,-9.58,-3.79,26,30,19.89,14.85,1.08,74.6,0.2306,9.6504,crowded,0.6587,19.06,high,1,0
Y10,P0806,sitka-spruce,-7.96,-4.26,26,30,21.76,16.12,1.17,74.1,0.2998,9.2035,crowded,0.6480,18.92,high,1,0
Y10,P0807,sitka-spruce,-6.35,-3.83,26,30,21.19,15.44,1.13,72.8,0.2723,9.8841,crowded,0.6641,18.60,high,1,0
Y10,P0808,sitka-spruce,-4.00,-3.98,27,30,19.61,14.97,1.09,76.3,0.2260,9.2797,crowded,0.6499,19.23,high,1,0
Y10,P0809,sitka-spruce,-2.38,-3.55,27,30,17.97,13.56,1.04,75.5,0.1719,8.9283,crowded,0.6410,19.01,high,1,0
Y10,P0810,sitka-spruce,0.12,-3.59,28,30,16.92,12.61,1.06,74.5,0.1418,7.4593,crowded,0.5987,48.99,high,1,0
Y10,P0813,sitka-spruce,6.37,-3.98,29,30,21.46,15.66,1.27,73.0,0.2832,7.0006,crowded,0.5834,18.62,high,1,0
Y10,P0814,sitka-spruce,8.39,-3.67,29,30,21.63,15.62,1.23,72.2,0.2870,7.8473,crowded,0.6108,18.41,high,1,0
Y10,P0815,sitka-spruce,9.87,-4.10,29,30,21.39,16.07,1.18,75.1,0.2886,8.7755,crowded,0.6370,19.16,high,1,0
Y10,P0816,sitka-spruce,12.25,-3.63,30,30,18.30,14.30,0.99,78.2,0.1880,10.8346,crowded,0.6842,19.94,high,1,0
Y10,P0817,sitka-spruce,13.73,-4.07,30,30,16.28,12.71,0.88,78.1,0.1323,12.1219,crowded,0.7080,19.90,high,1,0
Y10,P0818,sitka-spruce,15.58,-4.34,31,30,14.78,12.41,0.83,84.0,0.1065,11.7880,crowded,0.7022,21.28,high,1,0
Y10,P0819,sitka-spruce,17.97,-3.87,31,30,16.99,12.62,1.02,74.3,0.1430,8.4366,crowded,0.6279,18.82,high,1,0
Y10,P0820,sitka-spruce,19.40,-4.14,31,30,19.42,13.57,1.25,69.9,0.2009,5.8969,crowded,0.5412,17.70,high,1,0
Y10,P0900,sitka-spruce,-19.40,-2.38,24,30,19.82,14.61,1.26,73.7,0.2254,6.0506,crowded,0.5475,18.56,high,1,0
Y10,P0901,sitka-spruce,-17.72,-1.90,24,30,19.23,13.98,1.15,72.7,0.2029,7.6402,crowded,0.6044,18.30,high,1,0
Y10,P0902,sitka-spruce,-15.97,-2.41,24,30,18.38,14.14,1.06,76.9,0.1876,8.7875,crowded,0.6374,19.36,high,1,0
Y10,P0903,sitka-spruce,-13.58,-1.94,25,30,18.70,13.92,1.01,74.5,0.1911,10.4527,crowded,0.6764,19.10,high,1,0
Y10,P0904,sitka-spruce,-11.83,-1.55,25,30,18.65,14.41,0.99,77.2,0.1968,10.9960,crowded,0.6874,19.82,high,1,0
Y10,P0905,sitka-spruce,-10.35,-1.98,25,30,18.22,14.61,0.98,80.2,0.1906,10.9090,crowded,0.6857,20.57,high,1,0
Y10,P0906,sitka-spruce,-7.70,-1.59,26,30,17.30,13.56,0.93,78.4,0.1595,11.5934,crowded,0.6987,20.02,high,1,0
Y10,P0907,sitka-spruce,-6.22,-2.02,26,30,18.23,14.40,1.00,79.0,0.1879,10.4459,crowded,0.6763,20.18,high,1,0
Y10,P0908,sitka-spruce,-3.56,-1.63,27,30,18.72,13.86,1.07,74.0,0.1907,8.8323,crowded,0.6385,18.66,high,1,0
Y10,P0909,sitka-spruce,-2.08,-2.06,27,30,19.04,14.41,1.11,75.6,0.2051,8.2557,crowded,0.6228,19.06,high,1,0
Y10,P0910,sitka-spruce,-0.25,-1.74,27,30,19.89,14.77,1.22,74.3,0.2294,6.8219,crowded,0.5771,18.71,high,1,0
Y10,P0913,sitka-spruce,6.14,-2.18,29,30,19.15,14.17,1.15,74.0,0.2041,7.3647,crowded,0.5956,18.87,high,1,0
Y10,P0914,sitka-spruce,8.39,-1.67,29,30,17.78,13.71,1.01,77.1,0.1702,9.5169,crowded,0.6556,19.67,high,1,0
Y10,P0915,sitka-spruce,10.01,-2.14,30,30,18.47,13.71,1.02,74.2,0.1835,10.0210,crowded,0.6671,18.93,high,1,0
Y10,P0916,sitka-spruce,12.26,-1.63,30,30,18.20,14.31,0.97,78.6,0.1861,11.3158,crowded,0.6935,20.04,high,1,0
Y10,P0917,sitka-spruce,13.87,-2.10,30,30,18.25,13.86,0.98,75.9,0.1812,11.0685,crowded,0.6888,19.36,high,1,0
Y10,P0918,sitka-spruce,16.12,-1.59,31,30,19.57,14.35,1.09,73.3,0.2159,9.2001,crowded,0.6479,18.57,high,1,0
Y10,P0919,sitka-spruce,17.74,-2.06,31,30,19.04,14.50,1.12,76.2,0.2065,8.1100,crowded,0.6186,19.30,high,1,0
Y10,P0920,sitka-spruce,19.40,-2.10,31,30,19.47,14.62,1.25,75.1,0.2176,6.0072,crowded,0.5457,19.02,high,1,0
Y10,P1000,sitka-spruce,-19.40,0.20,32,30,20.11,14.89,1.28,74.1,0.2364,5.9846,crowded,0.5448,20.62,high,1,0
Y10,P1001,sitka-spruce,-18.01,-0.23,24,30,20.01,14.52,1.19,72.5,0.2284,7.4727,crowded,0.5991,18.26,high,1,0
Y10,P1002,sitka-spruce,-15.62,0.23,32,30,22.56,15.75,1.26,69.8,0.3148,8.0691,crowded,0.6174,19.44,high,1,0
Y10,P1003,sitka-spruce,-14.14,-0.20,25,30,22.04,16.00,1.21,72.6,0.3051,8.6804,crowded,0.6345,18.62,high,1,0
Y10,P1004,sitka-spruce,-12.12,0.12,33,30,20.53,15.01,1.10,73.1,0.2483,9.8001,crowded,0.6622,18.67,high,1,0
Y10,P1005,sitka-spruce,-9.74,-0.32,26,30,17.14,13.78,0.92,80.4,0.1589,11.5975,crowded,0.6988,20.53,high,1,0
Y10,P1006,sitka-spruce,-8.26,0.16,34,30,15.12,12.47,0.83,82.5,0.1120,12.7048,crowded,0.7176,21.45,high,1,0
Y10,P1007,sitka-spruce,-5.87,-0.27,26,30,15.86,13.15,0.89,82.9,0.1299,10.9170,crowded,0.6859,21.18,high,1,0
Y10,P1008,sitka-spruce,-4.02,0.35,35,30,17.72,13.41,1.04,75.7,0.1654,8.6967,crowded,0.6349,20.28,high,1,0
Y10,P1009,sitka-spruce,-1.64,-0.08,27,30,21.51,15.63,1.30,72.7,0.2839,6.6950,crowded,0.5725,18.31,high,1,0
Y10,P1010,sitka-spruce,-0.42,-0.16,27,30,22.37,16.11,1.38,72.0,0.3166,5.9675,crowded,0.5441,18.14,high,1,0
Y10,P1013,sitka-spruce,6.23,0.23,37,30,16.31,12.63,0.98,77.5,0.1319,8.8538,crowded,0.6391,19.96,high,1,0
Y10,P1014,sitka-spruce,7.85,-0.24,29,30,15.37,12.57,0.90,81.8,0.1166,10.0713,crowded,0.6682,20.86,high,1,0
Y10,P1015,sitka-spruce,10.37,0.19,38,30,15.58,12.43,0.86,79.8,0.1186,11.8860,crowded,0.7039,20.15,high,1,0
Y10,P1016,sitka-spruce,11.98,-0.28,30,30,17.89,13.95,0.96,77.9,0.1753,11.3027,crowded,0.6933,19.88,high,1,0
Y10,P1017,sitka-spruce,13.60,0.15,38,30,20.35,14.71,1.09,72.3,0.2391,9.9359,crowded,0.6652,18.26,high,1,0
Y10,P1018,sitka-spruce,15.95,-0.01,31,30,22.02,15.92,1.22,72.3,0.3033,8.3524,crowded,0.6255,18.32,high,1,0
Y10,P1019,sitka-spruce,17.56,0.43,39,30,22.01,15.34,1.27,69.7,0.2918,7.5552,crowded,0.6018,17.70,high,1,0
Y10,P1102,sitka-spruce,-16.22,1.80,32,30,24.37,17.44,1.41,71.6,0.4067,6.8773,crowded,0.5790,19.93,high,1,0
Y10,P1103,sitka-spruce,-13.71,2.23,33,30,24.80,17.41,1.36,70.2,0.4204,7.9171,crowded,0.6129,17.93,high,1,1
Y10,P1104,sitka-spruce,-11.82,1.68,33,30,21.60,15.39,1.16,71.2,0.2820,9.4850,crowded,0.6548,18.19,high,1,0
Y10,P1105,sitka-spruce,-10.21,2.11,33,30,18.19,14.20,1.00,78.1,0.1846,10.3495,crowded,0.6743,19.94,high,1,0
Y10,P1106,sitka-spruce,-7.96,1.72,34,30,14.47,11.92,0.80,82.4,0.0980,12.6141,crowded,0.7161,21.43,high,1,0
Y10,P1107,sitka-spruce,-6.34,2.15,34,30,14.45,12.34,0.85,85.4,0.1011,10.7898,crowded,0.6833,22.21,high,1,0
Y10,P1108,sitka-spruce,-3.55,1.60,35,30,18.09,13.50,1.09,74.6,0.1735,7.8151,crowded,0.6098,20.00,high,1,0
Y10,P1109,sitka-spruce,-1.94,2.04,35,30,22.31,15.90,1.45,71.2,0.3109,5.0692,crowded,0.5034,19.10,high,1,1
Y10,P1112,sitka-spruce,3.62,2.27,36,30,21.43,14.72,1.36,68.7,0.2655,5.6670,crowded,0.5313,24.59,high,1,0
Y10,P1113,sitka-spruce,6.01,1.84,37,30,15.48,12.55,0.92,81.1,0.1181,9.6883,crowded,0.6596,20.89,high,1,0
Y10,P1114,sitka-spruce,8.13,2.39,37,30,12.60,11.35,0.73,90.0,0.0708,13.0968,crowded,0.7237,23.20,high,1,0
Y10,P1115,sitka-spruce,9.61,1.96,37,30,13.38,11.17,0.76,83.5,0.0785,13.1165,crowded,0.7240,21.51,high,1,0
Y10,P1116,sitka-spruce,12.26,2.35,38,30,18.44,14.18,0.99,76.9,0.1893,10.6929,crowded,0.6814,19.43,high,1,0
Y10,P1117,sitka-spruce,13.74,1.92,38,30,21.54,16.20,1.16,75.2,0.2951,9.3233,crowded,0.6509,18.99,high,1,0
Y10,P1118,sitka-spruce,16.03,2.15,39,30,23.88,17.30,1.33,72.5,0.3875,7.7652,crowded,0.6083,18.39,high,1,1
Y10,P1119,sitka-spruce,18.41,1.72,39,30,21.58,15.35,1.26,71.1,0.2807,7.4115,crowded,0.5971,18.05,high,1,0
Y10,P1120,sitka-spruce,19.40,2.22,39,30,20.58,14.68,1.25,71.3,0.2441,6.6840,crowded,0.5721,18.10,high,1,0
Y10,P1201,sitka-spruce,-18.42,3.75,32,30,19.64,14.14,1.21,72.0,0.2142,6.7055,crowded,0.5729,20.04,high,1,0
Y10,P1202,sitka-spruce,-15.77,4.14,32,30,23.30,16.79,1.32,72.1,0.3580,7.6107,crowded,0.6035,20.07,high,1,0
Y10,P1203,sitka-spruce,-14.29,3.71,33,30,23.84,16.57,1.31,69.5,0.3699,8.1373,crowded,0.6194,17.75,high,1,0
Y10,P1204,sitka-spruce,-11.63,4.10,33,30,20.21,14.73,1.11,72.9,0.2362,9.2875,crowded,0.6500,18.61,high,1,0
Y10,P1205,sitka-spruce,-10.15,3.67,33,30,17.10,13.61,0.95,79.6,0.1562,10.5821,crowded,0.6791,20.32,high,1,0
Y10,P1206,sitka-spruce,-8.40,4.07,34,30,14.40,11.61,0.83,80.6,0.0946,11.5039,crowded,0.6970,20.96,high,1,0
Y10,P1207,sitka-spruce,-6.02,3.63,34,30,14.06,11.70,0.85,83.2,0.0908,9.9974,crowded,0.6666,21.64,high,1,0
Y10,P1208,sitka-spruce,-4.44,4.34,35,30,17.46,12.79,1.14,73.3,0.1532,6.2080,crowded,0.5539,19.64,high,1,0
Y10,P1212,sitka-spruce,3.93,3.86,36,30,20.70,14.80,1.29,71.5,0.2491,6.1635,crowded,0.5521,25.59,high,1,0
Y10,P1213,sitka-spruce,6.45,4.29,37,30,15.24,11.98,0.89,78.6,0.1093,10.3997,crowded,0.6753,20.26,high,1,0
Y10,P1214,sitka-spruce,7.80,3.90,37,30,13.40,11.81,0.77,88.2,0.0833,12.7532,crowded,0.7184,22.72,high,1,0
Y10,P1215,sitka-spruce,10.32,4.33,38,30,15.03,12.27,0.82,81.6,0.1089,12.7467,crowded,0.7183,20.61,high,1,0
Y10,P1216,sitka-spruce,11.66,3.94,38,30,17.27,14.01,0.93,81.1,0.1641,11.6034,crowded,0.6989,20.48,high,1,0
Y10,P1217,sitka-spruce,14.18,4.37,38,30,21.96,15.87,1.19,72.3,0.3006,9.0370,crowded,0.6438,18.25,high,1,0
Y10,P1218,sitka-spruce,15.70,3.67,39,30,23.73,17.14,1.31,72.2,0.3790,8.1019,crowded,0.6184,18.33,high,1,0
Y10,P1219,sitka-spruce,18.22,4.10,39,30,21.85,15.55,1.26,71.2,0.2915,7.6177,crowded,0.6037,18.07,high,1,0
Y10,P1220,sitka-spruce,19.40,4.37,39,30,21.13,15.25,1.28,72.2,0.2674,6.7075,crowded,0.5729,18.33,high,1,0
Y10,P1300,sitka-spruce,-19.40,6.33,40,30,19.81,14.59,1.24,73.7,0.2248,6.3870,crowded,0.5609,18.78,high,1,0
Y10,P1301,sitka-spruce,-18.44,5.86,40,30,20.28,14.53,1.22,71.7,0.2348,7.0590,crowded,0.5854,18.27,high,1,0
Y10,P1302,sitka-spruce,-15.92,6.29,40,30,21.51,15.69,1.22,72.9,0.2852,8.1011,crowded,0.6184,18.60,high,1,0
Y10,P1303,sitka-spruce,-14.31,5.82,41,30,22.31,15.77,1.22,70.7,0.3081,8.6758,crowded,0.6344,18.20,high,1,0
Y10,P1304,sitka-spruce,-11.79,6.25,41,30,20.23,14.59,1.10,72.1,0.2345,9.5436,crowded,0.6562,18.57,high,1,0
Y10,P1305,sitka-spruce,-10.17,5.78,41,30,18.83,14.41,1.05,76.5,0.2007,9.4078,crowded,0.6530,19.69,high,1,0
Y10,P1306,sitka-spruce,-7.65,6.21,42,30,18.12,14.04,1.10,77.5,0.1810,7.6218,crowded,0.6039,20.73,high,1,0
Y10,P1311,sitka-spruce,2.36,6.26,44,30,21.30,14.63,1.37,68.7,0.2607,5.4367,crowded,0.5209,17.46,high,1,0
Y10,P1312,sitka-spruce,3.84,5.83,44,30,20.14,14.96,1.25,74.3,0.2383,6.3840,crowded,0.5608,18.88,high,1,0
Y10,P1313,sitka-spruce,6.23,6.30,45,30,17.38,13.31,1.00,76.6,0.1579,9.3367,crowded,0.6512,19.77,high,1,0
Y10,P1314,sitka-spruce,8.25,5.71,45,30,15.25,12.59,0.84,82.5,0.1150,12.2214,crowded,0.7097,21.30,high,1,0
Y10,P1315,sitka-spruce,9.73,6.18,45,30,16.31,13.61,0.88,83.4,0.1422,12.0276,crowded,0.7064,21.53,high,1,0
Y10,P1316,sitka-spruce,12.11,5.75,46,30,18.13,14.23,0.97,78.5,0.1837,11.0507,crowded,0.6885,20.37,high,1,0
Y10,P1317,sitka-spruce,13.59,6.22,46,30,19.35,14.25,1.03,73.6,0.2095,10.6051,crowded,0.6796,19.12,high,1,0
Y10,P1318,sitka-spruce,15.61,5.63,47,30,21.50,15.61,1.16,72.6,0.2834,9.2099,crowded,0.6481,18.33,high,1,0
Y10,P1319,sitka-spruce,17.99,6.10,47,30,20.44,15.30,1.18,74.8,0.2511,8.0436,crowded,0.6167,18.90,high,1,0
Y10,P1320,sitka-spruce,19.40,6.34,47,30,20.03,14.58,1.23,72.8,0.2297,6.7051,crowded,0.5728,18.37,high,1,0
Y10,P1400,sitka-spruce,-19.40,7.81,40,30,20.84,15.23,1.31,73.1,0.2599,6.0577,crowded,0.5478,18.64,high,1,0
Y10,P1401,sitka-spruce,-17.96,8.28,40,30,19.74,14.30,1.17,72.4,0.2188,7.5846,crowded,0.6027,18.47,high,1,0
Y10,P1402,sitka-spruce,-15.58,7.85,40,30,18.82,14.84,1.05,78.9,0.2064,9.5602,crowded,0.6566,20.11,high,1,0
Y10,P1403,sitka-spruce,-14.10,8.32,41,30,17.79,13.79,0.98,77.5,0.1714,10.5752,crowded,0.6790,19.95,high,1,0
Y10,P1404,sitka-spruce,-11.71,7.89,41,30,19.17,14.63,1.04,76.3,0.2113,10.0731,crowded,0.6683,19.65,high,1,0
Y10,P1405,sitka-spruce,-10.23,8.36,41,30,20.19,15.46,1.14,76.6,0.2475,8.6349,crowded,0.6333,19.72,high,1,0
Y10,P1406,sitka-spruce,-7.85,7.93,42,30,21.40,15.42,1.32,72.1,0.2773,6.1743,crowded,0.5525,19.28,high,1,0
Y10,P1411,sitka-spruce,2.14,7.88,44,30,19.58,14.02,1.25,71.6,0.2111,5.9775,crowded,0.5445,18.19,high,1,0
Y10,P1412,sitka-spruce,3.75,8.32,44,30,19.33,14.44,1.17,74.7,0.2119,7.3146,crowded,0.5940,18.98,high,1,0
Y10,P1413,sitka-spruce,6.27,7.84,45,30,19.91,14.53,1.13,73.0,0.2263,8.6367,crowded,0.6333,18.83,high,1,0
Y10,P1414,sitka-spruce,8.26,8.43,45,30,20.90,15.08,1.12,72.1,0.2588,9.6164,crowded,0.6579,18.62,high,1,0
Y10,P1415,sitka-spruce,9.87,7.96,45,30,19.82,15.16,1.06,76.5,0.2338,10.2393,crowded,0.6719,19.74,high,1,0
Y10,P1416,sitka-spruce,12.39,8.39,46,30,18.75,14.94,1.00,79.7,0.2062,10.9744,crowded,0.6870,20.69,high,1,0
Y10,P1417,sitka-spruce,14.01,7.92,46,30,18.26,14.24,0.97,78.0,0.1865,11.2159,crowded,0.6917,20.25,high,1,0
Y10,P1418,sitka-spruce,15.99,7.61,47,30,18.60,13.98,1.02,75.2,0.1898,10.1805,crowded,0.6706,18.97,high,1,0
Y10,P1419,sitka-spruce,17.60,8.04,47,30,18.39,14.31,1.05,77.8,0.1901,8.9509,crowded,0.6416,19.65,high,1,0
Y10,P1420,sitka-spruce,19.40,8.45,47,30,18.75,13.68,1.15,72.9,0.1889,7.1370,crowded,0.5880,18.42,high,1,0
Y10,P1500,sitka-spruce,-19.40,9.96,40,30,21.24,15.23,1.34,71.7,0.2699,5.8658,crowded,0.5398,18.29,high,1,0
Y10,P1501,sitka-spruce,-17.98,10.39,48,30,18.03,13.51,1.05,74.9,0.1724,8.7441,crowded,0.6362,18.83,high,1,0
Y10,P1502,sitka-spruce,-15.73,10.00,48,30,14.59,12.63,0.81,86.6,0.1056,12.4016,crowded,0.7127,21.76,high,1,0
Y10,P1503,sitka-spruce,-14.11,10.43,49,30,13.61,11.80,0.74,86.7,0.0858,14.3019,crowded,0.7410,22.62,high,1,0
Y10,P1504,sitka-spruce,-11.86,10.04,49,30,16.85,13.26,0.93,78.6,0.1479,10.8300,crowded,0.6841,20.53,high,1,0
Y10,P1505,sitka-spruce,-10.25,9.57,41,30,19.65,15.22,1.09,77.4,0.2309,9.1795,crowded,0.6474,19.93,high,1,0
Y10,P1506,sitka-spruce,-8.00,10.08,50,30,23.42,16.35,1.42,69.8,0.3521,6.0577,crowded,0.5478,18.48,high,1,0
Y10,P1511,sitka-spruce,2.37,10.08,52,30,17.91,13.05,1.12,72.9,0.1644,7.0338,crowded,0.5845,36.91,high,1,0
Y10,P1512,sitka-spruce,4.12,9.56,44,30,18.56,14.11,1.08,76.0,0.1909,8.5446,crowded,0.6309,19.31,high,1,0
Y10,P1513,sitka-spruce,5.60,10.04,53,30,20.94,15.81,1.20,75.5,0.2721,8.0146,crowded,0.6158,19.10,high,1,0
Y10,P1514,sitka-spruce,8.25,10.43,53,30,23.37,16.63,1.27,71.2,0.3566,8.4662,crowded,0.6287,18.00,high,1,0
Y10,P1515,sitka-spruce,9.73,9.99,45,30,22.09,16.48,1.18,74.6,0.3156,9.2906,crowded,0.6501,19.26,high,1,1
Y10,P1516,sitka-spruce,12.39,10.39,54,30,17.97,13.84,0.95,77.0,0.1755,11.5497,crowded,0.6979,19.89,high,1,0
Y10,P1517,sitka-spruce,13.87,9.96,46,30,15.68,13.12,0.84,83.7,0.1267,12.6562,crowded,0.7168,21.72,high,1,0
Y10,P1518,sitka-spruce,16.35,9.76,47,30,14.84,12.15,0.84,81.9,0.1051,11.6769,crowded,0.7002,20.68,high,1,0
Y10,P1519,sitka-spruce,17.83,10.23,55,30,15.70,12.92,0.91,82.3,0.1251,10.1988,crowded,0.6710,20.96,high,1,0
Y10,P1520,sitka-spruce,19.40,10.14,55,30,19.57,14.63,1.19,74.7,0.2201,7.1128,crowded,0.5872,19.05,high,1,0
Y10,P1600,sitka-spruce,-19.40,11.81,48,30,21.34,15.60,1.33,73.1,0.2790,6.0973,crowded,0.5494,18.38,high,1,0
Y10,P1601,sitka-spruce,-17.59,12.28,48,30,16.35,12.91,0.92,79.0,0.1355,10.5655,crowded,0.6788,19.86,high,1,0
Y10,P1602,sitka-spruce,-15.84,11.77,48,30,13.00,11.89,0.72,91.5,0.0789,14.7363,crowded,0.7467,23.00,high,1,0
Y10,P1603,sitka-spruce,-14.36,12.24,49,30,12.16,10.96,0.66,90.1,0.0636,16.7847,crowded,0.7705,23.52,high,1,0
Y10,P1604,sitka-spruce,-12.24,11.89,49,30,15.01,12.71,0.82,84.6,0.1125,12.9414,crowded,0.7213,22.09,high,1,0
Y10,P1605,sitka-spruce,-9.86,12.36,50,30,20.61,14.78,1.14,71.7,0.2464,9.0043,crowded,0.6430,18.98,high,1,0
Y10,P1606,sitka-spruce,-8.11,11.85,50,30,23.91,16.70,1.40,69.8,0.3749,6.6482,crowded,0.5707,18.49,high,1,1
Y10,P1613,sitka-spruce,5.93,11.74,53,30,22.61,15.83,1.26,70.0,0.3180,8.0902,crowded,0.6180,17.71,high,1,0
Y10,P1614,sitka-spruce,7.81,12.09,53,30,24.79,17.03,1.35,68.7,0.4109,8.0624,crowded,0.6172,17.38,high,1,1
Y10,P1615,sitka-spruce,10.33,11.62,54,30,22.96,16.76,1.23,73.0,0.3470,9.0261,crowded,0.6435,18.85,high,1,0
Y10,P1616,sitka-spruce,11.68,12.13,54,30,20.15,14.92,1.06,74.1,0.2379,10.6337,crowded,0.6802,19.14,high,1,0
Y10,P1617,sitka-spruce,14.20,11.66,54,30,14.88,12.87,0.80,86.5,0.1119,13.3532,crowded,0.7276,22.35,high,1,0
Y10,P1618,sitka-spruce,15.91,12.33,55,30,13.60,12.15,0.76,89.3,0.0882,13.4238,crowded,0.7286,22.77,high,1,0
Y10,P1619,sitka-spruce,18.43,11.85,55,30,16.69,13.03,0.96,78.1,0.1426,9.7739,crowded,0.6616,19.90,high,1,0
Y10,P1620,sitka-spruce,19.40,11.81,55,30,18.67,14.09,1.12,75.5,0.1928,7.7129,crowded,0.6067,19.25,high,1,0
Y10,P1700,sitka-spruce,-19.40,13.96,48,30,21.88,15.71,1.36,71.8,0.2954,6.0174,crowded,0.5462,18.05,high,1,0
Y10,P1701,sitka-spruce,-17.61,14.39,48,30,17.98,13.64,1.03,75.9,0.1733,9.3070,crowded,0.6505,19.07,high,1,0
Y10,P1702,sitka-spruce,-15.99,13.92,48,30,15.03,12.65,0.83,84.1,0.1122,12.3832,crowded,0.7124,21.14,high,1,0
Y10,P1703,sitka-spruce,-14.38,14.35,49,30,14.73,12.12,0.80,82.3,0.1033,13.4213,crowded,0.7286,21.47,high,1,0
Y10,P1704,sitka-spruce,-12.39,14.04,49,30,16.29,13.16,0.88,80.8,0.1371,12.1061,crowded,0.7077,21.08,high,1,0
Y10,P1705,sitka-spruce,-9.87,13.57,50,30,21.15,15.09,1.15,71.4,0.2651,9.2497,crowded,0.6491,18.89,high,1,0
Y10,P1706,sitka-spruce,-8.26,14.00,50,30,23.62,16.46,1.35,69.7,0.3606,7.2121,crowded,0.5906,18.44,high,1,0
Y10,P1707,sitka-spruce,-5.74,14.43,50,30,23.38,16.85,1.37,72.0,0.3618,6.7443,crowded,0.5743,19.07,high,1,0
Y10,P1708,sitka-spruce,-3.59,13.80,51,30,20.91,14.88,1.27,71.2,0.2554,6.6566,crowded,0.5711,26.85,high,1,0
Y10,P1709,sitka-spruce,-1.97,14.23,51,30,17.89,14.02,1.08,78.4,0.1762,7.8978,crowded,0.6123,29.57,high,1,0
Y10,P1710,sitka-spruce,-0.09,14.32,51,30,16.01,13.03,0.95,81.4,0.1311,9.1902,crowded,0.6476,30.71,high,1,0
Y10,P1712,sitka-spruce,3.77,14.36,52,30,18.60,14.62,1.05,78.6,0.1986,9.1798,crowded,0.6474,39.83,high,1,0
Y10,P1713,sitka-spruce,6.16,13.93,53,30,22.59,16.15,1.24,71.5,0.3237,8.4852,crowded,0.6292,18.08,high,1,0
Y10,P1714,sitka-spruce,7.64,14.40,53,30,23.54,16.42,1.27,69.7,0.3573,8.6813,crowded,0.6345,17.64,high,1,0
Y10,P1715,sitka-spruce,10.02,13.97,54,30,23.14,16.65,1.25,71.9,0.3501,8.6999,crowded,0.6350,18.59,high,1,0
Y10,P1716,sitka-spruce,12.41,14.44,54,30,19.00,14.31,1.01,75.3,0.2027,10.8906,crowded,0.6853,19.46,high,1,0
Y10,P1717,sitka-spruce,13.89,14.01,54,30,16.33,13.43,0.87,82.2,0.1407,12.4464,crowded,0.7134,21.25,high,1,0
Y10,P1718,sitka-spruce,16.44,14.16,55,30,13.74,11.52,0.78,83.9,0.0854,12.5908,crowded,0.7158,21.37,high,1,0
Y10,P1719,sitka-spruce,17.92,13.73,55,30,14.86,12.44,0.85,83.8,0.1079,11.1485,crowded,0.6904,21.35,high,1,0
Y10,P1720,sitka-spruce,19.40,13.78,55,30,18.14,13.33,1.10,73.5,0.1723,7.6190,crowded,0.6038,18.73,high,1,0
Y10,P1800,sitka-spruce,-19.40,16.24,56,30,20.98,14.45,1.31,68.9,0.2497,6.1453,crowded,0.5514,17.27,high,1,0
Y10,P1801,sitka-spruce,-17.81,15.81,56,30,19.39,14.38,1.13,74.1,0.2122,8.1708,crowded,0.6204,18.60,high,1,0
Y10,P1802,sitka-spruce,-16.33,16.28,56,30,18.77,13.90,1.06,74.0,0.1923,9.2870,crowded,0.6500,18.57,high,1,0
Y10,P1803,sitka-spruce,-13.94,15.85,57,30,17.65,13.86,0.98,78.5,0.1695,10.3445,crowded,0.6741,19.88,high,1,0
Y10,P1804,sitka-spruce,-11.92,16.16,57,30,18.88,14.20,1.04,75.2,0.1988,9.9540,crowded,0.6656,19.05,high,1,0
Y10,P1805,sitka-spruce,-10.44,15.73,57,30,19.87,15.13,1.10,76.2,0.2345,9.3704,crowded,0.6521,19.29,high,1,0
Y10,P1806,sitka-spruce,-8.06,16.20,58,30,21.00,15.27,1.20,72.7,0.2644,7.9718,crowded,0.6145,18.53,high,1,0
Y10,P1807,sitka-spruce,-5.67,15.77,58,30,21.62,16.01,1.24,74.1,0.2939,7.6539,crowded,0.6049,18.88,high,1,0
Y10,P1808,sitka-spruce,-3.66,16.09,59,30,20.35,15.04,1.18,73.9,0.2446,7.8060,crowded,0.6096,18.85,high,1,0
Y10,P1809,sitka-spruce,-2.17,15.65,59,30,19.19,13.81,1.13,71.9,0.1996,7.9735,crowded,0.6146,18.36,high,1,0
Y10,P1810,sitka-spruce,0.23,15.70,60,30,17.30,13.25,1.01,76.6,0.1557,9.0178,crowded,0.6433,19.37,high,1,0
Y10,P1811,sitka-spruce,1.84,16.13,60,30,18.11,14.32,1.04,79.1,0.1844,9.0568,crowded,0.6443,19.99,high,1,0
Y10,P1812,sitka-spruce,4.36,15.66,60,30,19.18,14.15,1.08,73.8,0.2045,9.0495,crowded,0.6441,18.65,high,1,0
Y10,P1813,sitka-spruce,5.98,16.09,61,30,20.07,15.27,1.11,76.1,0.2415,9.1793,crowded,0.6474,19.28,high,1,0
Y10,P1814,sitka-spruce,7.59,15.62,61,30,21.18,15.17,1.14,71.6,0.2672,9.5433,crowded,0.6562,18.16,high,1,0
Y10,P1815,sitka-spruce,10.11,16.05,62,30,20.28,15.24,1.12,75.2,0.2463,9.2442,crowded,0.6490,18.95,high,1,0
Y10,P1816,sitka-spruce,11.73,15.58,62,30,19.30,15.15,1.03,78.5,0.2216,10.6408,crowded,0.6803,19.80,high,1,0
Y10,P1817,sitka-spruce,14.25,16.01,62,30,17.80,13.85,0.98,77.8,0.1723,10.5061,crowded,0.6775,19.62,high,1,0
Y10,P1818,sitka-spruce,15.86,16.44,63,30,18.54,14.38,1.06,77.5,0.1942,9.0787,crowded,0.6449,19.48,high,1,0
Y10,P1819,sitka-spruce,18.38,15.97,63,30,18.72,13.89,1.10,74.2,0.1913,8.1551,crowded,0.6199,18.64,high,1,0
Y10,P1820,sitka-spruce,19.40,16.06,63,30,19.15,14.44,1.18,75.4,0.2080,6.9351,crowded,0.5811,18.94,high,1,0
Y10,P1900,sitka-spruce,-19.40,17.59,56,30,19.72,14.58,1.22,73.9,0.2227,6.5762,crowded,0.5681,18.55,high,1,0
Y10,P1901,sitka-spruce,-18.05,18.02,56,30,20.29,14.55,1.22,71.7,0.2352,7.1209,crowded,0.5875,17.99,high,1,0
Y10,P1902,sitka-spruce,-15.80,17.63,56,30,20.63,15.55,1.17,75.4,0.2598,8.3750,crowded,0.6262,18.91,high,1,0
Y10,P1903,sitka-spruce,-14.19,18.06,57,30,21.59,15.55,1.24,72.0,0.2846,7.7753,crowded,0.6086,18.24,high,1,0
Y10,P1904,sitka-spruce,-12.30,18.41,57,30,20.99,14.82,1.20,70.6,0.2564,8.1118,crowded,0.6187,17.87,high,1,0
Y10,P1905,sitka-spruce,-9.78,17.94,58,30,18.82,14.26,1.09,75.8,0.1983,8.4016,crowded,0.6269,19.31,high,1,0
Y10,P1906,sitka-spruce,-8.44,17.55,58,30,18.43,13.70,1.05,74.3,0.1827,9.1662,crowded,0.6470,18.94,high,1,0
Y10,P1907,sitka-spruce,-5.92,17.98,58,30,17.83,13.92,1.04,78.1,0.1737,8.7576,crowded,0.6366,19.89,high,1,0
Y10,P1908,sitka-spruce,-4.20,17.75,59,30,19.00,13.82,1.11,72.8,0.1960,8.1198,crowded,0.6189,18.56,high,1,0
Y10,P1909,sitka-spruce,-1.68,18.18,59,30,21.05,15.42,1.25,73.2,0.2684,7.1888,crowded,0.5898,18.69,high,1,0
Y10,P1910,sitka-spruce,0.37,17.95,60,30,21.70,15.86,1.27,73.1,0.2933,7.3097,crowded,0.5938,18.48,high,1,0
Y10,P1911,sitka-spruce,1.85,18.42,60,30,22.05,15.51,1.26,70.3,0.2962,7.6348,crowded,0.6043,17.78,high,1,0
Y10,P1912,sitka-spruce,3.60,17.91,60,30,20.46,15.10,1.19,73.8,0.2481,7.7885,crowded,0.6090,18.66,high,1,0
Y10,P1913,sitka-spruce,5.98,18.38,61,30,18.19,13.39,1.05,73.6,0.1739,8.8387,crowded,0.6387,18.65,high,1,0
Y10,P1914,sitka-spruce,8.10,18.03,61,30,17.50,13.16,0.99,75.2,0.1582,9.8714,crowded,0.6638,19.06,high,1,0
Y10,P1915,sitka-spruce,9.58,17.60,61,30,18.42,14.08,1.03,76.4,0.1876,9.4889,crowded,0.6549,19.36,high,1,0
Y10,P1916,sitka-spruce,12.23,17.99,62,30,19.69,15.13,1.11,76.8,0.2304,8.7265,crowded,0.6357,19.37,high,1,0
Y10,P1917,sitka-spruce,13.71,17.56,62,30,20.33,14.84,1.15,73.0,0.2409,8.5190,crowded,0.6302,18.41,high,1,0
Y10,P1918,sitka-spruce,15.83,18.11,63,30,22.13,15.42,1.31,69.7,0.2966,6.9756,crowded,0.5825,17.50,high,1,0
Y10,P1919,sitka-spruce,18.21,17.67,63,30,21.04,15.20,1.27,72.3,0.2641,6.7176,crowded,0.5733,18.16,high,1,0
Y10,P1920,sitka-spruce,19.40,17.59,63,30,19.85,14.72,1.23,74.2,0.2278,6.5662,crowded,0.5677,18.64,high,1,0
Y10,P2000,sitka-spruce,-19.40,19.40,56,30,20.59,14.40,1.38,69.9,0.2397,4.8343,crowded,0.4916,17.54,high,1,0
Y10,P2001,sitka-spruce,-18.15,19.40,56,30,20.55,14.19,1.30,69.1,0.2353,5.9389,crowded,0.5429,17.33,high,1,0
Y10,P2002,sitka-spruce,-15.90,19.40,56,30,23.36,16.33,1.45,69.9,0.3499,5.6881,crowded,0.5322,17.53,high,1,0
Y10,P2003,sitka-spruce,-14.28,19.40,57,30,23.63,16.12,1.43,68.2,0.3534,6.1057,crowded,0.5498,17.27,high,1,1
Y10,P2004,sitka-spruce,-12.03,19.40,57,30,21.43,15.67,1.27,73.1,0.2825,6.9977,crowded,0.5833,18.52,high,1,0
Y10,P2005,sitka-spruce,-10.42,19.40,57,30,18.86,13.87,1.14,73.6,0.1938,7.4854,crowded,0.5995,18.63,high,1,0
Y10,P2006,sitka-spruce,-8.17,19.40,58,30,15.84,12.96,0.97,81.8,0.1278,8.3908,crowded,0.6266,20.84,high,1,0
Y10,P2007,sitka-spruce,-5.65,19.40,58,30,15.98,12.59,0.98,78.8,0.1263,8.4707,crowded,0.6288,20.07,high,1,0
Y10,P2008,sitka-spruce,-4.13,19.40,59,30,18.04,13.93,1.12,77.2,0.1781,7.1740,crowded,0.5893,19.70,high,1,0
Y10,P2009,sitka-spruce,-1.61,19.40,59,30,22.13,15.54,1.36,70.2,0.2989,6.0632,crowded,0.5481,17.92,high,1,0
Y10,P2010,sitka-spruce,0.27,19.40,60,30,24.11,16.67,1.47,69.1,0.3805,5.8610,crowded,0.5396,17.48,high,1,0
Y10,P2011,sitka-spruce,1.75,19.40,60,30,23.62,16.94,1.42,71.7,0.3712,6.2767,crowded,0.5566,18.13,high,1,0
Y10,P2012,sitka-spruce,4.40,19.40,60,30,20.23,14.53,1.23,71.8,0.2334,6.7745,crowded,0.5754,18.16,high,1,0
Y10,P2013,sitka-spruce,5.88,19.40,61,30,17.56,13.76,1.04,78.3,0.1667,8.3403,crowded,0.6252,19.86,high,1,0
Y10,P2014,sitka-spruce,7.63,19.40,61,30,15.80,12.87,0.96,81.5,0.1262,8.7901,crowded,0.6374,20.65,high,1,0
Y10,P2015,sitka-spruce,10.02,19.40,62,30,16.78,12.66,1.03,75.5,0.1400,7.8160,crowded,0.6099,19.03,high,1,0
Y10,P2016,sitka-spruce,11.77,19.40,62,30,19.29,14.41,1.17,74.7,0.2107,7.2517,crowded,0.5919,18.83,high,1,0
Y10,P2017,sitka-spruce,14.15,19.40,62,30,23.11,15.66,1.42,67.8,0.3285,5.8885,crowded,0.5408,17.09,high,1,0
Y10,P2018,sitka-spruce,15.73,19.40,63,30,24.25,17.08,1.51,70.4,0.3943,5.4265,crowded,0.5205,17.70,high,1,1
Y10,P2019,sitka-spruce,18.11,19.40,63,30,23.12,15.72,1.49,68.0,0.3301,5.0097,crowded,0.5005,17.09,high,1,0
Y10,P2020,sitka-spruce,19.40,19.40,63,30,23.50,15.93,1.59,67.8,0.3453,4.2066,crowded,0.4569,17.03,high,1,0
