source,sha256,width,height,delivered,scope
Build/UnderstoreyRecruitment/evidence/cleared-patch.png,f97fedf91822aae111b352f51b9792f99021098c46b5b3fd2e8fafaf966305a7,1920,1080,Docs/Research/ScenarioOneAssets/Evidence/cleared-patch.jpg,synthetic audit world; capture execution is not visual adequacy or FPS proof
Build/UnderstoreyRecruitment/evidence/deadwood.png,7d20fa92348b4f297c8b687f40d93c5003abe54dc97ff1eab7d302172fb5a0e0,1920,1080,Docs/Research/ScenarioOneAssets/Evidence/deadwood.jpg,synthetic audit world; capture execution is not visual adequacy or FPS proof
Build/UnderstoreyRecruitment/evidence/heavy-understorey.png,0fdb657b043ee354c767c7152ba965b2b0a35ebdb88a9ba7e8a8299019d5176b,1920,1080,Docs/Research/ScenarioOneAssets/Evidence/heavy-understorey.jpg,synthetic audit world; capture execution is not visual adequacy or FPS proof
Build/UnderstoreyRecruitment/evidence/inspection.png,35d111bad35624e09e2463402e4d63a8050dc0eb6bbf9fee94b9ba021da7dcd2,1920,1080,Docs/Research/ScenarioOneAssets/Evidence/inspection.jpg,synthetic audit world; capture execution is not visual adequacy or FPS proof
Build/UnderstoreyRecruitment/evidence/isolated-natural-beech.png,390965cf8ff34a623155b6d15f0d5efb88375321939dd9768c3d7c25d8d7c251,1920,1080,Docs/Research/ScenarioOneAssets/Evidence/isolated-natural-beech.jpg,synthetic audit world; capture execution is not visual adequacy or FPS proof
Build/UnderstoreyRecruitment/evidence/isolated-natural-sessile-oak.png,da2d0d4e8ef5ddfa4845c607b4cd8d6588283544012734a771dbbe5d5932cad3,1920,1080,Docs/Research/ScenarioOneAssets/Evidence/isolated-natural-sessile-oak.jpg,synthetic audit world; capture execution is not visual adequacy or FPS proof
Build/UnderstoreyRecruitment/evidence/isolated-natural-sitka-spruce.png,a5d4c04753bcab24584d099f59df380103f5917f078aa2b627cea240652e5d36,1920,1080,Docs/Research/ScenarioOneAssets/Evidence/isolated-natural-sitka-spruce.jpg,synthetic audit world; capture execution is not visual adequacy or FPS proof
Build/UnderstoreyRecruitment/evidence/isolated-planted-beech.png,a80517a87ab23861d53773ce1c1b1dcc6bb99edce19365a47ec4d44e84084cf9,1920,1080,Docs/Research/ScenarioOneAssets/Evidence/isolated-planted-beech.jpg,synthetic audit world; capture execution is not visual adequacy or FPS proof
Build/UnderstoreyRecruitment/evidence/isolated-planted-sessile-oak.png,1cf3212d99942e0ab41940d0769d6fc7bf7359d9e6b0eec2fe343a106ccb0f3c,1920,1080,,synthetic audit world; capture execution is not visual adequacy or FPS proof
Build/UnderstoreyRecruitment/evidence/juvenile-patch.png,d08de370c99cfafe351973e3f5c154de54694f44e9fb56933cdfbef0d375ee3f,1920,1080,,synthetic audit world; capture execution is not visual adequacy or FPS proof
Build/UnderstoreyRecruitment/evidence/map-1280.png,ab60776b5b299d177a93cfa830c5ba15c52aea9d6e878e5cb932c3307fcf4ce3,1280,720,Docs/Research/ScenarioOneAssets/Evidence/map-1280.jpg,synthetic audit world; capture execution is not visual adequacy or FPS proof
Build/UnderstoreyRecruitment/evidence/map-1600.png,11f804b66c5765f917ca85179362d07231bef41cea86478da48ea7463b26f34e,1600,900,,synthetic audit world; capture execution is not visual adequacy or FPS proof
Build/UnderstoreyRecruitment/evidence/map-1920.png,f85c0fa1de2945b2b8b272395f57f35545a08863d0a561c9c36a57347d5946fb,1920,1080,,synthetic audit world; capture execution is not visual adequacy or FPS proof
Build/UnderstoreyRecruitment/evidence/plantation-1280.png,748f48709f66290a8b028ff5fa66ce1f3545d2d40576a31a09cc14be37d1c707,1280,720,Docs/Research/ScenarioOneAssets/Evidence/plantation-1280.jpg,synthetic audit world; capture execution is not visual adequacy or FPS proof
Build/UnderstoreyRecruitment/evidence/plantation-1600.png,cf361d2236aa3c36b5e3c601ef59b1f905f98573764da1e3d420f1f694d7b55d,1600,900,,synthetic audit world; capture execution is not visual adequacy or FPS proof
Build/UnderstoreyRecruitment/evidence/plantation-1920.png,def745a5b225ccec2f1bb616c1bf73d6a2b62fe2b1ca93ceaba879f5a0f2998c,1920,1080,,synthetic audit world; capture execution is not visual adequacy or FPS proof
Build/UnderstoreyRecruitment/evidence/review-1280.png,e828ca3e13ff639c6204fec96866ee34277b91b56b5498e805ab60bd06ec04c3,1280,720,,synthetic audit world; capture execution is not visual adequacy or FPS proof
Build/UnderstoreyRecruitment/evidence/review-1600.png,052c2f9cdc7cbbdebc81c3a4a69df5265903e80f786e1f00fceec58a42252646,1600,900,,synthetic audit world; capture execution is not visual adequacy or FPS proof
Build/UnderstoreyRecruitment/evidence/review-1920.png,74dc7a3cb509c752bdbd04d8b36d81977833fe04419afc525918d7cd72228f0a,1920,1080,,synthetic audit world; capture execution is not visual adequacy or FPS proof
Build/UnderstoreyRecruitment/evidence/thinned-area.png,e131b6872b65b648d9d4991ef885ed14a6d7a2c86384d960694f0237d143dae6,1920,1080,Docs/Research/ScenarioOneAssets/Evidence/thinned-area.jpg,synthetic audit world; capture execution is not visual adequacy or FPS proof
Build/UnderstoreyRecruitment/evidence/workplan-1280.png,603d5010199c7fc76fcd3af9c6827b2c32c224ca86acb0a12445aabec807563d,1280,720,Docs/Research/ScenarioOneAssets/Evidence/workplan-1280.jpg,synthetic audit world; capture execution is not visual adequacy or FPS proof
Build/UnderstoreyRecruitment/evidence/workplan-1600.png,56cd6fb322272e27da51889e893f0e3fa9b4f2cbadfbb3ba17c8fca8376a0d3f,1600,900,,synthetic audit world; capture execution is not visual adequacy or FPS proof
Build/UnderstoreyRecruitment/evidence/workplan-1920.png,cf090924970e0056bd3fdf36e09fddd7582a0a4da9b65eee817b44125754dc16,1920,1080,,synthetic audit world; capture execution is not visual adequacy or FPS proof
