adults,model,repeat,annual_ms,natural_bands,exact_planted,patches,simulation_only
336,1,0,61.811400000000006,192,30,0,True
336,2,0,38.971900000000005,192,30,0,True
336,2,1,37.1024,192,30,0,True
336,1,1,36.492200000000004,192,30,0,True
336,1,2,36.452200000000005,192,30,0,True
336,2,2,36.4585,192,30,0,True
336,2,3,37.1184,192,30,0,True
336,1,3,36.197900000000004,192,30,0,True
336,1,0,35.8534,192,30,12,True
336,2,0,37.3487,192,30,12,True
336,2,1,36.726400000000005,192,30,12,True
336,1,1,36.6426,192,30,12,True
336,1,2,36.0212,192,30,12,True
336,2,2,37.352900000000005,192,30,12,True
336,2,3,36.8692,192,30,12,True
336,1,3,37.0707,192,30,12,True
1300,1,0,290.69460000000004,192,30,0,True
1300,2,0,273.7386,192,30,0,True
1300,2,1,275.9919,192,30,0,True
1300,1,1,266.21250000000003,192,30,0,True
1300,1,2,265.4285,192,30,0,True
1300,2,2,262.4133,192,30,0,True
1300,2,3,268.909,192,30,0,True
1300,1,3,270.6922,192,30,0,True
1300,1,0,271.13190000000003,192,30,12,True
1300,2,0,269.17220000000003,192,30,12,True
1300,2,1,263.1633,192,30,12,True
1300,1,1,268.3219,192,30,12,True
1300,1,2,267.3798,192,30,12,True
1300,2,2,267.7328,192,30,12,True
1300,2,3,264.387,192,30,12,True
1300,1,3,265.6175,192,30,12,True
3000,1,0,739.0411,192,30,0,True
3000,2,0,745.9255,192,30,0,True
3000,2,1,741.1171,192,30,0,True
3000,1,1,745.00510000000008,192,30,0,True
3000,1,2,731.13060000000007,192,30,0,True
3000,2,2,751.2681,192,30,0,True
3000,2,3,738.83220000000006,192,30,0,True
3000,1,3,732.36430000000007,192,30,0,True
3000,1,0,750.6661,192,30,12,True
3000,2,0,733.5689,192,30,12,True
3000,2,1,740.48,192,30,12,True
3000,1,1,731.5401,192,30,12,True
3000,1,2,738.0399,192,30,12,True
3000,2,2,754.8939,192,30,12,True
3000,2,3,737.2068,192,30,12,True
3000,1,3,740.4184,192,30,12,True
5000,1,0,1460.0949,192,30,0,True
5000,2,0,1476.8327000000002,192,30,0,True
5000,2,1,1459.0565000000001,192,30,0,True
5000,1,1,1466.354,192,30,0,True
5000,1,2,1457.0215,192,30,0,True
5000,2,2,1480.2762,192,30,0,True
5000,2,3,1462.9542000000001,192,30,0,True
5000,1,3,1450.9397000000001,192,30,0,True
5000,1,0,1454.3557,192,30,12,True
5000,2,0,1465.4859000000001,192,30,12,True
5000,2,1,1473.1919,192,30,12,True
5000,1,1,1450.8214,192,30,12,True
5000,1,2,1447.5215,192,30,12,True
5000,2,2,1461.0548000000001,192,30,12,True
5000,2,3,1481.3331,192,30,12,True
5000,1,3,1467.8093000000001,192,30,12,True
